dataset_name,scenario_id,outer_fold,source_rows,target_rows,raw_features,encoded_features,source_has_nan,target_has_nan,source_all_finite,target_all_finite,preprocessor_config_hash,split_hash
iris,default,0,120,30,4,4,False,False,True,True,24be894535e08172baa093ce6083ec69f3ac71f616a9f1de2f708cc8b76c64cb,23e02bbfc3b7fb7ff50f06ef474eba810d108d82273ebf7c39a1e186b905dc05
iris,default,1,120,30,4,4,False,False,True,True,24be894535e08172baa093ce6083ec69f3ac71f616a9f1de2f708cc8b76c64cb,9d76b37799c033d61ef3557f25bebe61734e3b2c3a1eeed96c0e15a668322cd6
iris,default,2,120,30,4,4,False,False,True,True,24be894535e08172baa093ce6083ec69f3ac71f616a9f1de2f708cc8b76c64cb,e6b662b19bb18ae5683f008a1a4c1fc873da2db3486771e50b8bee800a973894
iris,default,3,120,30,4,4,False,False,True,True,24be894535e08172baa093ce6083ec69f3ac71f616a9f1de2f708cc8b76c64cb,71d78ef6ef6c76dbc7d8d7eb9fb9ab005128752a5a09996c844ef04bc0d66b29
iris,default,4,120,30,4,4,False,False,True,True,24be894535e08172baa093ce6083ec69f3ac71f616a9f1de2f708cc8b76c64cb,371159e239dcec3a2866b570f35008d028225791d2314e45c3edbe64ead3fce9
wine,default,0,142,36,13,13,False,False,True,True,24be894535e08172baa093ce6083ec69f3ac71f616a9f1de2f708cc8b76c64cb,80d02b8bea69d8ea04f92c5cd1c851d3f11bea2aeb183bf345f81f54f966eafc
wine,default,1,142,36,13,13,False,False,True,True,24be894535e08172baa093ce6083ec69f3ac71f616a9f1de2f708cc8b76c64cb,aaecc5b52a46bcb18fd30c4376c2ccc1a5ed103606f85f5ba63254d509cea65f
wine,default,2,142,36,13,13,False,False,True,True,24be894535e08172baa093ce6083ec69f3ac71f616a9f1de2f708cc8b76c64cb,fa45b90d3222efda10c48ea3bdf3f8c90d2752f0ec8b6112294705b1177e760b
wine,default,3,143,35,13,13,False,False,True,True,24be894535e08172baa093ce6083ec69f3ac71f616a9f1de2f708cc8b76c64cb,1daec31cb99922e052b91f6f24a370221a7043ff150db6027eed486f294f15dd
wine,default,4,143,35,13,13,False,False,True,True,24be894535e08172baa093ce6083ec69f3ac71f616a9f1de2f708cc8b76c64cb,47b2219261d1cecd72cdcccd5916f263a90a534317760432293b3bfad54d8158
seeds,default,0,168,42,7,7,False,False,True,True,24be894535e08172baa093ce6083ec69f3ac71f616a9f1de2f708cc8b76c64cb,9806858aab602c32f521449461c4976ae3950b6cefa2cb917eb5875ca0519ea1
seeds,default,1,168,42,7,7,False,False,True,True,24be894535e08172baa093ce6083ec69f3ac71f616a9f1de2f708cc8b76c64cb,a7a33acc17d9c46db43fbb410863d908fd5bfc2bf988c84df26d3d84686bf924
seeds,default,2,168,42,7,7,False,False,True,True,24be894535e08172baa093ce6083ec69f3ac71f616a9f1de2f708cc8b76c64cb,bedd58c3728fa9cfe4c492e21e69bf410e2c13d6b7abee2cc73d919c7d01f0bf
seeds,default,3,168,42,7,7,False,False,True,True,24be894535e08172baa093ce6083ec69f3ac71f616a9f1de2f708cc8b76c64cb,7fb476cd76d1d0ba8d431737fdf3b31a5d6a004122aeacd95583502d4d51df0d
seeds,default,4,168,42,7,7,False,False,True,True,24be894535e08172baa093ce6083ec69f3ac71f616a9f1de2f708cc8b76c64cb,deeb6f821f0110437053bb1a20ad081def7c309c22a1212df3fbe63fc6dc140d
glass,default,0,171,43,9,9,False,False,True,True,24be894535e08172baa093ce6083ec69f3ac71f616a9f1de2f708cc8b76c64cb,60b1e40982ce588f42063b442ead1cc10fe7fa81e55e7743276460e9542ccfbe
glass,default,1,171,43,9,9,False,False,True,True,24be894535e08172baa093ce6083ec69f3ac71f616a9f1de2f708cc8b76c64cb,c637ac39a69257c63db7f3d5fe53fa561a64c8dcf363c461914b86029498f8d3
glass,default,2,171,43,9,9,False,False,True,True,24be894535e08172baa093ce6083ec69f3ac71f616a9f1de2f708cc8b76c64cb,b8d47a26ecf742ad86bdb75d818f4f25657d127b3a68bb8cf49b9bdf49f8f238
glass,default,3,171,43,9,9,False,False,True,True,24be894535e08172baa093ce6083ec69f3ac71f616a9f1de2f708cc8b76c64cb,469d7d2a88d97f0b6040e95ed9810c434ba0ffc80a6c6e2e1c4385df56bcfb4e
glass,default,4,172,42,9,9,False,False,True,True,24be894535e08172baa093ce6083ec69f3ac71f616a9f1de2f708cc8b76c64cb,547ed5c7acf9a6c631fc8df175744c1ca8ede6df70bfa1ad8d4054ec935b39b4
ecoli,default,0,268,68,7,7,False,False,True,True,24be894535e08172baa093ce6083ec69f3ac71f616a9f1de2f708cc8b76c64cb,248f3b870d5069504aa9b12bb97c636778bc9dd4dd3d09383edabbf67b7fc9f8
ecoli,default,1,269,67,7,7,False,False,True,True,24be894535e08172baa093ce6083ec69f3ac71f616a9f1de2f708cc8b76c64cb,f532bd11f1c9c5ea798209ce5c2e1568bb7d7f14eaac1c7ed1e82f877cdf7bd2
ecoli,default,2,269,67,7,7,False,False,True,True,24be894535e08172baa093ce6083ec69f3ac71f616a9f1de2f708cc8b76c64cb,61359622c4e9ccb62d10efbc61b575385c6bf263c620bce7492445926fe173e7
ecoli,default,3,269,67,7,7,False,False,True,True,24be894535e08172baa093ce6083ec69f3ac71f616a9f1de2f708cc8b76c64cb,8da42e20547dba2979f034db02541966cef936901db23e51a91a85944bb6e76c
ecoli,default,4,269,67,7,7,False,False,True,True,24be894535e08172baa093ce6083ec69f3ac71f616a9f1de2f708cc8b76c64cb,4e775ae8c7bf921dae185602c69bc952fc0bce20553fc7abbc82a00ed17061a4
yeast,default,0,1187,297,8,8,False,False,True,True,24be894535e08172baa093ce6083ec69f3ac71f616a9f1de2f708cc8b76c64cb,959ed8540c206c265d25f3495ba380bd2eb878cd08f0c3488b5469aa4b87ea60
yeast,default,1,1187,297,8,8,False,False,True,True,24be894535e08172baa093ce6083ec69f3ac71f616a9f1de2f708cc8b76c64cb,a507d4cbd4579c55817e0f0e5fa014d5427fa335d4f6a9765bf99093d086894a
yeast,default,2,1187,297,8,8,False,False,True,True,24be894535e08172baa093ce6083ec69f3ac71f616a9f1de2f708cc8b76c64cb,ee9b9edfcb8d6e2fed5a4077af93e2db3e14536674932071a8b66f5d02fd102b
yeast,default,3,1187,297,8,8,False,False,True,True,24be894535e08172baa093ce6083ec69f3ac71f616a9f1de2f708cc8b76c64cb,dc37b9699e48367c388518e39b6d50841c6ae5ca959a1e851d8bd8500b9d997c
yeast,default,4,1188,296,8,8,False,False,True,True,24be894535e08172baa093ce6083ec69f3ac71f616a9f1de2f708cc8b76c64cb,20c0ab83d5478861f235bb0c20a17dfc86d8153680e9b19d155131b45b707479
vehicle_silhouettes,default,0,676,170,18,18,False,False,True,True,24be894535e08172baa093ce6083ec69f3ac71f616a9f1de2f708cc8b76c64cb,9d70af99097f7b3e28f853f6db8eeafa65d26f5b71a1fb2b7c57da362ff61f13
vehicle_silhouettes,default,1,677,169,18,18,False,False,True,True,24be894535e08172baa093ce6083ec69f3ac71f616a9f1de2f708cc8b76c64cb,f874b7e428bd9684b21fadd2ed61eb63983cfb29bdc235cd62b2db356f085583
vehicle_silhouettes,default,2,677,169,18,18,False,False,True,True,24be894535e08172baa093ce6083ec69f3ac71f616a9f1de2f708cc8b76c64cb,d55595770d8544c7d93992fab16d2cbc23f86e1835075bf0fb7403073352e9ef
vehicle_silhouettes,default,3,677,169,18,18,False,False,True,True,24be894535e08172baa093ce6083ec69f3ac71f616a9f1de2f708cc8b76c64cb,f7b302252d446bf64ecce58a2d48e60f759fd9f169c42f3009dcf0bd72ac828f
vehicle_silhouettes,default,4,677,169,18,18,False,False,True,True,24be894535e08172baa093ce6083ec69f3ac71f616a9f1de2f708cc8b76c64cb,82a4746c7204d53d4b4e0c40f158571930f8cca06e970ee608f8ab6d4758b3ba
image_segmentation,default,0,1848,462,18,18,False,False,True,True,24be894535e08172baa093ce6083ec69f3ac71f616a9f1de2f708cc8b76c64cb,2ce925cb57e09703f1fab1d84ab1ae6b9e0ed4493ea07482b61bdca9704f50c7
image_segmentation,default,1,1848,462,18,18,False,False,True,True,24be894535e08172baa093ce6083ec69f3ac71f616a9f1de2f708cc8b76c64cb,2182c565cb3d516c90973d2335bd554724bc76348d82b6b4b75f4e319a1887b5
image_segmentation,default,2,1848,462,18,18,False,False,True,True,24be894535e08172baa093ce6083ec69f3ac71f616a9f1de2f708cc8b76c64cb,96512d1aac7fbb545f444acb82d29214bd8dc4ab86a0b7f618ba3e2043fc266c
image_segmentation,default,3,1848,462,18,18,False,False,True,True,24be894535e08172baa093ce6083ec69f3ac71f616a9f1de2f708cc8b76c64cb,60a665f34cb6ae3f72ea07e485c3ff3b7cbd0a39bfb35cfcf78568bed87c559f
image_segmentation,default,4,1848,462,18,18,False,False,True,True,24be894535e08172baa093ce6083ec69f3ac71f616a9f1de2f708cc8b76c64cb,d8af77020c6475a82b6b3d21879a3f29bfb666bc42f055c809f664d1524e77aa
satimage,default,0,5144,1286,36,36,False,False,True,True,24be894535e08172baa093ce6083ec69f3ac71f616a9f1de2f708cc8b76c64cb,93e0952238acda2558b12138091341e3aea5f2bfd454167620bcaebebb27ce2e
satimage,default,1,5144,1286,36,36,False,False,True,True,24be894535e08172baa093ce6083ec69f3ac71f616a9f1de2f708cc8b76c64cb,80304d26301cd8bb921eabfc0063716455ac8fb553b460c18ff56f3c215c9eb4
satimage,default,2,5144,1286,36,36,False,False,True,True,24be894535e08172baa093ce6083ec69f3ac71f616a9f1de2f708cc8b76c64cb,17b96a570be217b1a6a624e57ac1457dc51ee42252cd87c806f8ff73add508f6
satimage,default,3,5144,1286,36,36,False,False,True,True,24be894535e08172baa093ce6083ec69f3ac71f616a9f1de2f708cc8b76c64cb,ba935774b971913d21069126bd625a40784879ba14a4ac7e69cc8ab078c5c128
satimage,default,4,5144,1286,36,36,False,False,True,True,24be894535e08172baa093ce6083ec69f3ac71f616a9f1de2f708cc8b76c64cb,db8d43a26f76f494722e87a2054e68f69e25595e2611e777348ff9ce85ec7e7f
pendigits,default,0,8793,2199,16,16,False,False,True,True,24be894535e08172baa093ce6083ec69f3ac71f616a9f1de2f708cc8b76c64cb,986781394321deda04825dbd5605d5b603be1517412ddc7b8fa237760dc80fb9
pendigits,default,1,8793,2199,16,16,False,False,True,True,24be894535e08172baa093ce6083ec69f3ac71f616a9f1de2f708cc8b76c64cb,a1ba91949475abd7d5d5a7f6e910b7984f24468ce95a67ecf577213dd562872d
pendigits,default,2,8794,2198,16,16,False,False,True,True,24be894535e08172baa093ce6083ec69f3ac71f616a9f1de2f708cc8b76c64cb,2fa1a899bd9703b5b8f69025f6112894f45810235e06e9edea9d9e89f33e4c8c
pendigits,default,3,8794,2198,16,16,False,False,True,True,24be894535e08172baa093ce6083ec69f3ac71f616a9f1de2f708cc8b76c64cb,7f9cacf18533b9ea314cd6011e816a9c9d45d7823c5ae3cd0d8ffbbc72074ead
pendigits,default,4,8794,2198,16,16,False,False,True,True,24be894535e08172baa093ce6083ec69f3ac71f616a9f1de2f708cc8b76c64cb,375c9421c2b0b9e9ca2cf6fa557bc88464f25d4aa45ecb20f1a6e9b844b96dff
optdigits,default,0,4496,1124,64,64,False,False,True,True,24be894535e08172baa093ce6083ec69f3ac71f616a9f1de2f708cc8b76c64cb,1d23e6e756bfef18576032464bed14d439f406337c47a40c819524dbccb63a5f
optdigits,default,1,4496,1124,64,64,False,False,True,True,24be894535e08172baa093ce6083ec69f3ac71f616a9f1de2f708cc8b76c64cb,3bded85f22992b31172d7a1d7444f5a1ec04af99babd84fbd35740773f9dc55a
optdigits,default,2,4496,1124,64,64,False,False,True,True,24be894535e08172baa093ce6083ec69f3ac71f616a9f1de2f708cc8b76c64cb,d1fb7b731839cb83adc236a53ceadc78ca68becc9c87afa976baddc561b28d85
optdigits,default,3,4496,1124,64,64,False,False,True,True,24be894535e08172baa093ce6083ec69f3ac71f616a9f1de2f708cc8b76c64cb,f088ba54a74ab2df6c792242ada1e481ef2c4f8aaca2c135c982d3403dfa5c05
optdigits,default,4,4496,1124,64,64,False,False,True,True,24be894535e08172baa093ce6083ec69f3ac71f616a9f1de2f708cc8b76c64cb,39f83d50734c7c177a110a64e1ea6685d21aef1e75b67d38942977b79b99c2f8
letter_recognition,default,0,16000,4000,16,16,False,False,True,True,24be894535e08172baa093ce6083ec69f3ac71f616a9f1de2f708cc8b76c64cb,b9b188aaadd9a052784f214423e1a3cac93a442a25133cfa2278fd6ec41b6bdb
letter_recognition,default,1,16000,4000,16,16,False,False,True,True,24be894535e08172baa093ce6083ec69f3ac71f616a9f1de2f708cc8b76c64cb,ee0f43b608f26252d54b1f30aced54dce92857a321bbd52f629aa6926f716a45
letter_recognition,default,2,16000,4000,16,16,False,False,True,True,24be894535e08172baa093ce6083ec69f3ac71f616a9f1de2f708cc8b76c64cb,fb2a5cd1ee4ea02c0e4e7b2dd7d6b6ba45d649042c844bf52fdbcf33f66d37a5
letter_recognition,default,3,16000,4000,16,16,False,False,True,True,24be894535e08172baa093ce6083ec69f3ac71f616a9f1de2f708cc8b76c64cb,1fddf719a1b09a47bc94623c5ece7a58467c27629c5271760c4868eef0ee8d1f
letter_recognition,default,4,16000,4000,16,16,False,False,True,True,24be894535e08172baa093ce6083ec69f3ac71f616a9f1de2f708cc8b76c64cb,a6bcf01d182198444cc7d4c5dd695dd0296c82d1f7e284227261ad074ff2c3ae
banknote_authentication,default,0,1097,275,4,4,False,False,True,True,24be894535e08172baa093ce6083ec69f3ac71f616a9f1de2f708cc8b76c64cb,fda859f0cab80f0c622f125944fcb1ff7a14469b502856a45c0bb6cf2b71187b
banknote_authentication,default,1,1097,275,4,4,False,False,True,True,24be894535e08172baa093ce6083ec69f3ac71f616a9f1de2f708cc8b76c64cb,5f42088bae2f3ebd5860ad25c6e6599d8aab97db9ee30aa841361dceda83f5a9
banknote_authentication,default,2,1098,274,4,4,False,False,True,True,24be894535e08172baa093ce6083ec69f3ac71f616a9f1de2f708cc8b76c64cb,dc318872224f39c13ffd735b62859e3e26bbb3c645c03ca32513884a8484ee1b
banknote_authentication,default,3,1098,274,4,4,False,False,True,True,24be894535e08172baa093ce6083ec69f3ac71f616a9f1de2f708cc8b76c64cb,2ffac60cc313672c8ebe4f22319d6f2caf21acd809e94b1c722d49033e4c5664
banknote_authentication,default,4,1098,274,4,4,False,False,True,True,24be894535e08172baa093ce6083ec69f3ac71f616a9f1de2f708cc8b76c64cb,f5a1571fa090203fc7e3b674f15b4ca6bd9b234e820c515d88c8a8d09df8152e
ionosphere,default,0,280,71,34,34,False,False,True,True,24be894535e08172baa093ce6083ec69f3ac71f616a9f1de2f708cc8b76c64cb,452bc46702045a3fefcbfe3fd4600e2ce8c95bb4c6a95e079ff0002ca0615413
ionosphere,default,1,281,70,34,34,False,False,True,True,24be894535e08172baa093ce6083ec69f3ac71f616a9f1de2f708cc8b76c64cb,2f186907141b57dfb7fd18913947e70c50bf80f930f34ab6ac1eeb34ebaa7d5e
ionosphere,default,2,281,70,34,34,False,False,True,True,24be894535e08172baa093ce6083ec69f3ac71f616a9f1de2f708cc8b76c64cb,658cc23dccf832703d1af05d712212f8a42867df8d2faf2150e2f1553008ba4c
ionosphere,default,3,281,70,34,34,False,False,True,True,24be894535e08172baa093ce6083ec69f3ac71f616a9f1de2f708cc8b76c64cb,67e10ddbea008e5d6e74eba20532ffc187b44f13b22a3f316db24d7568b439d7
ionosphere,default,4,281,70,34,34,False,False,True,True,24be894535e08172baa093ce6083ec69f3ac71f616a9f1de2f708cc8b76c64cb,40fce758d5bf5b6b02ef14dbb25041fd9db5594ff193b1805ae05f6dc7f749b6
sonar,default,0,166,42,60,60,False,False,True,True,24be894535e08172baa093ce6083ec69f3ac71f616a9f1de2f708cc8b76c64cb,4b44eb51dcaf481f89acf2b0f19b535eec40e8afeb0ac0a7816c2187a7bed965
sonar,default,1,166,42,60,60,False,False,True,True,24be894535e08172baa093ce6083ec69f3ac71f616a9f1de2f708cc8b76c64cb,9670fb451dca0a2176bf355dd0b6ad21219deb4ff935adcbed97e9a51e6d02c0
sonar,default,2,166,42,60,60,False,False,True,True,24be894535e08172baa093ce6083ec69f3ac71f616a9f1de2f708cc8b76c64cb,8404081fb3379ae08d8ad11902959f3d35678d2da360b6c35db541896f134645
sonar,default,3,167,41,60,60,False,False,True,True,24be894535e08172baa093ce6083ec69f3ac71f616a9f1de2f708cc8b76c64cb,de4455c18de1ce0e5e8504ad49a6d04c88a3dba400cafd90f23f1d71716d833c
sonar,default,4,167,41,60,60,False,False,True,True,24be894535e08172baa093ce6083ec69f3ac71f616a9f1de2f708cc8b76c64cb,13e0e4d45f77434de49ef76874f494b92f78daa428326f6af13b813de8be5224
breast_cancer_wisconsin_diagnostic,default,0,455,114,30,30,False,False,True,True,24be894535e08172baa093ce6083ec69f3ac71f616a9f1de2f708cc8b76c64cb,552793d4532e23bcc8cb26eeb211ef0fd1a45848aab074d08a798e723f9fb88f
breast_cancer_wisconsin_diagnostic,default,1,455,114,30,30,False,False,True,True,24be894535e08172baa093ce6083ec69f3ac71f616a9f1de2f708cc8b76c64cb,24a6ee15ac75b8b0be2b2f8b47eb7fecda8bca05447bb69672692f8c40bef5b8
breast_cancer_wisconsin_diagnostic,default,2,455,114,30,30,False,False,True,True,24be894535e08172baa093ce6083ec69f3ac71f616a9f1de2f708cc8b76c64cb,31a8fa486679073c80020b7f7223114fba1fedcf24111316a2f9f317ade2367c
breast_cancer_wisconsin_diagnostic,default,3,455,114,30,30,False,False,True,True,24be894535e08172baa093ce6083ec69f3ac71f616a9f1de2f708cc8b76c64cb,0c2a6dbc75f3eb7c3e505f530786cff6f7596aaf82d9e39718755765da9d2c19
breast_cancer_wisconsin_diagnostic,default,4,456,113,30,30,False,False,True,True,24be894535e08172baa093ce6083ec69f3ac71f616a9f1de2f708cc8b76c64cb,7e20e6812f4d6e68cce842ba5b9298886cb8bf847e90d13b881336172e8d21e9
pima_diabetes,default,0,614,154,8,8,False,False,True,True,24be894535e08172baa093ce6083ec69f3ac71f616a9f1de2f708cc8b76c64cb,d466dce9f895f84224c1558d836f81178ad5030798f30257023ba7f97d11a823
pima_diabetes,default,1,614,154,8,8,False,False,True,True,24be894535e08172baa093ce6083ec69f3ac71f616a9f1de2f708cc8b76c64cb,d7bd09c0fcac029079ed9bd141f76f65a0442220df8b6c1ad8fdf2e52e00740a
pima_diabetes,default,2,614,154,8,8,False,False,True,True,24be894535e08172baa093ce6083ec69f3ac71f616a9f1de2f708cc8b76c64cb,cba837edb5f7fa3c4666e3c447ce1cee4ce6a6049e4d99b2648ef54b30ab0853
pima_diabetes,default,3,615,153,8,8,False,False,True,True,24be894535e08172baa093ce6083ec69f3ac71f616a9f1de2f708cc8b76c64cb,5c4c444bf07990cd8b20691135f0064f4e200009da696119b8d947420a4efa77
pima_diabetes,default,4,615,153,8,8,False,False,True,True,24be894535e08172baa093ce6083ec69f3ac71f616a9f1de2f708cc8b76c64cb,ea4b10e5674d0bf664b49a61fdd7de1abb1587b0a5a79f551ba6701c75bbdcbd
heart_disease,default,0,235,59,13,13,False,False,True,True,24be894535e08172baa093ce6083ec69f3ac71f616a9f1de2f708cc8b76c64cb,025480adcaa99fdb97adf314b368a3e5c6f21f4749d7cfb551f895023c8ea370
heart_disease,default,1,235,59,13,13,False,False,True,True,24be894535e08172baa093ce6083ec69f3ac71f616a9f1de2f708cc8b76c64cb,a65a0930c4b4ac1f9a8226cd455c40baa9a3eff75233d7fd81d6b310b0e9dcc8
heart_disease,default,2,235,59,13,13,False,False,True,True,24be894535e08172baa093ce6083ec69f3ac71f616a9f1de2f708cc8b76c64cb,d579c83185164ddd40aaa4fcd8d8e0f8c0607de71febc7292a9b1ab97620bf07
heart_disease,default,3,235,59,13,13,False,False,True,True,24be894535e08172baa093ce6083ec69f3ac71f616a9f1de2f708cc8b76c64cb,fa145c70066b48e2c797518b0e2490417aac8884ccf42a369651d60a033dcd12
heart_disease,default,4,236,58,13,13,False,False,True,True,24be894535e08172baa093ce6083ec69f3ac71f616a9f1de2f708cc8b76c64cb,631c1ecbb9f6f71c0065ab68b486794ddaaef5a408452d830cf728bf73fd1fea
haberman_survival,default,0,244,62,3,14,False,False,True,True,24be894535e08172baa093ce6083ec69f3ac71f616a9f1de2f708cc8b76c64cb,aa72e9aa81ced73d5f935cb31666cec08f57f09dfaddc74ebfd0a48a0e13d39a
haberman_survival,default,1,245,61,3,14,False,False,True,True,24be894535e08172baa093ce6083ec69f3ac71f616a9f1de2f708cc8b76c64cb,febf0acb22146d5956285a6346f2eef2eeb51678b8c60fa2f34ccf0f2c6dfd8d
haberman_survival,default,2,245,61,3,14,False,False,True,True,24be894535e08172baa093ce6083ec69f3ac71f616a9f1de2f708cc8b76c64cb,c9ad910f3da14fb717e5364fbc22b293cd7bf454369e7b2988417c396e0a7cc5
haberman_survival,default,3,245,61,3,14,False,False,True,True,24be894535e08172baa093ce6083ec69f3ac71f616a9f1de2f708cc8b76c64cb,2a78ecd25fc1932d673ce5109fc9a5e52eaba3285a40c2a8378068dad84cf49a
haberman_survival,default,4,245,61,3,14,False,False,True,True,24be894535e08172baa093ce6083ec69f3ac71f616a9f1de2f708cc8b76c64cb,f0e649a427ca0e903fb70a3ea9078abea281a9be066faa8c5439f4fc4b8e9dab
dermatology,default,0,292,74,34,129,False,False,True,True,24be894535e08172baa093ce6083ec69f3ac71f616a9f1de2f708cc8b76c64cb,e8be01894f876228be004babf06112138a0105c6036e61a2823239a5f06ea1e3
dermatology,default,1,293,73,34,130,False,False,True,True,24be894535e08172baa093ce6083ec69f3ac71f616a9f1de2f708cc8b76c64cb,a9565f1a3ac7ddfdcad1fc2af73995920649129a646cc6aa216b94d859cbe093
dermatology,default,2,293,73,34,130,False,False,True,True,24be894535e08172baa093ce6083ec69f3ac71f616a9f1de2f708cc8b76c64cb,61e690f117aa5ec074faa2cd1c1a1f64b3a07211d695dbac454e0a32b3f9f31f
dermatology,default,3,293,73,34,129,False,False,True,True,24be894535e08172baa093ce6083ec69f3ac71f616a9f1de2f708cc8b76c64cb,1b1b003ed87b2af7e383c3caf8fba7a7b3a501b3bed5b63cfa81ef55eee6ccea
dermatology,default,4,293,73,34,130,False,False,True,True,24be894535e08172baa093ce6083ec69f3ac71f616a9f1de2f708cc8b76c64cb,0089ede27f9dca680046097bb1360bdcaf5ef69b9193523297dc4ad3dcd250d2
balance_scale,default,0,500,125,4,4,False,False,True,True,24be894535e08172baa093ce6083ec69f3ac71f616a9f1de2f708cc8b76c64cb,e7112fcb31d66b433b597e2e4d09de95bd58b9eb1e40e0d87b93aca1ad585cdc
balance_scale,default,1,500,125,4,4,False,False,True,True,24be894535e08172baa093ce6083ec69f3ac71f616a9f1de2f708cc8b76c64cb,e9000188067d19facf940336e187a1f2161d8cfc49dfe2354d4db7b74eb85eff
balance_scale,default,2,500,125,4,4,False,False,True,True,24be894535e08172baa093ce6083ec69f3ac71f616a9f1de2f708cc8b76c64cb,3e80a416428efad08f01fa9f73d2d093ffedcddbe54553d474b7c60e6685bb31
balance_scale,default,3,500,125,4,4,False,False,True,True,24be894535e08172baa093ce6083ec69f3ac71f616a9f1de2f708cc8b76c64cb,45d6c81364966bcdbeeb278e69dc2105e7bdc68ec97cbb7425745d428709ea8d
balance_scale,default,4,500,125,4,4,False,False,True,True,24be894535e08172baa093ce6083ec69f3ac71f616a9f1de2f708cc8b76c64cb,a1d4c48af79d8fdfea4f6faa7ebddbaca07a137239a3700ab9570c9d29877396
waveform,default,0,4000,1000,40,40,False,False,True,True,24be894535e08172baa093ce6083ec69f3ac71f616a9f1de2f708cc8b76c64cb,50bc3376d3d2d82d43c83e5cddb100534ce09c76cd295cfb66eead938c348781
waveform,default,1,4000,1000,40,40,False,False,True,True,24be894535e08172baa093ce6083ec69f3ac71f616a9f1de2f708cc8b76c64cb,6233743742ab8bd97f075bf785c22d66904b5d8f09d843416a8b9c89c19fa979
waveform,default,2,4000,1000,40,40,False,False,True,True,24be894535e08172baa093ce6083ec69f3ac71f616a9f1de2f708cc8b76c64cb,cfb6afb077c9d6303763afa889f17e576bb701d11bea24d10856370eb05ba817
waveform,default,3,4000,1000,40,40,False,False,True,True,24be894535e08172baa093ce6083ec69f3ac71f616a9f1de2f708cc8b76c64cb,dea234b971b3c4a537ad9686e3e7cb56a2ff2c4705555af3ace11122eca9d8a8
waveform,default,4,4000,1000,40,40,False,False,True,True,24be894535e08172baa093ce6083ec69f3ac71f616a9f1de2f708cc8b76c64cb,96097bd4ca89e885cd7fe79a3b79cb33d9e5bc6968780bd983f694fe06273b45
spambase,default,0,3680,921,57,57,False,False,True,True,24be894535e08172baa093ce6083ec69f3ac71f616a9f1de2f708cc8b76c64cb,93b12dcfacf11a278933fac75e919ef0be34efa937c81ab4f106aeff81d801bc
spambase,default,1,3681,920,57,57,False,False,True,True,24be894535e08172baa093ce6083ec69f3ac71f616a9f1de2f708cc8b76c64cb,0acdff055c663aebacad3cf57833fe5fe4c81b11f3c84b4b98366e1e07e741bc
spambase,default,2,3681,920,57,57,False,False,True,True,24be894535e08172baa093ce6083ec69f3ac71f616a9f1de2f708cc8b76c64cb,d8628f83bdfaf23e11ebf50ad5a6a70c09b1fd894cecd90d89bb825a447812ed
spambase,default,3,3681,920,57,57,False,False,True,True,24be894535e08172baa093ce6083ec69f3ac71f616a9f1de2f708cc8b76c64cb,44bb54054defc9f78740aa8a6cd96de1322320ee9b72d5fed926fcb66b0aa2c2
spambase,default,4,3681,920,57,57,False,False,True,True,24be894535e08172baa093ce6083ec69f3ac71f616a9f1de2f708cc8b76c64cb,6f55c74f61c447db25679810f2671b2652db645f122d435e19ad4f7bc220e62b
mice_protein_expression,default,0,855,225,77,77,False,False,True,True,24be894535e08172baa093ce6083ec69f3ac71f616a9f1de2f708cc8b76c64cb,b828294295dae67e25f7dd34c1bd34cdb1110d76931158fb64fc56306afbbddd
mice_protein_expression,default,1,855,225,77,77,False,False,True,True,24be894535e08172baa093ce6083ec69f3ac71f616a9f1de2f708cc8b76c64cb,9d3e9d6df54d6eba7da45131d490b7549b471cebd6951ec71be9c866a8267f25
mice_protein_expression,default,2,870,210,77,77,False,False,True,True,24be894535e08172baa093ce6083ec69f3ac71f616a9f1de2f708cc8b76c64cb,9bff1790d9456f2c0e0c1ff298de97473d741d96051b4caed7068aa8f621dc60
mice_protein_expression,default,3,870,210,77,77,False,False,True,True,24be894535e08172baa093ce6083ec69f3ac71f616a9f1de2f708cc8b76c64cb,2c197bfe8ff21b5843775dcc4e6cd0c9de8748de4885547e87eb3b63f79a460e
mice_protein_expression,default,4,870,210,77,77,False,False,True,True,24be894535e08172baa093ce6083ec69f3ac71f616a9f1de2f708cc8b76c64cb,347a52aed307c1e10479574a968bbb7ff7b737a42d7ceee32220800508c5f0c7
human_activity_recognition,default,0,8232,2067,561,561,False,False,True,True,24be894535e08172baa093ce6083ec69f3ac71f616a9f1de2f708cc8b76c64cb,f3740bb8bbcc19c41f87cf69d3da0e7e85b866a67cae3af4138730ffd08b3e89
human_activity_recognition,default,1,8250,2049,561,561,False,False,True,True,24be894535e08172baa093ce6083ec69f3ac71f616a9f1de2f708cc8b76c64cb,2c0eed705a207fb74d0ce2a0a32b034c6c9355cb1f98085a7d142657f7d7c3da
human_activity_recognition,default,2,8238,2061,561,561,False,False,True,True,24be894535e08172baa093ce6083ec69f3ac71f616a9f1de2f708cc8b76c64cb,7ec7a066ccc08186ffc8d0aa57c54cfb4a2be6b253956346d21d3ded8a88647c
human_activity_recognition,default,3,8232,2067,561,561,False,False,True,True,24be894535e08172baa093ce6083ec69f3ac71f616a9f1de2f708cc8b76c64cb,6989e08f905d1d4d6b328e5d717efdf5d584dc812c1c52defd927699c8f571e5
human_activity_recognition,default,4,8244,2055,561,561,False,False,True,True,24be894535e08172baa093ce6083ec69f3ac71f616a9f1de2f708cc8b76c64cb,4131ee0a69917331792714e11acc32de2cb4420abeceb06da2bc70ac453245d3
isolet,default,0,6237,1560,617,617,False,False,True,True,24be894535e08172baa093ce6083ec69f3ac71f616a9f1de2f708cc8b76c64cb,81f3960e8636777fd1276e62aaf1a1fcb0a7348764e3bda786e8962bf122efd5
isolet,default,1,6237,1560,617,617,False,False,True,True,24be894535e08172baa093ce6083ec69f3ac71f616a9f1de2f708cc8b76c64cb,e68ad27191f0a7e415fd4d57bd10447b3612a78b69fa0a22f733dc3976ef4145
isolet,default,2,6238,1559,617,617,False,False,True,True,24be894535e08172baa093ce6083ec69f3ac71f616a9f1de2f708cc8b76c64cb,438da72f345e215cfcbec298625817fa5c82f2339e95642094d5bdbbcb21be9e
isolet,default,3,6238,1559,617,617,False,False,True,True,24be894535e08172baa093ce6083ec69f3ac71f616a9f1de2f708cc8b76c64cb,576ad71cea9f397faaeb044b93481628f7230554c5cb8d8c22bf54f1b2852c32
isolet,default,4,6238,1559,617,617,False,False,True,True,24be894535e08172baa093ce6083ec69f3ac71f616a9f1de2f708cc8b76c64cb,7ecd200f3c15579cae5553f0241a027b0b1bf3ca4d211347a444637af152015f
madelon,default,0,2080,520,500,500,False,False,True,True,24be894535e08172baa093ce6083ec69f3ac71f616a9f1de2f708cc8b76c64cb,95029ad4ed519c9d4f16c4d9b4687af63f56a1b7279703870c47f8d922655f21
madelon,default,1,2080,520,500,500,False,False,True,True,24be894535e08172baa093ce6083ec69f3ac71f616a9f1de2f708cc8b76c64cb,21ab434209ffa5eeb70ee135fa0888930fdc8d25de070a00f673091945087975
madelon,default,2,2080,520,500,500,False,False,True,True,24be894535e08172baa093ce6083ec69f3ac71f616a9f1de2f708cc8b76c64cb,e3efade2048da5add637ec618a7f75f5a0b52111cfa85c5c6131b23d02dd17c6
madelon,default,3,2080,520,500,500,False,False,True,True,24be894535e08172baa093ce6083ec69f3ac71f616a9f1de2f708cc8b76c64cb,e6d2dae282a4db8aa8193fba081c0e67993f87028ff17d00123eb9ea8e118440
madelon,default,4,2080,520,500,500,False,False,True,True,24be894535e08172baa093ce6083ec69f3ac71f616a9f1de2f708cc8b76c64cb,2794fa9a438b3ce35f55a2d54223baf850a5fa50ecf8f0fc9af25ee66ab5b9bd
electricity,default,0,7552,7552,8,14,False,False,True,True,24be894535e08172baa093ce6083ec69f3ac71f616a9f1de2f708cc8b76c64cb,a397fb88389e08390264360fb07b0301a56c762b0684d528a85aa47218072d80
electricity,default,1,15104,7552,8,14,False,False,True,True,24be894535e08172baa093ce6083ec69f3ac71f616a9f1de2f708cc8b76c64cb,03e7f5df9a2b61a29ba57a6683a2ea350754fef15cd9755055a39d1b6038002a
electricity,default,2,22656,7552,8,14,False,False,True,True,24be894535e08172baa093ce6083ec69f3ac71f616a9f1de2f708cc8b76c64cb,ae18fa6e82cc875c5a8141603018d0ce569161d0d34b64310da3ca6d99518c10
electricity,default,3,30208,7552,8,14,False,False,True,True,24be894535e08172baa093ce6083ec69f3ac71f616a9f1de2f708cc8b76c64cb,8d067951fb9ff0e0d704d34661b293fd2d70c0e2ac01f41aeb4cca89914d47c7
electricity,default,4,37760,7552,8,14,False,False,True,True,24be894535e08172baa093ce6083ec69f3ac71f616a9f1de2f708cc8b76c64cb,839db607d5f94242a65c945a75c3b832d7248dd239d90c30869855dacae87dbc
bank_marketing,default,0,36168,9043,16,51,False,False,True,True,24be894535e08172baa093ce6083ec69f3ac71f616a9f1de2f708cc8b76c64cb,cd3122feb7c1c390a3eea32a03474350228875c8609972859b604a401fdb3bf8
bank_marketing,default,1,36169,9042,16,51,False,False,True,True,24be894535e08172baa093ce6083ec69f3ac71f616a9f1de2f708cc8b76c64cb,67e271b5fafab4a4cab889aa17003f1aad77cfed9376795454778f0c0a7960ca
bank_marketing,default,2,36169,9042,16,51,False,False,True,True,24be894535e08172baa093ce6083ec69f3ac71f616a9f1de2f708cc8b76c64cb,a711b384b6bbfc1b96f2d67ddbe9f5647b953563a9ba7795010afdad8c6656d5
bank_marketing,default,3,36169,9042,16,51,False,False,True,True,24be894535e08172baa093ce6083ec69f3ac71f616a9f1de2f708cc8b76c64cb,f737bf86db400d5be4c65fc80e920d71fea9bfeea94288b77cf1d9847c9ba0f1
bank_marketing,default,4,36169,9042,16,51,False,False,True,True,24be894535e08172baa093ce6083ec69f3ac71f616a9f1de2f708cc8b76c64cb,14183127a02eae1d148099268caaeef83090ca78012febfc03bfe3d8538c380b
aps_failure,default,0,60800,15200,170,170,False,False,True,True,24be894535e08172baa093ce6083ec69f3ac71f616a9f1de2f708cc8b76c64cb,25cb80811637aec530969c2be47db0382b02b487e57ae7869ad01267bd4d00b0
aps_failure,default,1,60800,15200,170,170,False,False,True,True,24be894535e08172baa093ce6083ec69f3ac71f616a9f1de2f708cc8b76c64cb,c33475460ac5b543936f5c5f76bc2acef46c19fb7f72e7671b9c0efa0961ade9
aps_failure,default,2,60800,15200,170,170,False,False,True,True,24be894535e08172baa093ce6083ec69f3ac71f616a9f1de2f708cc8b76c64cb,ea89366b91cc17e0a6cf353869ebff16c1dd89995262e247fa0afe19a554e8c8
aps_failure,default,3,60800,15200,170,170,False,False,True,True,24be894535e08172baa093ce6083ec69f3ac71f616a9f1de2f708cc8b76c64cb,4ed92370398f6952deeb68d8d4461298d27ca62109c696bd9bb411514e9f1711
aps_failure,default,4,60800,15200,170,170,False,False,True,True,24be894535e08172baa093ce6083ec69f3ac71f616a9f1de2f708cc8b76c64cb,8b3992d897ccd3951f5f36ab139d7a05c4ee46e0e56d011a711e7e8b4d3d7a36
whyshift_acs_income,target_TX,0,156532,135924,76,76,False,False,True,True,24be894535e08172baa093ce6083ec69f3ac71f616a9f1de2f708cc8b76c64cb,12a935a7cdb346017df0bf9501b258a14beacb951ba90f0e669b9b6b60fa8414
whyshift_acs_income,target_TX,1,156532,135924,76,76,False,False,True,True,24be894535e08172baa093ce6083ec69f3ac71f616a9f1de2f708cc8b76c64cb,d3e19c72cc98137ab774a004f8bc7b6f2ad9c079ab9b28c53cffad25f675fcf1
whyshift_acs_income,target_TX,2,156532,135924,76,76,False,False,True,True,24be894535e08172baa093ce6083ec69f3ac71f616a9f1de2f708cc8b76c64cb,c35e8ba03b80934c1afbbabe5341e904561803cd2e738b68957bac343f967e6d
whyshift_acs_income,target_TX,3,156532,135924,76,76,False,False,True,True,24be894535e08172baa093ce6083ec69f3ac71f616a9f1de2f708cc8b76c64cb,da4b19c857be713958993094e96c04fd8fe116082b40a949816adb884113e437
whyshift_acs_income,target_TX,4,156532,135924,76,76,False,False,True,True,24be894535e08172baa093ce6083ec69f3ac71f616a9f1de2f708cc8b76c64cb,93088efff3f4691cb96afc10e4a903270dd334de73f760a4eb60f7f76d925fe7
whyshift_acs_income,target_NY,0,156532,103021,76,76,False,False,True,True,24be894535e08172baa093ce6083ec69f3ac71f616a9f1de2f708cc8b76c64cb,48cee16f45d6a774a8a7b850abf5098d40fa5a063ac458d87e4f78f9c494df53
whyshift_acs_income,target_NY,1,156532,103021,76,76,False,False,True,True,24be894535e08172baa093ce6083ec69f3ac71f616a9f1de2f708cc8b76c64cb,a89d089d739d7629bc376b2536f8949cdb90a13b863d427d504ca64fe0202b1e
whyshift_acs_income,target_NY,2,156532,103021,76,76,False,False,True,True,24be894535e08172baa093ce6083ec69f3ac71f616a9f1de2f708cc8b76c64cb,dfefeee4b70c85510d86bbf52acd499906c31dfbb6cc36c2f971427bb7607517
whyshift_acs_income,target_NY,3,156532,103021,76,76,False,False,True,True,24be894535e08172baa093ce6083ec69f3ac71f616a9f1de2f708cc8b76c64cb,98542cc03ccc08a8b95c51de1dd4fc0e6d58b1864a042b2ff311ad2e762541c8
whyshift_acs_income,target_NY,4,156532,103021,76,76,False,False,True,True,24be894535e08172baa093ce6083ec69f3ac71f616a9f1de2f708cc8b76c64cb,f6c25f257807d5f1979c92b942d3a2b3a6a702ce5b69325b9addcd74e7ec72c4
whyshift_acs_income,target_FL,0,156532,98925,76,76,False,False,True,True,24be894535e08172baa093ce6083ec69f3ac71f616a9f1de2f708cc8b76c64cb,93bba043e95ada5084b1d09d8110b44f767f52e804ea0856271ec769f319c7e4
whyshift_acs_income,target_FL,1,156532,98925,76,76,False,False,True,True,24be894535e08172baa093ce6083ec69f3ac71f616a9f1de2f708cc8b76c64cb,76ae8e72589e8b0bb351207195563a5daeecc9912249021429f4848e8e5e1289
whyshift_acs_income,target_FL,2,156532,98925,76,76,False,False,True,True,24be894535e08172baa093ce6083ec69f3ac71f616a9f1de2f708cc8b76c64cb,aaf59ac4de600d2f03291bc14bec9468897231cbc671f1e3d20e194650e72e6f
whyshift_acs_income,target_FL,3,156532,98925,76,76,False,False,True,True,24be894535e08172baa093ce6083ec69f3ac71f616a9f1de2f708cc8b76c64cb,3731e1626266dd9684b5310ad3babf5914440e2529d38319a08c359ff35030b4
whyshift_acs_income,target_FL,4,156532,98925,76,76,False,False,True,True,24be894535e08172baa093ce6083ec69f3ac71f616a9f1de2f708cc8b76c64cb,ad51062076286348ae7c7c4a7136f28388ea52acd0a82473ef4c9c409839f73d
whyshift_acs_income,target_PA,0,156532,68308,76,76,False,False,True,True,24be894535e08172baa093ce6083ec69f3ac71f616a9f1de2f708cc8b76c64cb,1f35398aa607f7be0d638bad92f922b25cd84be49be72701abef394f2f9ac44a
whyshift_acs_income,target_PA,1,156532,68308,76,76,False,False,True,True,24be894535e08172baa093ce6083ec69f3ac71f616a9f1de2f708cc8b76c64cb,251410e257c5a3b24999e4db2da1f5646a80b6d3f969cdc7e1c30292a71fe3fa
whyshift_acs_income,target_PA,2,156532,68308,76,76,False,False,True,True,24be894535e08172baa093ce6083ec69f3ac71f616a9f1de2f708cc8b76c64cb,64b17ba6a66b0532fc378bb1c6603eff5a75c2cf78cb8624d4101f58a48b3692
whyshift_acs_income,target_PA,3,156532,68308,76,76,False,False,True,True,24be894535e08172baa093ce6083ec69f3ac71f616a9f1de2f708cc8b76c64cb,a9e5095754e96253712d550150c0040fbed4ff2e84c20749960b49314b5cd3e9
whyshift_acs_income,target_PA,4,156532,68308,76,76,False,False,True,True,24be894535e08172baa093ce6083ec69f3ac71f616a9f1de2f708cc8b76c64cb,a9e1108d32eb1db37886caa8737903875d3157669baf7bea9cf3fd7aa0e35ab6
whyshift_acs_pubcov,target_TX,0,110843,98928,42,42,False,False,True,True,24be894535e08172baa093ce6083ec69f3ac71f616a9f1de2f708cc8b76c64cb,84195b7c60adbc21999049cc0362ca6d1d4a9dc0859884691a7f79f854f8c14a
whyshift_acs_pubcov,target_TX,1,110843,98928,42,42,False,False,True,True,24be894535e08172baa093ce6083ec69f3ac71f616a9f1de2f708cc8b76c64cb,1aaa04c8ff3f5645c29645a3229d327b2563672c9f4859a42b4c9cd9788594c4
whyshift_acs_pubcov,target_TX,2,110843,98928,42,42,False,False,True,True,24be894535e08172baa093ce6083ec69f3ac71f616a9f1de2f708cc8b76c64cb,6892e7a2a91631a336e98c8abfc2a6ee7f7d791ffb13dd11da093c4fe1947a33
whyshift_acs_pubcov,target_TX,3,110843,98928,42,42,False,False,True,True,24be894535e08172baa093ce6083ec69f3ac71f616a9f1de2f708cc8b76c64cb,2633525892a747a56e8141f4357960a50f2c637c2476b62ca865dc7af5c29856
whyshift_acs_pubcov,target_TX,4,110844,98928,42,42,False,False,True,True,24be894535e08172baa093ce6083ec69f3ac71f616a9f1de2f708cc8b76c64cb,c5a7e35912d6177debe750ebac5a45369965afa381174abd1ca24ca4c0aca6d3
whyshift_acs_pubcov,target_NY,0,110843,67551,42,42,False,False,True,True,24be894535e08172baa093ce6083ec69f3ac71f616a9f1de2f708cc8b76c64cb,68c15e805c755dc168d5042335194ecd66faae553c8ac1957210334fee0f5156
whyshift_acs_pubcov,target_NY,1,110843,67551,42,42,False,False,True,True,24be894535e08172baa093ce6083ec69f3ac71f616a9f1de2f708cc8b76c64cb,e6201de45187a96e3a3d481b6fb4c6eff5871e30ddfac9764577811d3f8352e8
whyshift_acs_pubcov,target_NY,2,110843,67551,42,42,False,False,True,True,24be894535e08172baa093ce6083ec69f3ac71f616a9f1de2f708cc8b76c64cb,dfe5639ea76e736499843f47fd1ba5526e8f88ce2a0e350cdf652237b0600b4d
whyshift_acs_pubcov,target_NY,3,110843,67551,42,42,False,False,True,True,24be894535e08172baa093ce6083ec69f3ac71f616a9f1de2f708cc8b76c64cb,91757ce2cf0b314ef0609ac332e795c85fbc8c1fdc54dc7c098dfe70cf151515
whyshift_acs_pubcov,target_NY,4,110844,67551,42,42,False,False,True,True,24be894535e08172baa093ce6083ec69f3ac71f616a9f1de2f708cc8b76c64cb,68fe4e9667be8ea68886d460cb84e2f496df5676d82ef907521e0b3b5c7f397b
whyshift_acs_pubcov,target_FL,0,110843,71297,42,42,False,False,True,True,24be894535e08172baa093ce6083ec69f3ac71f616a9f1de2f708cc8b76c64cb,a1c9310d9d091cbe38d63557faaeb896a4f2d9a3b29513a07b3a84e2d03ff1dd
whyshift_acs_pubcov,target_FL,1,110843,71297,42,42,False,False,True,True,24be894535e08172baa093ce6083ec69f3ac71f616a9f1de2f708cc8b76c64cb,5085df171eaa885e778fd992d4eb80b0bfbb37d16beeff4350be8569cd08b352
whyshift_acs_pubcov,target_FL,2,110843,71297,42,42,False,False,True,True,24be894535e08172baa093ce6083ec69f3ac71f616a9f1de2f708cc8b76c64cb,3b1b2bc44a4fccdc5848cafa207544d8501ee79a93d03655e8c621c159ac1ac4
whyshift_acs_pubcov,target_FL,3,110843,71297,42,42,False,False,True,True,24be894535e08172baa093ce6083ec69f3ac71f616a9f1de2f708cc8b76c64cb,244eae536c3be7782ff9948673d5481cfa508bc46a6b8dad8c2684947e811607
whyshift_acs_pubcov,target_FL,4,110844,71297,42,42,False,False,True,True,24be894535e08172baa093ce6083ec69f3ac71f616a9f1de2f708cc8b76c64cb,6b673074c3394ef7f1ce8401e621340fed6e3a33e6a58a96b032b61b8a40e4c5
whyshift_acs_pubcov,target_PA,0,110843,44081,42,42,False,False,True,True,24be894535e08172baa093ce6083ec69f3ac71f616a9f1de2f708cc8b76c64cb,838360f783929c7bb8df308a2747454e7a5d2bed3e27ebd4c931161d30ee67b7
whyshift_acs_pubcov,target_PA,1,110843,44081,42,42,False,False,True,True,24be894535e08172baa093ce6083ec69f3ac71f616a9f1de2f708cc8b76c64cb,c34c2edf98f79b5b5bd64b202446ea2a5caa34b7d1369a03037427fa8944b7cd
whyshift_acs_pubcov,target_PA,2,110843,44081,42,42,False,False,True,True,24be894535e08172baa093ce6083ec69f3ac71f616a9f1de2f708cc8b76c64cb,f0812de6c49393401241e4ed23193006d23d789b69cb162121efc3bea7ea688d
whyshift_acs_pubcov,target_PA,3,110843,44081,42,42,False,False,True,True,24be894535e08172baa093ce6083ec69f3ac71f616a9f1de2f708cc8b76c64cb,caeea34457077b2bdeb23a25fc04509a583e8054aad84e870f54c8822ca62b4a
whyshift_acs_pubcov,target_PA,4,110844,44081,42,42,False,False,True,True,24be894535e08172baa093ce6083ec69f3ac71f616a9f1de2f708cc8b76c64cb,32589dc5d277b0f409d585d7a5f64bec5ca03c401345495f9d2f8d94a86d500e
whyshift_acs_mobility,target_TX,0,64263,53312,63,63,False,False,True,True,24be894535e08172baa093ce6083ec69f3ac71f616a9f1de2f708cc8b76c64cb,c61f4657faaa796f828617e690f87b70b442c2959e7be3c8e0f5877a994b97b9
whyshift_acs_mobility,target_TX,1,64263,53312,63,63,False,False,True,True,24be894535e08172baa093ce6083ec69f3ac71f616a9f1de2f708cc8b76c64cb,677de5c38f66c513ee03272437de68bd36acf54db997a6576c889aa63caf6338
whyshift_acs_mobility,target_TX,2,64263,53312,63,63,False,False,True,True,24be894535e08172baa093ce6083ec69f3ac71f616a9f1de2f708cc8b76c64cb,7058f3bc42edb9a196bf0d41381e7c0e180965463daeb816d96d5b58042a48b3
whyshift_acs_mobility,target_TX,3,64263,53312,63,63,False,False,True,True,24be894535e08172baa093ce6083ec69f3ac71f616a9f1de2f708cc8b76c64cb,fe694c32ce5c043c570adb4c80f00859d8398b8960306212995a288eeba6c2c6
whyshift_acs_mobility,target_TX,4,64264,53312,63,63,False,False,True,True,24be894535e08172baa093ce6083ec69f3ac71f616a9f1de2f708cc8b76c64cb,90238637b01985eea07b18201dc718421222e9940691cafc5014d4dbc1ba7a79
whyshift_acs_mobility,target_NY,0,64263,40463,63,63,False,False,True,True,24be894535e08172baa093ce6083ec69f3ac71f616a9f1de2f708cc8b76c64cb,4a562f293ed05bac74e9b6bb42d0c00788e6e8d8b9d94319b0ada8a6cf39a59d
whyshift_acs_mobility,target_NY,1,64263,40463,63,63,False,False,True,True,24be894535e08172baa093ce6083ec69f3ac71f616a9f1de2f708cc8b76c64cb,a1052d30e9c372e7ee228e257d168d2ef4c7c30ad9f98b05013a5f87fedc0de5
whyshift_acs_mobility,target_NY,2,64263,40463,63,63,False,False,True,True,24be894535e08172baa093ce6083ec69f3ac71f616a9f1de2f708cc8b76c64cb,c349e23c47ee6cae8ef30b9525196a6b523f727b3909879ba53209f600cc20b2
whyshift_acs_mobility,target_NY,3,64263,40463,63,63,False,False,True,True,24be894535e08172baa093ce6083ec69f3ac71f616a9f1de2f708cc8b76c64cb,ff046a815c73ad70a31d761b2e5aac3111438321bbc7d4111c81ffcd630f3c24
whyshift_acs_mobility,target_NY,4,64264,40463,63,63,False,False,True,True,24be894535e08172baa093ce6083ec69f3ac71f616a9f1de2f708cc8b76c64cb,3afdc45d4fecae9602fb8e15d27cac7a73deb2c5dd1833a8db3c07cb7bacf4ef
whyshift_acs_mobility,target_FL,0,64263,34491,63,63,False,False,True,True,24be894535e08172baa093ce6083ec69f3ac71f616a9f1de2f708cc8b76c64cb,f239c5097177674737c2aead12ef5048880975ad990a4403c0eb138cc3b172fc
whyshift_acs_mobility,target_FL,1,64263,34491,63,63,False,False,True,True,24be894535e08172baa093ce6083ec69f3ac71f616a9f1de2f708cc8b76c64cb,878d4ac112ef12c732bba4a4ea7c959d91a5faf41edda8f97bf1c5ee8698b33d
whyshift_acs_mobility,target_FL,2,64263,34491,63,63,False,False,True,True,24be894535e08172baa093ce6083ec69f3ac71f616a9f1de2f708cc8b76c64cb,b49218c32ba65cd764ba3ae20138bec402dcae03a4f3e78cafad97e9bf3f4ec6
whyshift_acs_mobility,target_FL,3,64263,34491,63,63,False,False,True,True,24be894535e08172baa093ce6083ec69f3ac71f616a9f1de2f708cc8b76c64cb,e1240499b22d4ff5336ac5e8bcc4fdfcf6a0bc6d853d125ff4bd2fc3825a6c1a
whyshift_acs_mobility,target_FL,4,64264,34491,63,63,False,False,True,True,24be894535e08172baa093ce6083ec69f3ac71f616a9f1de2f708cc8b76c64cb,584edb715aa2fb04f54ef5ab9baca7a29fe7c96290acce818432b440a66ebcc2
whyshift_acs_mobility,target_PA,0,64263,23918,63,63,False,False,True,True,24be894535e08172baa093ce6083ec69f3ac71f616a9f1de2f708cc8b76c64cb,6d5cfaa79b97481c61135cbc2dbfe30a320f87a01cef51df0f686f90c9368627
whyshift_acs_mobility,target_PA,1,64263,23918,63,63,False,False,True,True,24be894535e08172baa093ce6083ec69f3ac71f616a9f1de2f708cc8b76c64cb,d9107480f8fcd76cb244a58700bded1be4287c278be8c959e13c43e8c2c476a1
whyshift_acs_mobility,target_PA,2,64263,23918,63,63,False,False,True,True,24be894535e08172baa093ce6083ec69f3ac71f616a9f1de2f708cc8b76c64cb,770e7a81ea2e6a11bea40166bc6930e4af336c8561104d21bbdea754d405f3db
whyshift_acs_mobility,target_PA,3,64263,23918,63,63,False,False,True,True,24be894535e08172baa093ce6083ec69f3ac71f616a9f1de2f708cc8b76c64cb,b20ebb246f8b3eb8a29dd070fd940b43f15c86e1dbe8a6149e98f62856948a8d
whyshift_acs_mobility,target_PA,4,64264,23918,63,63,False,False,True,True,24be894535e08172baa093ce6083ec69f3ac71f616a9f1de2f708cc8b76c64cb,75c8f4d76818cc29fae45282b67deb38a5e6dcfe9418ad67989445f718a699ba
tableshift_hospital_readmission,ood_1,0,56510,28855,46,196,False,False,True,True,24be894535e08172baa093ce6083ec69f3ac71f616a9f1de2f708cc8b76c64cb,8f514d7d5a54b87eec76387ef3bce731ffbc6cd83e717b356a0efad97b5515c9
tableshift_hospital_readmission,ood_1,1,56510,28855,46,194,False,False,True,True,24be894535e08172baa093ce6083ec69f3ac71f616a9f1de2f708cc8b76c64cb,d17d58f33c289bdf0021c9964767658bf42ac5127ab7170fdaceafb920dfe1cf
tableshift_hospital_readmission,ood_1,2,56510,28855,46,196,False,False,True,True,24be894535e08172baa093ce6083ec69f3ac71f616a9f1de2f708cc8b76c64cb,c53f188feb5dd2eab6d60622123e39c614b7adab55d08ad58b0624818ccab967
tableshift_hospital_readmission,ood_1,3,56511,28855,46,194,False,False,True,True,24be894535e08172baa093ce6083ec69f3ac71f616a9f1de2f708cc8b76c64cb,35666a82fa0f2528d04ad8bd70b0accf0ce34c27362ab00c424065e82bfa9c3d
tableshift_hospital_readmission,ood_1,4,56511,28855,46,193,False,False,True,True,24be894535e08172baa093ce6083ec69f3ac71f616a9f1de2f708cc8b76c64cb,0eeb9d89967e82e7c9c5d7918914348d8576eef436176cedd64a33aa2dbd9499
tableshift_hospital_readmission,ood_2,0,78760,1042,46,197,False,False,True,True,24be894535e08172baa093ce6083ec69f3ac71f616a9f1de2f708cc8b76c64cb,7242e059b9ccf38d2fba20acbb6c6d09369ecba3c4baf6529f40c7c9853c2ad5
tableshift_hospital_readmission,ood_2,1,78761,1042,46,199,False,False,True,True,24be894535e08172baa093ce6083ec69f3ac71f616a9f1de2f708cc8b76c64cb,86ae4516b83aa155c708b7ef625c7210254df91fb1860271b54d0bb2a2de4ab8
tableshift_hospital_readmission,ood_2,2,78761,1042,46,196,False,False,True,True,24be894535e08172baa093ce6083ec69f3ac71f616a9f1de2f708cc8b76c64cb,425c2246ee4739bbb1fa13d1c7c71c07397df4b1bbc2462b524f943e5a87bc03
tableshift_hospital_readmission,ood_2,3,78761,1042,46,198,False,False,True,True,24be894535e08172baa093ce6083ec69f3ac71f616a9f1de2f708cc8b76c64cb,c5ab7b825d0b5fc62c58089905d871d2c2e41a18ceabdf0c80a98ba5b5c3665a
tableshift_hospital_readmission,ood_2,4,78761,1042,46,199,False,False,True,True,24be894535e08172baa093ce6083ec69f3ac71f616a9f1de2f708cc8b76c64cb,faa167db1a678c958aee33aee96af95360c6badd8ffcf93796e346cdd20681bf
tableshift_hospital_readmission,ood_3,0,79444,187,46,197,False,False,True,True,24be894535e08172baa093ce6083ec69f3ac71f616a9f1de2f708cc8b76c64cb,5cce9ee4d58a2a3616361ed8839c7f1a82ddd4abac01a9fc568f4c759251c21b
tableshift_hospital_readmission,ood_3,1,79445,187,46,198,False,False,True,True,24be894535e08172baa093ce6083ec69f3ac71f616a9f1de2f708cc8b76c64cb,80e25f34678c7f8207f138e17956dfa3dd83b63a27bcd2859007fb6109cdf033
tableshift_hospital_readmission,ood_3,2,79445,187,46,197,False,False,True,True,24be894535e08172baa093ce6083ec69f3ac71f616a9f1de2f708cc8b76c64cb,9b02d7c5d7a0f1cc88e43449d3e5c58f2106f1230d46b1ba46128f9d91a83948
tableshift_hospital_readmission,ood_3,3,79445,187,46,199,False,False,True,True,24be894535e08172baa093ce6083ec69f3ac71f616a9f1de2f708cc8b76c64cb,e1d72d7f24f887dd1e7d59b9e780a69411748803c8d6f4079e8441101e6a8926
tableshift_hospital_readmission,ood_3,4,79445,187,46,197,False,False,True,True,24be894535e08172baa093ce6083ec69f3ac71f616a9f1de2f708cc8b76c64cb,d7af2322c5821da024f8e178dab6c4ef123b3476676d55a8ba7565e7dc037249
tableshift_hospital_readmission,ood_4,0,77205,2986,46,198,False,False,True,True,24be894535e08172baa093ce6083ec69f3ac71f616a9f1de2f708cc8b76c64cb,ee63898df993b8e5a245e548d754961a2dc67a9a6cce730cda6b035feedfca6a
tableshift_hospital_readmission,ood_4,1,77205,2986,46,197,False,False,True,True,24be894535e08172baa093ce6083ec69f3ac71f616a9f1de2f708cc8b76c64cb,87aa23d62528dc220f822db3e2f1f09862f0acb02a6905336bf3f2ded27d39c1
tableshift_hospital_readmission,ood_4,2,77206,2986,46,199,False,False,True,True,24be894535e08172baa093ce6083ec69f3ac71f616a9f1de2f708cc8b76c64cb,051b7a016f06cc18363595dbe72935aeea86316946c44c5b70b0a6e5ff79d1c3
tableshift_hospital_readmission,ood_4,3,77206,2986,46,199,False,False,True,True,24be894535e08172baa093ce6083ec69f3ac71f616a9f1de2f708cc8b76c64cb,014d32ed1b6d59e3ff337180289bc10f01000181c9e825864ae0ae30b8406c20
tableshift_hospital_readmission,ood_4,4,77206,2986,46,197,False,False,True,True,24be894535e08172baa093ce6083ec69f3ac71f616a9f1de2f708cc8b76c64cb,5b61639b5cceb6d4efb4c4971787e4df1a784d10a5c7fa464c4068e3c9906d7e
tableshift_hospital_readmission,ood_5,0,78916,848,46,198,False,False,True,True,24be894535e08172baa093ce6083ec69f3ac71f616a9f1de2f708cc8b76c64cb,5f204fc54f3fc9c759243501f011aae31fb09ca8c44acdae9e5bc140869cab5f
tableshift_hospital_readmission,ood_5,1,78916,848,46,196,False,False,True,True,24be894535e08172baa093ce6083ec69f3ac71f616a9f1de2f708cc8b76c64cb,98bc19382c426ff398935786cb7145e3fc6c68d010931cd94a827948c8c02c57
tableshift_hospital_readmission,ood_5,2,78916,848,46,199,False,False,True,True,24be894535e08172baa093ce6083ec69f3ac71f616a9f1de2f708cc8b76c64cb,3140852a0389f4d8a4ff967ab3e7aa0989f9a5457ab264e343e7493f7d2d65d1
tableshift_hospital_readmission,ood_5,3,78916,848,46,201,False,False,True,True,24be894535e08172baa093ce6083ec69f3ac71f616a9f1de2f708cc8b76c64cb,58abf805d56c1e8d278601fa77ec7c5586434ea7a569fcf235802824b830f6af
tableshift_hospital_readmission,ood_5,4,78916,848,46,197,False,False,True,True,24be894535e08172baa093ce6083ec69f3ac71f616a9f1de2f708cc8b76c64cb,d2c70cf450add0492926d4dc6875906fd1cdaa691248c2d0842bbf552e923512
tableshift_hospital_readmission,ood_6,0,78003,1989,46,196,False,False,True,True,24be894535e08172baa093ce6083ec69f3ac71f616a9f1de2f708cc8b76c64cb,16c74ba3a73167906a17ba09e792cd84e415660830d9067e68fcc2c4d0c6d6bd
tableshift_hospital_readmission,ood_6,1,78003,1989,46,198,False,False,True,True,24be894535e08172baa093ce6083ec69f3ac71f616a9f1de2f708cc8b76c64cb,287f70b69ab8e3ea69cfd35a7aa1cf537148dff7ef31c69f1b996e6f5044df75
tableshift_hospital_readmission,ood_6,2,78003,1989,46,196,False,False,True,True,24be894535e08172baa093ce6083ec69f3ac71f616a9f1de2f708cc8b76c64cb,dfc6e843a872ead63349f1b5570564e5bda9137ea51f3d6aceb114bc5032f676
tableshift_hospital_readmission,ood_6,3,78003,1989,46,200,False,False,True,True,24be894535e08172baa093ce6083ec69f3ac71f616a9f1de2f708cc8b76c64cb,64e89985c04070d241c7c404b9a44434f111eecf5ad8720b1f2274becba1fa0c
tableshift_hospital_readmission,ood_6,4,78004,1989,46,198,False,False,True,True,24be894535e08172baa093ce6083ec69f3ac71f616a9f1de2f708cc8b76c64cb,bff7ae3f6d43b4b85ae20b456b3477087ef3d8d2f04c14e34efa22936e1d1955
tableshift_hospital_readmission,ood_7,0,34288,56632,46,201,False,False,True,True,24be894535e08172baa093ce6083ec69f3ac71f616a9f1de2f708cc8b76c64cb,b9e2d3c264c744397ae1ac7c007954346b6b162fc9182c07cbf4f47270609223
tableshift_hospital_readmission,ood_7,1,34289,56632,46,198,False,False,True,True,24be894535e08172baa093ce6083ec69f3ac71f616a9f1de2f708cc8b76c64cb,f07e805a36f892e0886dad1e8430ea4553fbeea18766a896a9737cfd4b0fafc7
tableshift_hospital_readmission,ood_7,2,34289,56632,46,201,False,False,True,True,24be894535e08172baa093ce6083ec69f3ac71f616a9f1de2f708cc8b76c64cb,8cf851b7a56530256a1589d244d72504bc7f62023686b8973b9fd076a9ae9733
tableshift_hospital_readmission,ood_7,3,34289,56632,46,199,False,False,True,True,24be894535e08172baa093ce6083ec69f3ac71f616a9f1de2f708cc8b76c64cb,3da58279916c73ed095d856505abc09e60ce97ea7116de050530777b49cbec62
tableshift_hospital_readmission,ood_7,4,34289,56632,46,200,False,False,True,True,24be894535e08172baa093ce6083ec69f3ac71f616a9f1de2f708cc8b76c64cb,69b8d681da4365fea89324554a49eb7c4ab2dd4a1cfcf9e32299f0a7fb4dbfbd
tableshift_hospital_readmission,ood_8,0,79581,16,46,198,False,False,True,True,24be894535e08172baa093ce6083ec69f3ac71f616a9f1de2f708cc8b76c64cb,79972eec20e77e2b0a8a1ea1308ba25c1885e987ad768420d2b363f2b53b80af
tableshift_hospital_readmission,ood_8,1,79581,16,46,199,False,False,True,True,24be894535e08172baa093ce6083ec69f3ac71f616a9f1de2f708cc8b76c64cb,e4624f554ddfdca80d992ca435b586e31347816d61510ed89c4a6a7571ce7470
tableshift_hospital_readmission,ood_8,2,79582,16,46,195,False,False,True,True,24be894535e08172baa093ce6083ec69f3ac71f616a9f1de2f708cc8b76c64cb,d71bd7c45a3848233bff94fcb5835e7f0b51e329a65b4b19d6e3e097341a8bad
tableshift_hospital_readmission,ood_8,3,79582,16,46,198,False,False,True,True,24be894535e08172baa093ce6083ec69f3ac71f616a9f1de2f708cc8b76c64cb,881e70c421ef97d976f870eee8286f56f37ea655cd00c14242a0f0724e662b34
tableshift_hospital_readmission,ood_8,4,79582,16,46,197,False,False,True,True,24be894535e08172baa093ce6083ec69f3ac71f616a9f1de2f708cc8b76c64cb,bbac4e44466ccc8ab096eaeb13ed8e31aca48eb3a9c1af0bd0b8bf5f2654dfb2
tableshift_hospital_readmission,ood_9,0,79551,54,46,196,False,False,True,True,24be894535e08172baa093ce6083ec69f3ac71f616a9f1de2f708cc8b76c64cb,4dcc35246a4c175bcff2c7c94b68d44a9482038ee51c1707b25f02c05a7048c3
tableshift_hospital_readmission,ood_9,1,79551,54,46,196,False,False,True,True,24be894535e08172baa093ce6083ec69f3ac71f616a9f1de2f708cc8b76c64cb,88c6707e44b8a497a1c997bbc14783fadbbfc0fd50fbdb98ec6bea3fc52e4806
tableshift_hospital_readmission,ood_9,2,79551,54,46,199,False,False,True,True,24be894535e08172baa093ce6083ec69f3ac71f616a9f1de2f708cc8b76c64cb,035e3999ecbffd27e4962bda253faf2abf8b6ebab85bc9847eeb448b2f1a932f
tableshift_hospital_readmission,ood_9,3,79551,54,46,199,False,False,True,True,24be894535e08172baa093ce6083ec69f3ac71f616a9f1de2f708cc8b76c64cb,5e2f46d21ebc0be9246bdbb29a1f0a64fd09a59fd9011a6f706ef3d7bd4135e5
tableshift_hospital_readmission,ood_9,4,79552,54,46,199,False,False,True,True,24be894535e08172baa093ce6083ec69f3ac71f616a9f1de2f708cc8b76c64cb,05272541bc22cf173810a2ecae58431862ba1701e64221a8a0b7f16eb69269b3
tableshift_hospital_readmission,ood_10,0,79588,7,46,197,False,False,True,True,24be894535e08172baa093ce6083ec69f3ac71f616a9f1de2f708cc8b76c64cb,85dde425c03989362961185d7a391ab6f042e822a7692068d26ffcd99dda13c1
tableshift_hospital_readmission,ood_10,1,79589,7,46,198,False,False,True,True,24be894535e08172baa093ce6083ec69f3ac71f616a9f1de2f708cc8b76c64cb,6366dec8e1c3929cb3ee5981b089d04729efe070439060c2895e4aed4164bc93
tableshift_hospital_readmission,ood_10,2,79589,7,46,197,False,False,True,True,24be894535e08172baa093ce6083ec69f3ac71f616a9f1de2f708cc8b76c64cb,b2bfd505b3696e8d86c14a883027ed44656d1852a02defc138b12c66807caf78
tableshift_hospital_readmission,ood_10,3,79589,7,46,199,False,False,True,True,24be894535e08172baa093ce6083ec69f3ac71f616a9f1de2f708cc8b76c64cb,fda20242a96d9bb22ddc8cb7ac30e99af090fbe3da856d77e3f7e3bd3fac95dd
tableshift_hospital_readmission,ood_10,4,79589,7,46,198,False,False,True,True,24be894535e08172baa093ce6083ec69f3ac71f616a9f1de2f708cc8b76c64cb,a1faa3925da46c4814555baba8a68d4bb02577c97bcfd072ba148725d50d3424
tableshift_hospital_readmission,ood_11,0,79592,2,46,198,False,False,True,True,24be894535e08172baa093ce6083ec69f3ac71f616a9f1de2f708cc8b76c64cb,effc81c58a73b8a2c69b18252ec4e6ef41a7ae3fe9a005e0b2c935845b1c7c6c
tableshift_hospital_readmission,ood_11,1,79593,2,46,199,False,False,True,True,24be894535e08172baa093ce6083ec69f3ac71f616a9f1de2f708cc8b76c64cb,c2e3c3cebe2fc7ce9b296295c30ae63ff0d06d0481704e8bc8d2f05412a83eb6
tableshift_hospital_readmission,ood_11,2,79593,2,46,195,False,False,True,True,24be894535e08172baa093ce6083ec69f3ac71f616a9f1de2f708cc8b76c64cb,20dc363310dcd984cd84450a865cf650ac4e3e07deac4795c05610433d3dfdf0
tableshift_hospital_readmission,ood_11,3,79593,2,46,199,False,False,True,True,24be894535e08172baa093ce6083ec69f3ac71f616a9f1de2f708cc8b76c64cb,c1befc419fe131be42f0ee0aee69c4762c7106639698585f526f4a2f38bbdfc8
tableshift_hospital_readmission,ood_11,4,79593,2,46,199,False,False,True,True,24be894535e08172baa093ce6083ec69f3ac71f616a9f1de2f708cc8b76c64cb,7a831c7b1aa8381e6a79ea527298905135fa9779497a28b887483b36e1d6d33a
tableshift_hospital_readmission,ood_13,0,79593,1,46,198,False,False,True,True,24be894535e08172baa093ce6083ec69f3ac71f616a9f1de2f708cc8b76c64cb,8fce7c7bd9d8e47779c2bf200ea15f5d3084b4f9ef3b7552176f95a8ee6430a5
tableshift_hospital_readmission,ood_13,1,79593,1,46,198,False,False,True,True,24be894535e08172baa093ce6083ec69f3ac71f616a9f1de2f708cc8b76c64cb,effd1c6ae03ba3dcb25a14054cf3e73ef8911c183862798e900f57175eff74ae
tableshift_hospital_readmission,ood_13,2,79594,1,46,194,False,False,True,True,24be894535e08172baa093ce6083ec69f3ac71f616a9f1de2f708cc8b76c64cb,459040afc00c5be179092e0ebbbf29c1432dcbe5672dcb3c8eaa61d128e476cf
tableshift_hospital_readmission,ood_13,3,79594,1,46,200,False,False,True,True,24be894535e08172baa093ce6083ec69f3ac71f616a9f1de2f708cc8b76c64cb,12120b99d9a49c50b50fbf1324f490338cb23bdcb978778afa5bcab875b0b0c8
tableshift_hospital_readmission,ood_13,4,79594,1,46,199,False,False,True,True,24be894535e08172baa093ce6083ec69f3ac71f616a9f1de2f708cc8b76c64cb,3df52204ece7c464cf98d5263633f6a18f66b7133565b5bdf4ca17d1baf38ece
tableshift_hospital_readmission,ood_14,0,79592,2,46,198,False,False,True,True,24be894535e08172baa093ce6083ec69f3ac71f616a9f1de2f708cc8b76c64cb,a42fd3557eb225d50ed561fb9c9c24312a87f6692fc4ce543cc39ae12f075f9d
tableshift_hospital_readmission,ood_14,1,79593,2,46,198,False,False,True,True,24be894535e08172baa093ce6083ec69f3ac71f616a9f1de2f708cc8b76c64cb,d4510588be7e24ae5448b2ea6ff8a961ae6b02176d271d8d38d2ea1baba85e4b
tableshift_hospital_readmission,ood_14,2,79593,2,46,197,False,False,True,True,24be894535e08172baa093ce6083ec69f3ac71f616a9f1de2f708cc8b76c64cb,38639aaa6ed5ed47c2bb9a9204cb3bb3d93789014de44eff36fe999935a3ee30
tableshift_hospital_readmission,ood_14,3,79593,2,46,198,False,False,True,True,24be894535e08172baa093ce6083ec69f3ac71f616a9f1de2f708cc8b76c64cb,f8d0c3618c35dadc6294ca6eafb78d56473dccf7625ea5289715344ed2fe81e1
tableshift_hospital_readmission,ood_14,4,79593,2,46,200,False,False,True,True,24be894535e08172baa093ce6083ec69f3ac71f616a9f1de2f708cc8b76c64cb,1c944260254037f2a5ad4ec9cf34068fc14f5df8be8bfa9237b47c472461d076
tableshift_hospital_readmission,ood_17,0,74236,6698,46,194,False,False,True,True,24be894535e08172baa093ce6083ec69f3ac71f616a9f1de2f708cc8b76c64cb,58eb168d98f83a5107b13d62a021023deb34434d6f18f61177a7050f853fc6ff
tableshift_hospital_readmission,ood_17,1,74236,6698,46,193,False,False,True,True,24be894535e08172baa093ce6083ec69f3ac71f616a9f1de2f708cc8b76c64cb,ffc6eee652109d22b6e59b8942c621bc9e4174f3c80d41a56b67b820896974d1
tableshift_hospital_readmission,ood_17,2,74236,6698,46,194,False,False,True,True,24be894535e08172baa093ce6083ec69f3ac71f616a9f1de2f708cc8b76c64cb,a11313cc1567db66b3afa95d59abdaf7a921a169a288276b7245737f1cb6f500
tableshift_hospital_readmission,ood_17,3,74236,6698,46,195,False,False,True,True,24be894535e08172baa093ce6083ec69f3ac71f616a9f1de2f708cc8b76c64cb,5bd2ef697894fee2a87bde1e3bb93eb060247084abc35aac3f373ea63fa20a4b
tableshift_hospital_readmission,ood_17,4,74236,6698,46,194,False,False,True,True,24be894535e08172baa093ce6083ec69f3ac71f616a9f1de2f708cc8b76c64cb,9f67b926c8fc3f83f085e1dbb8ce77e2c7ee292ecc3dcca3510f58b3dbc67a13
tableshift_hospital_readmission,ood_20,0,79466,160,46,198,False,False,True,True,24be894535e08172baa093ce6083ec69f3ac71f616a9f1de2f708cc8b76c64cb,ed142cb76acc615d87a09d012c9331468446f585565d72fcc2de9385df8ba5ed
tableshift_hospital_readmission,ood_20,1,79466,160,46,198,False,False,True,True,24be894535e08172baa093ce6083ec69f3ac71f616a9f1de2f708cc8b76c64cb,dd6e064eeacadde00ef5e687da02f7297e8d04198156bd38e08e6c8d59831175
tableshift_hospital_readmission,ood_20,2,79466,160,46,198,False,False,True,True,24be894535e08172baa093ce6083ec69f3ac71f616a9f1de2f708cc8b76c64cb,ef8daa54006c39ebf65b62ece0ae5e481b7b7efaee69ff01559232bb65263616
tableshift_hospital_readmission,ood_20,3,79467,160,46,197,False,False,True,True,24be894535e08172baa093ce6083ec69f3ac71f616a9f1de2f708cc8b76c64cb,1fdf8931263feb7ab859c3fc2b81e54f8ad99a866965cb47269e128d0759690b
tableshift_hospital_readmission,ood_20,4,79467,160,46,199,False,False,True,True,24be894535e08172baa093ce6083ec69f3ac71f616a9f1de2f708cc8b76c64cb,37d453e44641854921dde303c2b4819aeda49656b101296c53e06ce01b5f50d5
tableshift_hospital_readmission,ood_22,0,79584,12,46,198,False,False,True,True,24be894535e08172baa093ce6083ec69f3ac71f616a9f1de2f708cc8b76c64cb,7deadb5629634b257eaa1915cbb20db76684d1be8b39d0155c78dd37b244efa8
tableshift_hospital_readmission,ood_22,1,79585,12,46,198,False,False,True,True,24be894535e08172baa093ce6083ec69f3ac71f616a9f1de2f708cc8b76c64cb,7fe853d62954853c0ea4bf4f88a9178ab10f7a592437495ac796ffa55fdb49d0
tableshift_hospital_readmission,ood_22,2,79585,12,46,195,False,False,True,True,24be894535e08172baa093ce6083ec69f3ac71f616a9f1de2f708cc8b76c64cb,61a32d7f4d07c0ddd7820b66ebb5a8c7192392785ee74686f7ad1620f24fb28a
tableshift_hospital_readmission,ood_22,3,79585,12,46,199,False,False,True,True,24be894535e08172baa093ce6083ec69f3ac71f616a9f1de2f708cc8b76c64cb,6a14914c4f6830530eb839db8ce820ef2bb9508c26c39b4e679653db6c290afc
tableshift_hospital_readmission,ood_22,4,79585,12,46,199,False,False,True,True,24be894535e08172baa093ce6083ec69f3ac71f616a9f1de2f708cc8b76c64cb,8c51f74e3e1dac02a83572c0aaef5a7aaa2bb992927098512ea57bdb880fdba1
tableshift_hospital_readmission,ood_25,0,79592,2,46,198,False,False,True,True,24be894535e08172baa093ce6083ec69f3ac71f616a9f1de2f708cc8b76c64cb,1086711426c30bc5caf36228dab1f64cc08a4de84618f43ac137d6018e3d241b
tableshift_hospital_readmission,ood_25,1,79593,2,46,197,False,False,True,True,24be894535e08172baa093ce6083ec69f3ac71f616a9f1de2f708cc8b76c64cb,e06979ce5b61ef5ca1f24e1f573e58270f1550d95e8c220cbb468f4b1cee8e9a
tableshift_hospital_readmission,ood_25,2,79593,2,46,195,False,False,True,True,24be894535e08172baa093ce6083ec69f3ac71f616a9f1de2f708cc8b76c64cb,ef49baf8b65cb3bf6a1e88d494ed74e87344f6bcb12f4f0f47f1161da2e5579e
tableshift_hospital_readmission,ood_25,3,79593,2,46,200,False,False,True,True,24be894535e08172baa093ce6083ec69f3ac71f616a9f1de2f708cc8b76c64cb,470fc13c202dcbd6116862204d6209705bbb81f31d20789f67c00dc08090c182
tableshift_hospital_readmission,ood_25,4,79593,2,46,199,False,False,True,True,24be894535e08172baa093ce6083ec69f3ac71f616a9f1de2f708cc8b76c64cb,b410e63b90cb949777073af843ad73c0694cdb5c27fadadb7452ffb394a91616
