dataset_id,outer_fold,condition,n_seeds,mean,variance,minimum,maximum,unique_values
breast_cancer_wisconsin_diagnostic,0,class_prevalence_mild,5,-0.0830461226977019,0.0,-0.0830461226977019,-0.0830461226977019,1
breast_cancer_wisconsin_diagnostic,0,class_prevalence_severe,5,0.0756870746029881,0.0,0.0756870746029881,0.0756870746029881,1
breast_cancer_wisconsin_diagnostic,0,local_overlap_mild,5,0.1235833674908526,0.0,0.1235833674908526,0.1235833674908526,1
breast_cancer_wisconsin_diagnostic,0,local_overlap_severe,5,0.3038606540654146,0.0,0.3038606540654146,0.3038606540654146,1
breast_cancer_wisconsin_diagnostic,0,location_mild,5,-0.001464457561496,0.0,-0.001464457561496,-0.001464457561496,1
breast_cancer_wisconsin_diagnostic,0,location_severe,5,-0.0021932185775604,0.0,-0.0021932185775604,-0.0021932185775604,1
breast_cancer_wisconsin_diagnostic,0,mcar_mild,5,-0.025553392729621805,1.2037062152420224e-35,-0.0255533927296218,-0.0255533927296218,1
breast_cancer_wisconsin_diagnostic,0,mcar_severe,5,0.029694511501160405,1.2037062152420224e-35,0.0296945115011604,0.0296945115011604,1
breast_cancer_wisconsin_diagnostic,0,measurement_noise_mild,5,-0.026209304195518302,1.2037062152420224e-35,-0.0262093041955183,-0.0262093041955183,1
breast_cancer_wisconsin_diagnostic,0,measurement_noise_severe,5,-0.026209304195518302,1.2037062152420224e-35,-0.0262093041955183,-0.0262093041955183,1
breast_cancer_wisconsin_diagnostic,0,outliers_mild,5,0.0,0.0,0.0,0.0,1
breast_cancer_wisconsin_diagnostic,0,outliers_severe,5,0.0997935831087624,0.0,0.0997935831087624,0.0997935831087624,1
breast_cancer_wisconsin_diagnostic,0,scale_mild,5,0.0,0.0,0.0,0.0,1
breast_cancer_wisconsin_diagnostic,0,scale_severe,5,-0.0541435735859178,0.0,-0.0541435735859178,-0.0541435735859178,1
breast_cancer_wisconsin_diagnostic,1,class_prevalence_mild,5,0.2157832061094231,0.0,0.2157832061094231,0.2157832061094231,1
breast_cancer_wisconsin_diagnostic,1,class_prevalence_severe,5,0.1637365782350553,0.0,0.1637365782350553,0.1637365782350553,1
breast_cancer_wisconsin_diagnostic,1,local_overlap_mild,5,0.0613266493855195,0.0,0.0613266493855195,0.0613266493855195,1
breast_cancer_wisconsin_diagnostic,1,local_overlap_severe,5,0.5754971989179567,0.0,0.5754971989179567,0.5754971989179567,1
breast_cancer_wisconsin_diagnostic,1,location_mild,5,-0.002198282080825,0.0,-0.002198282080825,-0.002198282080825,1
breast_cancer_wisconsin_diagnostic,1,location_severe,5,0.11219951961505518,1.925929944387236e-34,0.1121995196150552,0.1121995196150552,1
breast_cancer_wisconsin_diagnostic,1,mcar_mild,5,-0.0310820187388898,0.0,-0.0310820187388898,-0.0310820187388898,1
breast_cancer_wisconsin_diagnostic,1,mcar_severe,5,0.0628557729900805,0.0,0.0628557729900805,0.0628557729900805,1
breast_cancer_wisconsin_diagnostic,1,measurement_noise_mild,5,0.0,0.0,0.0,0.0,1
breast_cancer_wisconsin_diagnostic,1,measurement_noise_severe,5,0.0,0.0,0.0,0.0,1
breast_cancer_wisconsin_diagnostic,1,outliers_mild,5,0.1184416130407826,0.0,0.1184416130407826,0.1184416130407826,1
breast_cancer_wisconsin_diagnostic,1,outliers_severe,5,0.1763141169833687,0.0,0.1763141169833687,0.1763141169833687,1
breast_cancer_wisconsin_diagnostic,1,scale_mild,5,0.0303296584025476,0.0,0.0303296584025476,0.0303296584025476,1
breast_cancer_wisconsin_diagnostic,1,scale_severe,5,0.0303296584025476,0.0,0.0303296584025476,0.0303296584025476,1
breast_cancer_wisconsin_diagnostic,2,class_prevalence_mild,5,0.22572669896246786,7.703719777548943e-34,0.2257266989624679,0.2257266989624679,1
breast_cancer_wisconsin_diagnostic,2,class_prevalence_severe,5,0.0076563166936731,0.0,0.0076563166936731,0.0076563166936731,1
breast_cancer_wisconsin_diagnostic,2,local_overlap_mild,5,0.1507493401120526,0.0,0.1507493401120526,0.1507493401120526,1
breast_cancer_wisconsin_diagnostic,2,local_overlap_severe,5,0.5821319658894067,0.0,0.5821319658894067,0.5821319658894067,1
breast_cancer_wisconsin_diagnostic,2,location_mild,5,-0.097822333210053,0.0,-0.097822333210053,-0.097822333210053,1
breast_cancer_wisconsin_diagnostic,2,location_severe,5,0.058533841676606004,4.81482486096809e-35,0.058533841676606,0.058533841676606,1
breast_cancer_wisconsin_diagnostic,2,mcar_mild,5,0.0623391079351037,0.0,0.0623391079351037,0.0623391079351037,1
breast_cancer_wisconsin_diagnostic,2,mcar_severe,5,0.1806648738203847,0.0,0.1806648738203847,0.1806648738203847,1
breast_cancer_wisconsin_diagnostic,2,measurement_noise_mild,5,0.0,0.0,0.0,0.0,1
breast_cancer_wisconsin_diagnostic,2,measurement_noise_severe,5,0.0,0.0,0.0,0.0,1
breast_cancer_wisconsin_diagnostic,2,outliers_mild,5,0.0910474218275334,0.0,0.0910474218275334,0.0910474218275334,1
breast_cancer_wisconsin_diagnostic,2,outliers_severe,5,0.149724023955036,0.0,0.149724023955036,0.149724023955036,1
breast_cancer_wisconsin_diagnostic,2,scale_mild,5,-0.0644915569192744,0.0,-0.0644915569192744,-0.0644915569192744,1
breast_cancer_wisconsin_diagnostic,2,scale_severe,5,-0.0644915569192744,0.0,-0.0644915569192744,-0.0644915569192744,1
breast_cancer_wisconsin_diagnostic,3,class_prevalence_mild,5,0.0549830345061738,0.0,0.0549830345061738,0.0549830345061738,1
breast_cancer_wisconsin_diagnostic,3,class_prevalence_severe,5,0.056149630226401605,4.81482486096809e-35,0.0561496302264016,0.0561496302264016,1
breast_cancer_wisconsin_diagnostic,3,local_overlap_mild,5,0.1444984964001762,0.0,0.1444984964001762,0.1444984964001762,1
breast_cancer_wisconsin_diagnostic,3,local_overlap_severe,5,0.3782919389829463,0.0,0.3782919389829463,0.3782919389829463,1
breast_cancer_wisconsin_diagnostic,3,location_mild,5,-0.0017095838221857999,4.70197740328915e-38,-0.0017095838221858,-0.0017095838221858,1
breast_cancer_wisconsin_diagnostic,3,location_severe,5,0.026854631348011405,1.2037062152420224e-35,0.0268546313480114,0.0268546313480114,1
breast_cancer_wisconsin_diagnostic,3,mcar_mild,5,0.0006954537736473,0.0,0.0006954537736473,0.0006954537736473,1
breast_cancer_wisconsin_diagnostic,3,mcar_severe,5,0.1199959960622214,0.0,0.1199959960622214,0.1199959960622214,1
breast_cancer_wisconsin_diagnostic,3,measurement_noise_mild,5,0.0,0.0,0.0,0.0,1
breast_cancer_wisconsin_diagnostic,3,measurement_noise_severe,5,0.0,0.0,0.0,0.0,1
breast_cancer_wisconsin_diagnostic,3,outliers_mild,5,0.0,0.0,0.0,0.0,1
breast_cancer_wisconsin_diagnostic,3,outliers_severe,5,0.0302138289170154,0.0,0.0302138289170154,0.0302138289170154,1
breast_cancer_wisconsin_diagnostic,3,scale_mild,5,-0.0006321461521981,0.0,-0.0006321461521981,-0.0006321461521981,1
breast_cancer_wisconsin_diagnostic,3,scale_severe,5,-0.0312979298376671,0.0,-0.0312979298376671,-0.0312979298376671,1
breast_cancer_wisconsin_diagnostic,4,class_prevalence_mild,5,-0.0852892738656819,0.0,-0.0852892738656819,-0.0852892738656819,1
breast_cancer_wisconsin_diagnostic,4,class_prevalence_severe,5,-0.0078401942998432,0.0,-0.0078401942998432,-0.0078401942998432,1
breast_cancer_wisconsin_diagnostic,4,local_overlap_mild,5,0.1993439729676828,0.0,0.1993439729676828,0.1993439729676828,1
breast_cancer_wisconsin_diagnostic,4,local_overlap_severe,5,0.3925494105509194,0.0,0.3925494105509194,0.3925494105509194,1
breast_cancer_wisconsin_diagnostic,4,location_mild,5,-0.0561886476123533,0.0,-0.0561886476123533,-0.0561886476123533,1
breast_cancer_wisconsin_diagnostic,4,location_severe,5,8.043117476219663e-05,0.0,8.043117476219663e-05,8.043117476219663e-05,1
breast_cancer_wisconsin_diagnostic,4,mcar_mild,5,0.1047796287833479,0.0,0.1047796287833479,0.1047796287833479,1
breast_cancer_wisconsin_diagnostic,4,mcar_severe,5,0.3029748102540012,0.0,0.3029748102540012,0.3029748102540012,1
breast_cancer_wisconsin_diagnostic,4,measurement_noise_mild,5,0.0,0.0,0.0,0.0,1
breast_cancer_wisconsin_diagnostic,4,measurement_noise_severe,5,0.0,0.0,0.0,0.0,1
breast_cancer_wisconsin_diagnostic,4,outliers_mild,5,0.027151576779651805,1.2037062152420224e-35,0.0271515767796518,0.0271515767796518,1
breast_cancer_wisconsin_diagnostic,4,outliers_severe,5,0.153510123015593,0.0,0.153510123015593,0.153510123015593,1
breast_cancer_wisconsin_diagnostic,4,scale_mild,5,-0.0277887933771576,0.0,-0.0277887933771576,-0.0277887933771576,1
breast_cancer_wisconsin_diagnostic,4,scale_severe,5,-0.0277566566213804,0.0,-0.0277566566213804,-0.0277566566213804,1
glass,0,class_prevalence_mild,5,-0.025725976655920517,0.0005409207181542017,-0.071825125280122,-0.012197251482579,3
glass,0,class_prevalence_severe,5,0.02390379397019638,0.001464309741641848,-0.0505026705852668,0.0482871792202065,3
glass,0,local_overlap_mild,5,0.0,0.0,0.0,0.0,1
glass,0,local_overlap_severe,5,0.02286229559914928,0.00035453150208542033,0.0,0.0575515878961561,3
glass,0,location_mild,5,-0.029617411247178475,0.00047630236290389406,-0.0473699643988424,0.0,3
glass,0,location_severe,5,-0.028178063771946517,0.001061328446621034,-0.0515176944070654,0.0315407381691709,3
glass,0,mcar_mild,5,-0.00924284713852328,3.699066799555167e-05,-0.0141057730100651,0.0,3
glass,0,mcar_severe,5,0.05124802043861347,0.000771592980002557,0.0200486318768509,0.1035552764431521,3
glass,0,measurement_noise_mild,5,-0.0049495007615019205,4.328460150743721e-07,-0.0059771630393652,-0.0038969166624211,3
glass,0,measurement_noise_severe,5,-0.014764908151284482,0.0002210441619531176,-0.0264148938635844,0.0093170574967519,3
glass,0,outliers_mild,5,0.0184241944254681,3.165791790138238e-05,0.0104446845374632,0.0281017895289923,3
glass,0,outliers_severe,5,0.041083443280089116,1.2692824974162563e-05,0.0356195251201406,0.0439255134563388,3
glass,0,scale_mild,5,-0.029617411247178475,0.00047630236290389406,-0.0473699643988424,0.0,3
glass,0,scale_severe,5,-0.034905690022821304,0.00042037174406749176,-0.0515176944070654,-0.0059771630393652,3
glass,1,class_prevalence_mild,5,0.0226628420494229,0.00031195797005343777,-0.0126618218585855,0.031494008026425,2
glass,1,class_prevalence_severe,5,-0.06666904775896716,0.0011725486683514213,-0.0837902967521877,0.001815948213915,2
glass,1,local_overlap_mild,5,0.0180402348882452,8.136251870576481e-05,0.0,0.0225502936103065,2
glass,1,local_overlap_severe,5,0.00613683955246564,6.348994131836557e-05,-0.0097992755724154,0.0101208683336859,2
glass,1,location_mild,5,0.00663262143620902,0.00017596666846423763,0.0,0.0331631071810451,2
glass,1,location_severe,5,-0.006826222829622579,0.0003997866286755216,-0.0168235553322895,0.0331631071810451,2
glass,1,mcar_mild,5,0.00809229342499344,0.00026194085150476823,0.0,0.0404614671249672,2
glass,1,mcar_severe,5,0.03837273203733236,0.0002794295015896713,0.0300146595683107,0.071805021913419,2
glass,1,measurement_noise_mild,5,0.01676287850779118,0.00013397669427528964,-0.0063867819022701,0.0225502936103065,2
glass,1,measurement_noise_severe,5,0.014034471588867442,2.5794973649497433e-05,0.0114950339715249,0.0241922220582376,2
glass,1,outliers_mild,5,0.01188691787846786,5.482634852921566e-06,0.0072039124960573,0.0130576692240705,2
glass,1,outliers_severe,5,0.02630577066849858,1.0936553301777276e-05,0.0246522476642908,0.0329198626853297,2
glass,1,scale_mild,5,-0.009274718675793218,0.00022793973946584777,-0.0168235553322895,0.0209206279501919,2
glass,1,scale_severe,5,-0.04222546081229194,0.000996857131499872,-0.0580119830029129,0.0209206279501919,2
glass,2,class_prevalence_mild,5,-0.08009121545538847,0.0009839194477810017,-0.100534356291719,-0.0195502411773846,3
glass,2,class_prevalence_severe,5,-0.08933885233119368,0.009145667489381091,-0.2475938729369988,0.0542291924429423,3
glass,2,local_overlap_mild,5,0.002865542618804679,0.00021166746345963497,-0.0057636283764613,0.0316185982234073,3
glass,2,local_overlap_severe,5,0.009776577961440899,0.0003631093688595237,-0.0057636283764613,0.0345551767131811,3
glass,2,location_mild,5,-0.00579613511616324,0.0004439314377986471,-0.016356085165166,0.0363431540296192,3
glass,2,location_severe,5,0.02132485446027306,0.0004887112991578242,0.0053466750612095,0.0615523490950376,3
glass,2,mcar_mild,5,-0.00612895408910765,0.00019026199328789952,-0.016356085165166,0.0183455640441445,3
glass,2,mcar_severe,5,0.005094779028673601,0.0007871138200034397,-0.0177653283276679,0.0422296972972268,3
glass,2,measurement_noise_mild,5,-0.0059130834218788595,0.00030036567175043715,-0.0146289016695422,0.0287489994425994,3
glass,2,measurement_noise_severe,5,-0.007314966033567199,0.00032515391683721667,-0.016356085165166,0.0287489994425994,3
glass,2,outliers_mild,5,0.0119021863262289,0.00022670643161196556,-0.00739158546049,0.0391123461078256,3
glass,2,outliers_severe,5,0.018490202503395062,0.0007240760591818834,-0.0019064272088627,0.0718103525051228,3
glass,2,scale_mild,5,0.01800499250507278,0.0002770494794591857,0.0091624961452784,0.0512639267981995,4
glass,2,scale_severe,5,0.0034698649378919,0.0009411726424857977,-0.018283853412485,0.0611846695621815,4
glass,3,class_prevalence_mild,5,0.017876901870195437,0.0026249910196732692,-0.0845924305112204,0.0434942349655494,2
glass,3,class_prevalence_severe,5,0.01247570661121726,0.0003226173882344231,-0.0234473995036177,0.021456483139926,2
glass,3,local_overlap_mild,5,0.0299468114131499,6.657163610465902e-07,0.0283149825482911,0.0303547686293646,2
glass,3,local_overlap_severe,5,0.06480876015037702,0.0005165935621763605,0.0193513707763111,0.0761731074938935,2
glass,3,location_mild,5,-0.059913240035933804,0.00039548576707438415,-0.0812624050125875,-0.0282040153976942,3
glass,3,location_severe,5,-0.08597985465251556,1.4503760481333601e-05,-0.0908208569428766,-0.0814823303828639,3
glass,3,mcar_mild,5,0.032200227127266626,0.0006432043272762158,-0.0185227194462997,0.0448809637706582,2
glass,3,mcar_severe,5,0.06569709974524482,0.00020867658164407335,0.0584742785920514,0.0945883843580185,2
glass,3,measurement_noise_mild,5,-0.01326956236755292,0.000264121928139565,-0.0331739059188823,0.0,2
glass,3,measurement_noise_severe,5,0.00019992030934859996,0.00034852652916568473,-0.0294389364723265,0.0295963695398848,3
glass,3,outliers_mild,5,-0.02356929585022008,6.243052243852766e-05,-0.0393718934137256,-0.0196186464593437,2
glass,3,outliers_severe,5,-0.02301093576574994,7.411560895393509e-05,-0.0402290203228585,-0.0187064146264728,2
glass,3,scale_mild,5,-0.05103475670309944,0.0004760245818002198,-0.068535459827008,-0.0092654891046814,3
glass,3,scale_severe,5,-0.08797065124264214,0.0008749181713293032,-0.1027601591057296,-0.0288126197902923,2
glass,4,class_prevalence_mild,5,-0.09461645083165898,0.0023531577459664057,-0.1254973228890383,-0.0002661057619574,3
glass,4,class_prevalence_severe,5,-0.0534063776165377,0.0004206213957420535,-0.0670928584768231,-0.0141923207590085,3
glass,4,local_overlap_mild,5,-0.006146897463099701,9.916100323370926e-06,-0.0081261586530983,0.0,3
glass,4,local_overlap_severe,5,0.00948833130165582,2.5011901824986004e-05,0.0,0.0128820129766047,3
glass,4,location_mild,5,-0.01224117519739438,3.7463834221102974e-05,-0.0153320308723477,0.0,3
glass,4,location_severe,5,-0.00854075358528716,0.0002781679029918987,-0.0417770462257105,0.0025104327234237,3
glass,4,mcar_mild,5,0.04299730701698532,0.0004547644961704518,0.0139377501239629,0.0603379516806068,3
glass,4,mcar_severe,5,0.06399096939047602,0.0005063328198255004,0.0273082840840303,0.0815761116229775,3
glass,4,measurement_noise_mild,5,0.00030240138508484,3.657863908049187e-07,0.0,0.0015120069254242,2
glass,4,measurement_noise_severe,5,-0.015855977886725096,6.361864171685043e-05,-0.021514411458933,0.0,3
glass,4,outliers_mild,5,0.03671626951985646,0.00020044515486290155,0.0280312286991485,0.0649826205958678,3
glass,4,outliers_severe,5,0.05641999081495064,7.722120539458782e-05,0.0509727285639788,0.0739608482475254,3
glass,4,scale_mild,5,0.028595665322278717,1.596213548395324e-05,0.0263542120263332,0.0365821920057522,3
glass,4,scale_severe,5,0.01205591433031882,6.482977374275644e-05,0.0013086195824613,0.0263542120263332,3
human_activity_recognition,0,class_prevalence_mild,5,0.01385706781787888,1.8700785253754223e-05,0.0085595960201447,0.0180255176879655,4
human_activity_recognition,0,class_prevalence_severe,5,0.025049463785490063,0.00014769559714511535,0.004462392035644,0.0348251662247709,4
human_activity_recognition,0,local_overlap_mild,5,0.007151230119463099,9.82743866167525e-05,0.0011330868026467,0.0268635421698654,4
human_activity_recognition,0,local_overlap_severe,5,0.04557834126335916,0.00046807016903554105,0.002545038441856,0.060478514040841,4
human_activity_recognition,0,location_mild,5,0.00013729978985425987,2.5765502063455007e-05,-0.0062498503568919,0.0054594134364377,4
human_activity_recognition,0,location_severe,5,0.00495059925578248,0.00029437172425575864,-0.0239622922719733,0.019084203383113,4
human_activity_recognition,0,mcar_mild,5,0.007115534710555639,6.571203970587227e-05,-0.0036646410534181,0.0164563032890389,4
human_activity_recognition,0,mcar_severe,5,0.0464428195605974,0.0005347759087989866,0.0130640826427207,0.0658658880048458,4
human_activity_recognition,0,measurement_noise_mild,5,-0.00020275438264767998,1.9763904503575031e-07,-0.000769246564959,0.0005948571234289,4
human_activity_recognition,0,measurement_noise_severe,5,-0.0018250847296542398,2.7244539990964512e-06,-0.0035343459644642,0.0003596425115811,4
human_activity_recognition,0,outliers_mild,5,0.0066045299406065,4.648642739123673e-06,0.0037087275365823,0.0087477867612775,4
human_activity_recognition,0,outliers_severe,5,0.01816466887943618,3.378553487983824e-05,0.0102547063075167,0.0241588876183955,4
human_activity_recognition,0,scale_mild,5,-0.00595373199543656,0.00015313685111148455,-0.0299918666654827,0.0051059913308965,4
human_activity_recognition,0,scale_severe,5,-0.0094130375273509,0.0015996804852363596,-0.088896128847203,0.0185673367755484,4
human_activity_recognition,1,class_prevalence_mild,5,0.01247245976425944,2.566980571286617e-05,0.0044574944549766,0.0171198199373408,4
human_activity_recognition,1,class_prevalence_severe,5,0.00715301715231582,0.00011272032048541841,-0.0081077765688642,0.0180621426043401,4
human_activity_recognition,1,local_overlap_mild,5,0.01428125470812534,7.652833001662613e-06,0.012575332293253,0.0197953554589976,4
human_activity_recognition,1,local_overlap_severe,5,0.05000479986137466,0.0002847332254286287,0.0194371549947924,0.0635336529047334,4
human_activity_recognition,1,location_mild,5,0.01994372409092532,7.977914508610142e-06,0.0162619999007108,0.0248408491569877,4
human_activity_recognition,1,location_severe,5,0.03678366933008796,6.612036176476647e-05,0.0212811042159056,0.0452479950477937,4
human_activity_recognition,1,mcar_mild,5,0.00437810003662172,9.726628830198679e-05,-0.0116144848458522,0.0134090119798653,4
human_activity_recognition,1,mcar_severe,5,0.04721461699884496,0.001104743786406203,-0.0061660993534332,0.0756800445821649,4
human_activity_recognition,1,measurement_noise_mild,5,0.00017802258023933999,4.989843997591701e-07,-0.0003221898867006,0.0015549469214741,4
human_activity_recognition,1,measurement_noise_severe,5,-0.00014549103333211998,1.004678246189964e-06,-0.0010441470319424,0.0015286447602141,4
human_activity_recognition,1,outliers_mild,5,0.00278865165181344,1.719550659607719e-06,0.0009397113518851,0.0042650148245573,4
human_activity_recognition,1,outliers_severe,5,0.015023638205915901,6.103624405006084e-05,0.0041294081459357,0.0215247336430124,4
human_activity_recognition,1,scale_mild,5,0.0041572127614877006,6.957163923921621e-05,-0.0037028647283612,0.0152678654529595,4
human_activity_recognition,1,scale_severe,5,0.010102016672602361,0.0002140673376036475,-0.0024916557625449,0.0298834821960468,4
human_activity_recognition,2,class_prevalence_mild,5,-0.0004016624592734799,0.00018970143183718002,-0.0253415064765916,0.0096083524594139,3
human_activity_recognition,2,class_prevalence_severe,5,-0.02154070152260106,0.00022083753140542667,-0.0483454766601655,-0.0106955593964722,3
human_activity_recognition,2,local_overlap_mild,5,0.00617283404517178,3.4158283063977145e-05,0.0021153188275221,0.0171230400670626,3
human_activity_recognition,2,local_overlap_severe,5,0.01503996738072234,2.6974765997888755e-05,0.0097493983376414,0.0250179336817843,3
human_activity_recognition,2,location_mild,5,0.01119238308738838,5.0428965836242315e-05,0.0068264792733331,0.0251299619163345,3
human_activity_recognition,2,location_severe,5,0.02051050620586766,4.2510837712532546e-05,0.0100196539167624,0.0306323047910356,3
human_activity_recognition,2,mcar_mild,5,-0.008997632635606,2.6512633664278204e-05,-0.0182293579648811,-0.0052168291763581,3
human_activity_recognition,2,mcar_severe,5,-0.006429605228332061,0.0010676171938354627,-0.0533914063270966,0.0199774809822949,3
human_activity_recognition,2,measurement_noise_mild,5,0.0003577415551036,1.978005321388627e-07,-0.0002408246376209,0.0011444569619464,3
human_activity_recognition,2,measurement_noise_severe,5,0.0010282978328397,1.0667994155103331e-06,-0.0006202094048541,0.0018421943665913,3
human_activity_recognition,2,outliers_mild,5,0.0041427583123986,6.064952002160651e-06,0.0007988034035125,0.0061459094451281,3
human_activity_recognition,2,outliers_severe,5,0.01177252722719216,3.231722898644835e-05,0.0040433293138525,0.0163960240761655,3
human_activity_recognition,2,scale_mild,5,0.005770104480215819,9.689103545556575e-05,-0.0012755827564903,0.0238267045956619,3
human_activity_recognition,2,scale_severe,5,-0.0013732194499331382,0.00037630437287676825,-0.0160498556223645,0.0321741780526548,3
human_activity_recognition,3,class_prevalence_mild,5,0.02061107279913344,0.00032501065966828075,0.0093981511120996,0.0558977399520204,3
human_activity_recognition,3,class_prevalence_severe,5,0.03727407887957148,0.0009896758610495285,0.0171745702486921,0.0983947193479405,3
human_activity_recognition,3,local_overlap_mild,5,0.00338618586171894,1.7583012946228604e-06,0.0007493463985621,0.004136844041707,3
human_activity_recognition,3,local_overlap_severe,5,0.014051779255371922,8.461416754187755e-05,0.0089331187132902,0.0323732115847853,3
human_activity_recognition,3,location_mild,5,0.00902992873188292,1.318619999545341e-05,0.0020331448547246,0.0126640522590024,3
human_activity_recognition,3,location_severe,5,0.0182555172180422,6.968829039595139e-05,0.0050279128595279,0.0314263509278795,3
human_activity_recognition,3,mcar_mild,5,-0.0079770410418874,2.038578060974306e-06,-0.0107573909428859,-0.0066515023354389,3
human_activity_recognition,3,mcar_severe,5,-0.0029145273815827403,0.00014587952716921954,-0.009572498960506,0.0212330742380427,3
human_activity_recognition,3,measurement_noise_mild,5,-0.00016651895012006,8.200414777414354e-08,-0.0003619160022221,0.0003752437540212,3
human_activity_recognition,3,measurement_noise_severe,5,-0.00115928950486734,7.422478843331413e-07,-0.0016070963679767,0.0005629580384954,3
human_activity_recognition,3,outliers_mild,5,0.00443135697747952,1.0977740508205488e-06,0.0037488754308782,0.0064539567406191,3
human_activity_recognition,3,outliers_severe,5,0.01091775376777008,2.428508533744597e-05,0.0078858022679015,0.0205881780871458,3
human_activity_recognition,3,scale_mild,5,0.012552953718306439,3.663457389690782e-05,0.0008346184871246,0.0184223900411006,3
human_activity_recognition,3,scale_severe,5,0.019494810640803623,0.0001621745074895159,-0.0051317965687741,0.031943440021574,3
human_activity_recognition,4,class_prevalence_mild,5,-0.0007087685040981997,0.00026263814015515055,-0.0143416906992009,0.0287647585219318,4
human_activity_recognition,4,class_prevalence_severe,5,-0.016264728103292058,0.002056938421526681,-0.0494959281879927,0.0705212606741904,4
human_activity_recognition,4,local_overlap_mild,5,0.01148296200960726,5.122319784852131e-06,0.0086713624726207,0.0145596593933906,4
human_activity_recognition,4,local_overlap_severe,5,0.025605339976026143,4.567450893640705e-06,0.0232966065437747,0.0288485465640009,4
human_activity_recognition,4,location_mild,5,0.00130168805572634,1.058087841918067e-05,-0.0018492916456479,0.0067820593881192,4
human_activity_recognition,4,location_severe,5,0.00739256412654038,2.9753965263349697e-05,0.0035779169457136,0.0179740728758289,4
human_activity_recognition,4,mcar_mild,5,-0.00056124012020752,2.767626410915465e-05,-0.0107834841055982,0.0044049860309885,4
human_activity_recognition,4,mcar_severe,5,-0.0052575091471964595,0.00015833952531590052,-0.0142393508961964,0.0190269067228143,4
human_activity_recognition,4,measurement_noise_mild,5,-0.0007418806171386079,7.563008621651255e-07,-0.0024150517208079,-7.447249383601973e-05,4
human_activity_recognition,4,measurement_noise_severe,5,0.00049945786756864,1.3830169427336662e-06,-0.0007891261912004,0.0023050635726118,4
human_activity_recognition,4,outliers_mild,5,0.0035810782602323002,4.80767893775674e-06,0.0014660230583186,0.0072165094473271,4
human_activity_recognition,4,outliers_severe,5,0.00972918700765158,8.51801542338646e-05,0.0017319840024845,0.0237962128998391,4
human_activity_recognition,4,scale_mild,5,0.00449543245680092,7.21826512755598e-05,-0.0063141776271519,0.019869161240477,4
human_activity_recognition,4,scale_severe,5,0.01230291373604402,9.974444276328393e-05,0.0010245399928093,0.0307688983645622,4
iris,0,class_prevalence_mild,5,0.22880890539663187,7.703719777548943e-34,0.2288089053966319,0.2288089053966319,1
iris,0,class_prevalence_severe,5,0.2615733963759262,0.0,0.2615733963759262,0.2615733963759262,1
iris,0,local_overlap_mild,5,0.0,0.0,0.0,0.0,1
iris,0,local_overlap_severe,5,0.23714153278052033,7.703719777548943e-34,0.2371415327805203,0.2371415327805203,1
iris,0,location_mild,5,-0.0597156014379701,0.0,-0.0597156014379701,-0.0597156014379701,1
iris,0,location_severe,5,-0.0736886355808377,0.0,-0.0736886355808377,-0.0736886355808377,1
iris,0,mcar_mild,5,-0.0213948455636435,0.0,-0.0213948455636435,-0.0213948455636435,1
iris,0,mcar_severe,5,0.1737524863645395,0.0,0.1737524863645395,0.1737524863645395,1
iris,0,measurement_noise_mild,5,-0.0597156014379701,0.0,-0.0597156014379701,-0.0597156014379701,1
iris,0,measurement_noise_severe,5,-0.0981987095629264,0.0,-0.0981987095629264,-0.0981987095629264,1
iris,0,outliers_mild,5,0.0,0.0,0.0,0.0,1
iris,0,outliers_severe,5,0.0493951668246854,0.0,0.0493951668246854,0.0493951668246854,1
iris,0,scale_mild,5,-0.0597156014379701,0.0,-0.0597156014379701,-0.0597156014379701,1
iris,0,scale_severe,5,-0.0597156014379701,0.0,-0.0597156014379701,-0.0597156014379701,1
iris,1,class_prevalence_mild,5,0.01251990076173548,0.019765582389867132,-0.2686603431379178,0.0828149617366488,2
iris,1,class_prevalence_severe,5,0.06396794339377229,0.031452066938948635,-0.2907266685695257,0.1526415963845968,2
iris,1,local_overlap_mild,5,0.0,0.0,0.0,0.0,1
iris,1,local_overlap_severe,5,0.2607007428639333,0.016991219332451662,0.0,0.3258759285799166,2
iris,1,location_mild,5,-0.16561567047781944,0.007338620942055422,-0.2084485461169107,0.0057158320785455,2
iris,1,location_severe,5,-0.1690233480008832,0.007633445263707755,-0.2127081430207404,0.0057158320785455,2
iris,1,mcar_mild,5,0.00472790321284254,8.941227516002724e-05,0.0,0.0236395160642127,2
iris,1,mcar_severe,5,0.11878450132592269,0.002298396801319102,0.0229013056904183,0.1427553002347988,2
iris,1,measurement_noise_mild,5,-0.10208147451018737,0.002605156859543509,-0.1276018431377342,0.0,2
iris,1,measurement_noise_severe,5,-0.09934221647085666,0.0031944259974051857,-0.1276018431377342,0.0136962901966535,2
iris,1,outliers_mild,5,0.0,0.0,0.0,0.0,1
iris,1,outliers_severe,5,0.03440995242849114,2.5190193246380443e-05,0.0319004607844335,0.0444479190047217,2
iris,1,scale_mild,5,-0.1720228275092431,0.005307331904339922,-0.2084485461169107,-0.0263199530785728,2
iris,1,scale_severe,5,-0.17892038031372012,0.0034876503028028493,-0.2084485461169107,-0.0608077171009579,2
iris,2,class_prevalence_mild,5,-0.152140802584061,0.0,-0.152140802584061,-0.152140802584061,1
iris,2,class_prevalence_severe,5,-0.22384441648619152,7.703719777548943e-34,-0.2238444164861915,-0.2238444164861915,1
iris,2,local_overlap_mild,5,0.0,0.0,0.0,0.0,1
iris,2,local_overlap_severe,5,0.414242101113284,0.0,0.414242101113284,0.414242101113284,1
iris,2,location_mild,5,0.0644925628702773,0.0,0.0644925628702773,0.0644925628702773,1
iris,2,location_severe,5,0.1886039302351695,0.0,0.1886039302351695,0.1886039302351695,1
iris,2,mcar_mild,5,0.0,0.0,0.0,0.0,1
iris,2,mcar_severe,5,0.2196317720763926,0.0,0.2196317720763926,0.2196317720763926,1
iris,2,measurement_noise_mild,5,0.0,0.0,0.0,0.0,1
iris,2,measurement_noise_severe,5,0.0363053333088126,0.0,0.0363053333088126,0.0363053333088126,1
iris,2,outliers_mild,5,0.20190567888757222,7.703719777548943e-34,0.2019056788875722,0.2019056788875722,1
iris,2,outliers_severe,5,0.2713448418117643,0.0,0.2713448418117643,0.2713448418117643,1
iris,2,scale_mild,5,0.0,0.0,0.0,0.0,1
iris,2,scale_severe,5,-0.0457575579932282,0.0,-0.0457575579932282,-0.0457575579932282,1
iris,3,class_prevalence_mild,5,-0.1877836956182616,0.0,-0.1877836956182616,-0.1877836956182616,1
iris,3,class_prevalence_severe,5,0.0880028493984758,0.0,0.0880028493984758,0.0880028493984758,1
iris,3,local_overlap_mild,5,0.0729219053092894,0.0,0.0729219053092894,0.0729219053092894,1
iris,3,local_overlap_severe,5,0.1624477937910708,0.0,0.1624477937910708,0.1624477937910708,1
iris,3,location_mild,5,0.011550790668307,0.0,0.011550790668307,0.011550790668307,1
iris,3,location_severe,5,0.026930441807815196,1.2037062152420224e-35,0.0269304418078152,0.0269304418078152,1
iris,3,mcar_mild,5,0.090437293737861,0.0,0.090437293737861,0.090437293737861,1
iris,3,mcar_severe,5,0.2261257336533687,0.0,0.2261257336533687,0.2261257336533687,1
iris,3,measurement_noise_mild,5,0.0,0.0,0.0,0.0,1
iris,3,measurement_noise_severe,5,0.0729219053092894,0.0,0.0729219053092894,0.0729219053092894,1
iris,3,outliers_mild,5,0.0439381257898769,0.0,0.0439381257898769,0.0439381257898769,1
iris,3,outliers_severe,5,0.1262152552359031,0.0,0.1262152552359031,0.1262152552359031,1
iris,3,scale_mild,5,0.0021172345722641,0.0,0.0021172345722641,0.0021172345722641,1
iris,3,scale_severe,5,-0.0041888614381521,0.0,-0.0041888614381521,-0.0041888614381521,1
iris,4,class_prevalence_mild,5,0.0994268017761598,0.0,0.0994268017761598,0.0994268017761598,1
iris,4,class_prevalence_severe,5,0.1776791174436254,0.0,0.1776791174436254,0.1776791174436254,1
iris,4,local_overlap_mild,5,0.0697718731927116,0.0,0.0697718731927116,0.0697718731927116,1
iris,4,local_overlap_severe,5,0.3632034622940103,0.0,0.3632034622940103,0.3632034622940103,1
iris,4,location_mild,5,0.1913687216451033,0.0,0.1913687216451033,0.1913687216451033,1
iris,4,location_severe,5,0.20317765745889052,7.703719777548943e-34,0.2031776574588905,0.2031776574588905,1
iris,4,mcar_mild,5,0.0,0.0,0.0,0.0,1
iris,4,mcar_severe,5,0.2703571433725331,0.0,0.2703571433725331,0.2703571433725331,1
iris,4,measurement_noise_mild,5,0.0,0.0,0.0,0.0,1
iris,4,measurement_noise_severe,5,0.1276018431377342,0.0,0.1276018431377342,0.1276018431377342,1
iris,4,outliers_mild,5,0.0671700187785524,0.0,0.0671700187785524,0.0671700187785524,1
iris,4,outliers_severe,5,0.1578558360444454,0.0,0.1578558360444454,0.1578558360444454,1
iris,4,scale_mild,5,0.0,0.0,0.0,0.0,1
iris,4,scale_severe,5,0.0671700187785524,0.0,0.0671700187785524,0.0671700187785524,1
letter_recognition,0,class_prevalence_mild,5,0.004250435650875352,1.0921377089631579e-05,-5.309083068993914e-05,0.0081084154071995,5
letter_recognition,0,class_prevalence_severe,5,-0.02096699739129976,0.00010198242360708891,-0.0352773560582017,-0.0039361247313302,5
letter_recognition,0,local_overlap_mild,5,0.0015700126523458054,8.483187455883403e-07,6.965224073962606e-05,0.0028918577953392,5
letter_recognition,0,local_overlap_severe,5,0.00577537411821124,4.748831444573671e-06,0.0024348175027956,0.0090401083234283,5
letter_recognition,0,location_mild,5,0.00838625495182618,2.1231301618035066e-05,0.0006239989712561,0.0143198307941332,5
letter_recognition,0,location_severe,5,0.020391546790668423,6.438290870925821e-05,0.0073766367177441,0.0325141410481014,5
letter_recognition,0,mcar_mild,5,0.016918987650534262,2.0538920473806625e-06,0.0156206145354181,0.0195620030631371,5
letter_recognition,0,mcar_severe,5,0.06289046988689746,1.2063801322288885e-05,0.0588462025575227,0.0687054315744563,5
letter_recognition,0,measurement_noise_mild,5,0.00084984382028336,1.7155682299120605e-06,-0.0004623928342588,0.0032131431163845,5
letter_recognition,0,measurement_noise_severe,5,0.0066152239668341,5.848785355117396e-06,0.0030246672616786,0.0094199762319165,5
letter_recognition,0,outliers_mild,5,0.01173786707814386,1.687084321375335e-07,0.0113897284279214,0.0124740207474809,5
letter_recognition,0,outliers_severe,5,0.033943437249022504,2.121890921274283e-06,0.0322328953950417,0.0364587653448787,5
letter_recognition,0,scale_mild,5,0.00193533820583296,2.9408607485896637e-06,-0.0002236324801233,0.0046161655067811,5
letter_recognition,0,scale_severe,5,0.00753450905242682,5.225163006585418e-06,0.0048969454676472,0.0115004594842192,5
letter_recognition,1,class_prevalence_mild,5,0.007407165591898459,5.200824551657914e-07,0.0062586765787137,0.008298331006285,5
letter_recognition,1,class_prevalence_severe,5,0.01533703096803678,1.0816122944485412e-05,0.011543111787822,0.0207780881840183,5
letter_recognition,1,local_overlap_mild,5,0.00273083618056564,1.506460349835445e-06,0.0004925392636356,0.0039756767926095,5
letter_recognition,1,local_overlap_severe,5,0.0069791448895481,4.15196871086914e-06,0.0036187944571842,0.0093767066558919,5
letter_recognition,1,location_mild,5,0.00473459417266168,1.4411185365874939e-05,-0.000995275143523,0.0104696753017622,5
letter_recognition,1,location_severe,5,0.025279619585600138,1.9136480979222878e-05,0.017970313228633,0.0312644791032334,5
letter_recognition,1,mcar_mild,5,0.01768013510110674,1.5788452894360603e-06,0.016087766213461,0.0195965579773071,5
letter_recognition,1,mcar_severe,5,0.07182673476540648,8.043515192050416e-06,0.0679513867064562,0.076468589686386,5
letter_recognition,1,measurement_noise_mild,5,0.00180107152974774,3.428406142234682e-07,0.0012506259151278,0.0027922313530674,5
letter_recognition,1,measurement_noise_severe,5,0.00888400179801492,1.3151751860696461e-06,0.0068895660250797,0.0104161663606713,5
letter_recognition,1,outliers_mild,5,0.01344823536417326,3.8480341816913455e-07,0.0123007136253876,0.0141878097409589,5
letter_recognition,1,outliers_severe,5,0.03422196982941298,1.6800916223236395e-06,0.0318603563819409,0.035671566100212,5
letter_recognition,1,scale_mild,5,-0.00276555483003782,5.657454519364508e-06,-0.0065352477459739,0.0003794918753745,5
letter_recognition,1,scale_severe,5,0.00272130058958224,1.8654942984531594e-05,-0.0021042673518909,0.0093400017267576,5
letter_recognition,2,class_prevalence_mild,5,-0.011832302948628661,3.5627267230291323e-06,-0.0142388365489971,-0.0095652173583103,5
letter_recognition,2,class_prevalence_severe,5,-0.04108390750458676,6.962117472695791e-05,-0.0499478278851691,-0.0273583645558461,5
letter_recognition,2,local_overlap_mild,5,0.00245906743286754,5.816078050757189e-07,0.0013355848990094,0.003546999033099,5
letter_recognition,2,local_overlap_severe,5,0.00791653015256136,3.880092020162627e-06,0.0055175983313294,0.0114433379746208,5
letter_recognition,2,location_mild,5,0.0039692429820178,5.9725306106187456e-06,0.0010307740873531,0.0072771648102687,5
letter_recognition,2,location_severe,5,0.01704428798432474,4.3657314788115105e-06,0.0134449345072307,0.0191353512405781,5
letter_recognition,2,mcar_mild,5,0.01619975211932638,6.559772782762856e-06,0.0130403004952572,0.0206482960463005,5
letter_recognition,2,mcar_severe,5,0.05928405409898342,2.5745187058866936e-05,0.0498839321290135,0.0632070017935717,5
letter_recognition,2,measurement_noise_mild,5,0.0010597181892320622,1.6827639244744513e-06,-3.7722631741898814e-06,0.003545610267599,5
letter_recognition,2,measurement_noise_severe,5,0.00796060837206348,4.502760932605862e-06,0.0052495065582906,0.0113997164912199,5
letter_recognition,2,outliers_mild,5,0.00970592276895592,1.0176825478316065e-06,0.0082354593460818,0.011210274241077,5
letter_recognition,2,outliers_severe,5,0.02975130996640372,7.430483936296304e-06,0.0267089088969565,0.0341545756386238,5
letter_recognition,2,scale_mild,5,-0.0004274279854996399,1.5221241194803676e-05,-0.004026194303871,0.0070112384941173,5
letter_recognition,2,scale_severe,5,0.00629314272544038,3.70177825005973e-05,0.0013957375655143,0.0181678118986746,5
letter_recognition,3,class_prevalence_mild,5,-0.01410120050346234,3.835137953027188e-05,-0.0193225572730026,-0.0021507398917681,5
letter_recognition,3,class_prevalence_severe,5,-0.03420037634203872,0.00021953035543087156,-0.0487180781029308,-0.006550495230768,5
letter_recognition,3,local_overlap_mild,5,0.0015609278306096398,1.491893139841298e-06,-0.0004457134460602,0.0033171434238995,5
letter_recognition,3,local_overlap_severe,5,0.005807165381443801,2.951375619873531e-06,0.0037852403626787,0.0089184720378442,5
letter_recognition,3,location_mild,5,0.007004553244880721,6.538816888880994e-06,0.0041129584498965,0.0106924215102731,5
letter_recognition,3,location_severe,5,0.02449802924956352,1.5201550030459745e-05,0.0198360130736368,0.0310667267762583,5
letter_recognition,3,mcar_mild,5,0.01707343408748596,1.0171311305229078e-06,0.0154908286910612,0.0182085972119262,5
letter_recognition,3,mcar_severe,5,0.06352610061686752,1.3915573735072577e-05,0.0575165583958424,0.0690292499317837,5
letter_recognition,3,measurement_noise_mild,5,0.0008754502451706594,2.6323888624231802e-06,-0.0014501941049599,0.0032046203152281,5
letter_recognition,3,measurement_noise_severe,5,0.005916242513794701,3.061664983773401e-06,0.0037335240241442,0.0083193117086494,5
letter_recognition,3,outliers_mild,5,0.01102127379724668,8.646241268183649e-07,0.0102012010705438,0.0127662566772333,5
letter_recognition,3,outliers_severe,5,0.03123176504052272,3.346761211755515e-06,0.0298619909765882,0.0348412280668366,5
letter_recognition,3,scale_mild,5,0.00011017020213122003,3.2379497510021016e-06,-0.0018964255387173,0.0031703564678746,5
letter_recognition,3,scale_severe,5,0.00735445068392126,3.704703931018583e-06,0.0053022501650317,0.0108302906274347,5
letter_recognition,4,class_prevalence_mild,5,-0.027758471427297222,2.7406778188954883e-05,-0.0369862297806155,-0.0218009282125735,5
letter_recognition,4,class_prevalence_severe,5,-0.10756999940006247,0.00023430522874154082,-0.1349149390584272,-0.0937294385400155,5
letter_recognition,4,local_overlap_mild,5,0.00221096427159882,8.593628583148323e-07,0.0008303936143561,0.0036241579471375,5
letter_recognition,4,local_overlap_severe,5,0.00596619030665784,8.640908954987702e-07,0.0046124520082622,0.0071329960541384,5
letter_recognition,4,location_mild,5,-0.0013743671403969517,1.1018870006807551e-05,-0.0073437229256077,0.0024106348974388,5
letter_recognition,4,location_severe,5,0.010645418163589559,2.0941442860437814e-05,0.0031067417830048,0.0160990457322297,5
letter_recognition,4,mcar_mild,5,0.016490594709888777,6.361419985815057e-06,0.0121396258073863,0.0190304775876085,5
letter_recognition,4,mcar_severe,5,0.05950772216284228,8.5633193888066e-05,0.0445737996229672,0.0695449978501964,5
letter_recognition,4,measurement_noise_mild,5,0.0009521435543636799,1.3184768881599962e-06,-0.0012163106713323,0.0020347977807373,5
letter_recognition,4,measurement_noise_severe,5,0.00599685457036928,2.1172780648564503e-06,0.0037389092869933,0.0080801263036623,5
letter_recognition,4,outliers_mild,5,0.01141292904270968,4.813729468982677e-07,0.0102998667195124,0.0123307050712415,5
letter_recognition,4,outliers_severe,5,0.03452753901250342,3.208268527569892e-06,0.0323173511191901,0.0374403802792734,5
letter_recognition,4,scale_mild,5,0.00223280637121198,1.4438150655399794e-06,0.0001090006514758,0.0038180975618666,5
letter_recognition,4,scale_severe,5,0.00861823112939164,1.1768646902901692e-05,0.0045294856348141,0.0143185289384385,5
madelon,0,class_prevalence_mild,5,-0.0039408901945993,0.0,-0.0039408901945993,-0.0039408901945993,1
madelon,0,class_prevalence_severe,5,0.0162830025577229,0.0,0.0162830025577229,0.0162830025577229,1
madelon,0,local_overlap_mild,5,0.0027271425486654,0.0,0.0027271425486654,0.0027271425486654,1
madelon,0,local_overlap_severe,5,0.0135316583667106,0.0,0.0135316583667106,0.0135316583667106,1
madelon,0,location_mild,5,0.0053308841103637,0.0,0.0053308841103637,0.0053308841103637,1
madelon,0,location_severe,5,0.0124261613904401,0.0,0.0124261613904401,0.0124261613904401,1
madelon,0,mcar_mild,5,-0.007336904237493,0.0,-0.007336904237493,-0.007336904237493,1
madelon,0,mcar_severe,5,0.0113364680880028,0.0,0.0113364680880028,0.0113364680880028,1
madelon,0,measurement_noise_mild,5,-0.0014077757621507,0.0,-0.0014077757621507,-0.0014077757621507,1
madelon,0,measurement_noise_severe,5,0.0040443403606084,0.0,0.0040443403606084,0.0040443403606084,1
madelon,0,outliers_mild,5,-0.0028471506766261,0.0,-0.0028471506766261,-0.0028471506766261,1
madelon,0,outliers_severe,5,0.0013742441078966,0.0,0.0013742441078966,0.0013742441078966,1
madelon,0,scale_mild,5,0.0,0.0,0.0,0.0,1
madelon,0,scale_severe,5,0.0,0.0,0.0,0.0,1
madelon,1,class_prevalence_mild,5,0.0086779088052428,0.0,0.0086779088052428,0.0086779088052428,1
madelon,1,class_prevalence_severe,5,-0.0026824128121407,0.0,-0.0026824128121407,-0.0026824128121407,1
madelon,1,local_overlap_mild,5,0.006299782124690301,7.52316384526264e-37,0.0062997821246903,0.0062997821246903,1
madelon,1,local_overlap_severe,5,0.0148365042980692,0.0,0.0148365042980692,0.0148365042980692,1
madelon,1,location_mild,5,0.0118445322765048,0.0,0.0118445322765048,0.0118445322765048,1
madelon,1,location_severe,5,0.0050562212794835,0.0,0.0050562212794835,0.0050562212794835,1
madelon,1,mcar_mild,5,0.0038690676381598994,1.88079096131566e-37,0.0038690676381599,0.0038690676381599,1
madelon,1,mcar_severe,5,0.0086123439039137,0.0,0.0086123439039137,0.0086123439039137,1
madelon,1,measurement_noise_mild,5,0.003868095326392,0.0,0.003868095326392,0.003868095326392,1
madelon,1,measurement_noise_severe,5,0.0038690676381598994,1.88079096131566e-37,0.0038690676381599,0.0038690676381599,1
madelon,1,outliers_mild,5,0.0038686509328792,0.0,0.0038686509328792,0.0038686509328792,1
madelon,1,outliers_severe,5,0.0118576257445579,0.0,0.0118576257445579,0.0118576257445579,1
madelon,1,scale_mild,5,0.0013188119417097,0.0,0.0013188119417097,0.0013188119417097,1
madelon,1,scale_severe,5,0.0013188119417097,0.0,0.0013188119417097,0.0013188119417097,1
madelon,2,class_prevalence_mild,5,0.0094317270138081,0.0,0.0094317270138081,0.0094317270138081,1
madelon,2,class_prevalence_severe,5,-0.0076061811199335,0.0,-0.0076061811199335,-0.0076061811199335,1
madelon,2,local_overlap_mild,5,0.0060044159938426,0.0,0.0060044159938426,0.0060044159938426,1
madelon,2,local_overlap_severe,5,0.013164982438554702,3.009265538105056e-36,0.0131649824385547,0.0131649824385547,1
madelon,2,location_mild,5,0.0,0.0,0.0,0.0,1
madelon,2,location_severe,5,0.0012604546668939,0.0,0.0012604546668939,0.0012604546668939,1
madelon,2,mcar_mild,5,0.0081999916321216,0.0,0.0081999916321216,0.0081999916321216,1
madelon,2,mcar_severe,5,0.01027298572714,0.0,0.01027298572714,0.01027298572714,1
madelon,2,measurement_noise_mild,5,0.0036911652319866995,1.88079096131566e-37,0.0036911652319867,0.0036911652319867,1
madelon,2,measurement_noise_severe,5,0.0092524541809884,0.0,0.0092524541809884,0.0092524541809884,1
madelon,2,outliers_mild,5,0.0,0.0,0.0,0.0,1
madelon,2,outliers_severe,5,0.01027052990933,0.0,0.01027052990933,0.01027052990933,1
madelon,2,scale_mild,5,0.0,0.0,0.0,0.0,1
madelon,2,scale_severe,5,0.0,0.0,0.0,0.0,1
madelon,3,class_prevalence_mild,5,0.014291186847422598,3.009265538105056e-36,0.0142911868474226,0.0142911868474226,1
madelon,3,class_prevalence_severe,5,0.0253057700273517,0.0,0.0253057700273517,0.0253057700273517,1
madelon,3,local_overlap_mild,5,0.009485705223591,0.0,0.009485705223591,0.009485705223591,1
madelon,3,local_overlap_severe,5,0.0170742955078619,0.0,0.0170742955078619,0.0170742955078619,1
madelon,3,location_mild,5,0.0049774423774768,0.0,0.0049774423774768,0.0049774423774768,1
madelon,3,location_severe,5,0.0125458057733023,0.0,0.0125458057733023,0.0125458057733023,1
madelon,3,mcar_mild,5,0.0061509063440081,0.0,0.0061509063440081,0.0061509063440081,1
madelon,3,mcar_severe,5,0.0037793254616378,0.0,0.0037793254616378,0.0037793254616378,1
madelon,3,measurement_noise_mild,5,-0.0040462780702391,0.0,-0.0040462780702391,-0.0040462780702391,1
madelon,3,measurement_noise_severe,5,-0.0040462269729563,0.0,-0.0040462269729563,-0.0040462269729563,1
madelon,3,outliers_mild,5,0.0061508547091142,0.0,0.0061508547091142,0.0061508547091142,1
madelon,3,outliers_severe,5,0.0094856275075289,0.0,0.0094856275075289,0.0094856275075289,1
madelon,3,scale_mild,5,0.0,0.0,0.0,0.0,1
madelon,3,scale_severe,5,0.0,0.0,0.0,0.0,1
madelon,4,class_prevalence_mild,5,-0.023303513000269,0.0,-0.023303513000269,-0.023303513000269,1
madelon,4,class_prevalence_severe,5,0.0119775855833931,0.0,0.0119775855833931,0.0119775855833931,1
madelon,4,local_overlap_mild,5,0.0012329603213063,0.0,0.0012329603213063,0.0012329603213063,1
madelon,4,local_overlap_severe,5,0.0079977513498925,0.0,0.0079977513498925,0.0079977513498925,1
madelon,4,location_mild,5,0.0047993704292286,0.0,0.0047993704292286,0.0047993704292286,1
madelon,4,location_severe,5,0.0191586792256964,0.0,0.0191586792256964,0.0191586792256964,1
madelon,4,mcar_mild,5,-0.0052221120305522,0.0,-0.0052221120305522,-0.0052221120305522,1
madelon,4,mcar_severe,5,1.2237344816520834e-05,0.0,1.2237344816520834e-05,1.2237344816520834e-05,1
madelon,4,measurement_noise_mild,5,5.736217165777657e-06,0.0,5.736217165777657e-06,5.736217165777657e-06,1
madelon,4,measurement_noise_severe,5,0.0047428793424728,0.0,0.0047428793424728,0.0047428793424728,1
madelon,4,outliers_mild,5,0.0012390867039748,0.0,0.0012390867039748,0.0012390867039748,1
madelon,4,outliers_severe,5,-0.0065928128289973,0.0,-0.0065928128289973,-0.0065928128289973,1
madelon,4,scale_mild,5,0.0,0.0,0.0,0.0,1
madelon,4,scale_severe,5,0.0,0.0,0.0,0.0,1
mice_protein_expression,0,class_prevalence_mild,5,-0.03415578078553216,0.00011473959564789879,-0.0502456965280833,-0.0250195281394064,5
mice_protein_expression,0,class_prevalence_severe,5,-0.06973327480945476,0.0003164488322354774,-0.0951537171113918,-0.039964877500503,5
mice_protein_expression,0,local_overlap_mild,5,0.01034198339007308,6.115246531622972e-05,0.0019970198474979,0.024388603844032,5
mice_protein_expression,0,local_overlap_severe,5,0.013062220405048,9.702698757426752e-05,-0.0001513042828427,0.0280312475203826,5
mice_protein_expression,0,location_mild,5,0.004971428896788681,0.0002678528865061124,-0.0162410921639427,0.0251319138686638,5
mice_protein_expression,0,location_severe,5,-0.0019558676475582805,0.00010857993655871371,-0.0176950276198925,0.0112490922419553,5
mice_protein_expression,0,mcar_mild,5,0.00219443183138188,0.00013655858273994146,-0.0185232289761906,0.0171252110641112,5
mice_protein_expression,0,mcar_severe,5,0.0133766376403817,0.00011141611593822264,-0.0017696019804612,0.0286191863694336,5
mice_protein_expression,0,measurement_noise_mild,5,-0.0051572445916407,5.6264287192106e-05,-0.0146057573050469,0.0064985940013654,5
mice_protein_expression,0,measurement_noise_severe,5,-0.00805274935084628,7.978027730817169e-05,-0.0232005242528848,0.004464252758446,5
mice_protein_expression,0,outliers_mild,5,0.0037476108882415803,9.671620400519221e-06,-0.0009670966281964,0.0081364216206469,5
mice_protein_expression,0,outliers_severe,5,0.030262080110316097,1.0254959826314901e-05,0.0254071976917447,0.0341879446232981,5
mice_protein_expression,0,scale_mild,5,-0.0065149153049911,0.00012224090656342255,-0.0250035591771948,0.0070935248342039,5
mice_protein_expression,0,scale_severe,5,-0.0030920915972084398,6.000750608650678e-05,-0.0133162726155095,0.003851363477176,5
mice_protein_expression,1,class_prevalence_mild,5,0.010329455953595081,0.000540331131702693,-0.0083404294392621,0.0449456758836849,3
mice_protein_expression,1,class_prevalence_severe,5,0.03275698557478556,0.0003953678019371202,0.0174577261340259,0.0662257122802517,3
mice_protein_expression,1,local_overlap_mild,5,-0.014628145063021361,1.853466497265885e-05,-0.0220962856533059,-0.0086116894723665,3
mice_protein_expression,1,local_overlap_severe,5,-0.013636202014109939,0.000129492808358918,-0.0228652811981238,0.0022864516832873,3
mice_protein_expression,1,location_mild,5,0.05524344541806704,0.000217780168757828,0.038857334047753,0.083108703293328,3
mice_protein_expression,1,location_severe,5,0.10979054281208131,0.0001241694161010113,0.0938914427713973,0.128886586441538,3
mice_protein_expression,1,mcar_mild,5,-0.0238578589793212,6.04097629845163e-05,-0.0393992800453972,-0.0198687797276128,3
mice_protein_expression,1,mcar_severe,5,-0.0411116281617449,0.0003340771127669299,-0.0775748337992894,-0.0311577308386289,3
mice_protein_expression,1,measurement_noise_mild,5,0.00098744025911082,4.154547653611574e-05,-0.0036635595748418,0.0127330534897587,3
mice_protein_expression,1,measurement_noise_severe,5,0.00291290255486138,3.4841359272268505e-05,-0.0034997200635306,0.0141131138244886,3
mice_protein_expression,1,outliers_mild,5,0.01131694906331296,1.1182078835371491e-05,0.008824120777178,0.0172130349842526,3
mice_protein_expression,1,outliers_severe,5,0.03429952195333016,1.746912645800654e-05,0.0312772977817426,0.0419022099513134,3
mice_protein_expression,1,scale_mild,5,0.03294917255604442,0.00021996061779065848,0.0213793050978725,0.0572263772802178,3
mice_protein_expression,1,scale_severe,5,0.056219457210513836,0.00025176288570217517,0.0460350374297352,0.0870024788133581,3
mice_protein_expression,2,class_prevalence_mild,5,-0.04084527829186117,0.00016877312353744844,-0.0606975134303474,-0.0280310051231014,5
mice_protein_expression,2,class_prevalence_severe,5,-0.08139893051600829,0.0015962684315274326,-0.1302373701725332,-0.0333463092616317,5
mice_protein_expression,2,local_overlap_mild,5,0.0064333053470116,0.00026400520874886345,-0.0123839520293968,0.0338381826154566,5
mice_protein_expression,2,local_overlap_severe,5,0.03021316390577682,0.00032363035533334574,0.0023572928218412,0.0553384398706018,5
mice_protein_expression,2,location_mild,5,-0.006789102855688481,0.0004163547945461174,-0.032854428598071,0.0179245172764664,5
mice_protein_expression,2,location_severe,5,0.027022811428416237,0.00019564592045237164,0.0125531267788843,0.0469664849856354,5
mice_protein_expression,2,mcar_mild,5,-0.01225532719032826,0.00032412537628481833,-0.0449045991573544,0.0096525808268204,5
mice_protein_expression,2,mcar_severe,5,0.008337719714621921,0.0007761422290740469,-0.0213720802471537,0.0590584110008129,5
mice_protein_expression,2,measurement_noise_mild,5,-0.00073474264920464,1.1694542063599245e-05,-0.0064117817754013,0.0030042440060787,5
mice_protein_expression,2,measurement_noise_severe,5,0.006240136003489801,2.6183180022513115e-05,-0.0001566617028045,0.0107084187118296,5
mice_protein_expression,2,outliers_mild,5,0.011202005525028539,2.2999601605834547e-05,0.005057796089697,0.0190159590273504,5
mice_protein_expression,2,outliers_severe,5,0.030928164274716,0.00016205791375592768,0.0105193166424263,0.0500910567702769,5
mice_protein_expression,2,scale_mild,5,0.00025621654803190005,5.550203548034995e-05,-0.0101798388915043,0.012673365795607,5
mice_protein_expression,2,scale_severe,5,0.01722565377332744,0.00025269940654043787,-0.0006311577373659,0.0438230615112325,5
mice_protein_expression,3,class_prevalence_mild,5,0.00414515834855358,0.00022825180631277884,-0.0129286439823211,0.0281742193204217,5
mice_protein_expression,3,class_prevalence_severe,5,-0.0008053525030510003,0.0011125207787895887,-0.0375627893028791,0.0553176700790275,5
mice_protein_expression,3,local_overlap_mild,5,-0.0014524492596893798,1.4037219464186575e-05,-0.0077973915122453,0.0024268597117421,5
mice_protein_expression,3,local_overlap_severe,5,0.0026870928908833197,3.545201755072017e-05,-0.0050606143050677,0.0130488962169854,5
mice_protein_expression,3,location_mild,5,-0.01673781033194446,0.00029814385694719106,-0.0370354233365116,0.0139123358467669,5
mice_protein_expression,3,location_severe,5,-0.02163410953886536,0.0015110327921421622,-0.0486461108459595,0.0545275006388566,5
mice_protein_expression,3,mcar_mild,5,0.0018418824091527997,1.4734462922773428e-05,-0.0024132387781277,0.0083936736492058,5
mice_protein_expression,3,mcar_severe,5,-0.0004860252899675403,0.00021482932591108,-0.0126174613751743,0.026878068285233,5
mice_protein_expression,3,measurement_noise_mild,5,-0.0031748681180298597,3.29951189097065e-05,-0.0118592210684903,0.0043123710454073,5
mice_protein_expression,3,measurement_noise_severe,5,-0.00120233384483982,2.2098786676131407e-05,-0.006204732660642,0.0064082781939334,5
mice_protein_expression,3,outliers_mild,5,0.009166514052147799,1.9106679710560748e-05,0.0044096103092527,0.0152366252282999,5
mice_protein_expression,3,outliers_severe,5,0.021438924194521942,0.00011677919397744563,0.0092027484439183,0.0373705632437351,5
mice_protein_expression,3,scale_mild,5,-0.00013101427307015968,0.000139277016091625,-0.0176921289528626,0.0129719325731575,5
mice_protein_expression,3,scale_severe,5,0.00257510171632412,0.00028182510097651906,-0.018079516237852,0.0229192456719586,5
mice_protein_expression,4,class_prevalence_mild,5,-0.01868117009758054,0.00032743893676966346,-0.0346415426720299,0.0158559458284588,5
mice_protein_expression,4,class_prevalence_severe,5,-0.0315219418864523,0.0029494177282644502,-0.0945474477927236,0.0690299800914586,5
mice_protein_expression,4,local_overlap_mild,5,-0.002557208065900156,5.323148125395226e-05,-0.0162109543990492,0.0048564249863903,5
mice_protein_expression,4,local_overlap_severe,5,-0.006326093318755881,5.869506834554265e-05,-0.0204260164489736,0.0005380968269827,5
mice_protein_expression,4,location_mild,5,-0.0064407216984774,0.00022524316766912153,-0.0241017350344297,0.0182145441389665,5
mice_protein_expression,4,location_severe,5,-0.0017361674717045004,0.0003553255793183966,-0.0267418910825706,0.031331596539914,5
mice_protein_expression,4,mcar_mild,5,8.902216873617995e-05,8.490371245066609e-05,-0.0144220234277027,0.0137650470177015,5
mice_protein_expression,4,mcar_severe,5,-0.015404263455576281,0.00023014061748320561,-0.0351716258491426,0.0069938825919932,5
mice_protein_expression,4,measurement_noise_mild,5,-0.0009969903811759399,9.895261959396082e-06,-0.0052358667486844,0.0041009676008895,5
mice_protein_expression,4,measurement_noise_severe,5,-0.0006662430359015599,5.1017728828334086e-05,-0.0094612846490896,0.0078458344667631,5
mice_protein_expression,4,outliers_mild,5,0.0091600839868939,1.2813466940193413e-05,0.002569330652401,0.0134681499293175,5
mice_protein_expression,4,outliers_severe,5,0.0257350745928271,4.9162563103849846e-05,0.014140934561087,0.0325596359130776,5
mice_protein_expression,4,scale_mild,5,0.0041906435178261595,8.052468657735815e-05,-0.0066283163636527,0.0199427635683742,5
mice_protein_expression,4,scale_severe,5,0.008385261902656439,0.0001552520639968311,-0.0143370615148976,0.0220949365462517,5
pendigits,0,class_prevalence_mild,5,0.015527123609290396,6.163051977067486e-05,7.885206608537754e-05,0.0221059770629954,3
pendigits,0,class_prevalence_severe,5,0.015965684275956,0.000541091621834291,-0.0214220864996664,0.0521195946467784,3
pendigits,0,local_overlap_mild,5,0.05028168212719366,3.902841461235818e-05,0.0426292352974295,0.0553825587904048,3
pendigits,0,local_overlap_severe,5,0.15577862292267244,0.0005496899743674136,0.1167213595183929,0.1739175660840966,3
pendigits,0,location_mild,5,0.01584178693989412,5.765080370507987e-06,0.0116470437752954,0.0176449352373662,3
pendigits,0,location_severe,5,0.0531691981434859,4.306584304948916e-05,0.0446367828982253,0.058521082493174,3
pendigits,0,mcar_mild,5,0.033266917013177674,2.985604901427626e-05,0.024799531742138,0.0376134770347403,3
pendigits,0,mcar_severe,5,0.13241219136169766,0.0001401585191103681,0.1137986542751627,0.1417888592013068,3
pendigits,0,measurement_noise_mild,5,7.626165734991751e-05,1.8252215261540437e-08,-0.0001789078950547,0.0001687357770276,3
pendigits,0,measurement_noise_severe,5,0.00986285525810574,1.5178262021044303e-05,0.0050384150392438,0.0130437497066118,3
pendigits,0,outliers_mild,5,0.04281208805690666,6.639470285393213e-06,0.039399979434938,0.0449115850564927,3
pendigits,0,outliers_severe,5,0.12885687370106536,0.00010186413122416618,0.1153384915470011,0.1370745761011,3
pendigits,0,scale_mild,5,0.00052147566149606,2.756448522482231e-06,-0.0027920187911181,0.0015587495254216,3
pendigits,0,scale_severe,5,0.00258438509754856,4.900740354640998e-06,-0.0018411400827866,0.0038195405291446,3
pendigits,1,class_prevalence_mild,5,-0.0722093351313883,6.686123736106701e-05,-0.0832863347029623,-0.0649086617451839,4
pendigits,1,class_prevalence_severe,5,-0.16687286496446635,0.0003251566919938585,-0.2010668240306736,-0.1523508525431385,4
pendigits,1,local_overlap_mild,5,0.04504282419027544,5.133548771338538e-05,0.0325540099516127,0.0520926950849903,4
pendigits,1,local_overlap_severe,5,0.1646950300859055,0.0010466693874221342,0.1045950036391388,0.1919483592332128,4
pendigits,1,location_mild,5,-0.01105946290818184,1.63648399669653e-05,-0.0157990026357331,-0.0060784375847497,4
pendigits,1,location_severe,5,0.03861602504788938,3.5141671214158284e-05,0.0330598841033792,0.0492865750176535,4
pendigits,1,mcar_mild,5,0.02774761150701758,1.2825854299272513e-05,0.0219812741202427,0.0314822736318948,4
pendigits,1,mcar_severe,5,0.13356774543034894,0.0002593593945878408,0.102432218240808,0.1487436325503332,4
pendigits,1,measurement_noise_mild,5,0.00290012392457872,6.631500066699701e-07,0.0017146030768711,0.0042341552694811,4
pendigits,1,measurement_noise_severe,5,0.014309861031300941,1.805257828456245e-05,0.0087523873753552,0.0194099102676587,4
pendigits,1,outliers_mild,5,0.03703129340761492,3.057341940921916e-05,0.0263371573661789,0.0412829208175349,4
pendigits,1,outliers_severe,5,0.11645358645147383,0.00011672881021636062,0.095986583525733,0.1270114463130256,4
pendigits,1,scale_mild,5,-0.00400547153432474,7.093592629227621e-06,-0.0064855119359521,0.0007048368362488,4
pendigits,1,scale_severe,5,-0.005837860605411539,1.9747611569128865e-05,-0.0103981465688179,0.0014765346463111,4
pendigits,2,class_prevalence_mild,5,-0.07436762212305073,0.0002014541483722644,-0.0946117714509985,-0.0541604961211796,4
pendigits,2,class_prevalence_severe,5,-0.1371323574860101,0.00073082220827235,-0.1775924644434923,-0.0974825344425327,4
pendigits,2,local_overlap_mild,5,0.03812434917660506,9.402883335667355e-05,0.0207949936350713,0.046706318925176,4
pendigits,2,local_overlap_severe,5,0.11854756727694608,0.0011323479286299155,0.0637621301971367,0.153470479128024,4
pendigits,2,location_mild,5,-0.001935797732526,0.00021143990784206986,-0.0145974834192611,0.0207115401721912,4
pendigits,2,location_severe,5,0.037475267248260904,2.9217853432532718e-05,0.0297500537936362,0.0462784270072081,4
pendigits,2,mcar_mild,5,0.022143725703501697,3.7241542866758726e-05,0.0140147658671503,0.0282774820179274,4
pendigits,2,mcar_severe,5,0.11431710319376634,0.00041525289404367813,0.0795868382994728,0.1337431660874605,4
pendigits,2,measurement_noise_mild,5,0.0016981548707816,1.1065589713933303e-07,0.0010546420850997,0.0019993855086609,4
pendigits,2,measurement_noise_severe,5,0.01046717976606332,4.503676974551618e-06,0.007458618754587,0.0128875392617388,4
pendigits,2,outliers_mild,5,0.043956553684670496,1.5245224896541411e-05,0.0379102403492345,0.0476990735610991,4
pendigits,2,outliers_severe,5,0.11693872220042886,9.97204151981707e-05,0.1008414923192996,0.1275108777718511,4
pendigits,2,scale_mild,5,-0.005487872012573359,5.3324248388295185e-06,-0.0075950569426176,-0.0011031269510082,4
pendigits,2,scale_severe,5,-0.0036839819867372004,1.2447568256216093e-05,-0.0083550866753795,0.0017645288282195,4
pendigits,3,class_prevalence_mild,5,-0.08970406597051059,0.00010336317802296907,-0.1048254341535437,-0.0745299718348209,4
pendigits,3,class_prevalence_severe,5,-0.2125288943348303,0.0005725941844862113,-0.2533746197914508,-0.1941276699911889,4
pendigits,3,local_overlap_mild,5,0.05373570932305538,4.279591798109603e-05,0.042104393041821,0.0586336186446594,4
pendigits,3,local_overlap_severe,5,0.16787548362749594,0.0010005427058258443,0.108199319126534,0.1911136504462623,4
pendigits,3,location_mild,5,0.020330289409656484,9.757146599848518e-05,0.0086551867470107,0.0368695147054068,4
pendigits,3,location_severe,5,0.07154036669410654,0.0007299716468373652,0.027218218684263,0.1046760370866017,4
pendigits,3,mcar_mild,5,0.032266068682376005,2.5274076375470356e-05,0.024911787161343,0.0365486901794676,4
pendigits,3,mcar_severe,5,0.13488552340975146,0.00025113115996016364,0.1048386662135648,0.1506870841435239,4
pendigits,3,measurement_noise_mild,5,-0.0009517914860019428,3.0854977303762113e-06,-0.0029135789231928,0.0016404854258954,4
pendigits,3,measurement_noise_severe,5,0.02065381501325084,4.387853363303454e-06,0.017840951319868,0.0229672576569087,4
pendigits,3,outliers_mild,5,0.04136621588686156,4.061095322988149e-06,0.0381540544061415,0.0441255906139738,4
pendigits,3,outliers_severe,5,0.1241458078712423,7.619428984501135e-05,0.1067959072883667,0.1297496504397863,4
pendigits,3,scale_mild,5,-0.00479437491289208,1.2491476630696319e-06,-0.0055069432025416,-0.0025648693043328,4
pendigits,3,scale_severe,5,-0.008814092214492239,7.073884966322167e-06,-0.0114011890408834,-0.0048318337006917,4
pendigits,4,class_prevalence_mild,5,0.06393096069636466,0.00015981913131720392,0.0419714154398955,0.0750423473345326,4
pendigits,4,class_prevalence_severe,5,0.12552663595086327,7.278457097885918e-05,0.1123225054917541,0.1378015098069148,4
pendigits,4,local_overlap_mild,5,0.046079000075912556,4.808820300852576e-05,0.0355858980137012,0.0573909884429628,4
pendigits,4,local_overlap_severe,5,0.1540907646506046,0.0010262042946030344,0.1015539365908289,0.1981165433491409,4
pendigits,4,location_mild,5,0.00375412626698208,9.63644196418302e-06,0.0015204298590185,0.0098248240725534,4
pendigits,4,location_severe,5,0.00817799775634294,1.3544304362059543e-05,0.003564378175103,0.0115488734079113,4
pendigits,4,mcar_mild,5,0.03465592076699814,2.5190050464358527e-05,0.0262080313788922,0.0404529598318744,5
pendigits,4,mcar_severe,5,0.14294551466053537,0.00017946297262328906,0.1188605836705128,0.156880500293143,4
pendigits,4,measurement_noise_mild,5,0.00340117173366592,5.57280012930016e-06,0.0010331759999497,0.006310823900683,4
pendigits,4,measurement_noise_severe,5,0.01722260357657942,9.426963149019408e-06,0.0124023053070248,0.0220370645545,4
pendigits,4,outliers_mild,5,0.03975570317722144,1.09064009785677e-05,0.0339332227819165,0.0441348330755464,4
pendigits,4,outliers_severe,5,0.12532503646317542,0.00010426081812231304,0.1072070444251976,0.1352484387946856,4
pendigits,4,scale_mild,5,-0.0048359354742795,9.163641810563324e-06,-0.0087809756868912,0.0004633477074281,5
pendigits,4,scale_severe,5,-0.00294874675424942,1.0917578893483823e-05,-0.0076322678378297,0.0023592648783307,4
satimage,0,class_prevalence_mild,5,0.038191509738167685,0.00014036086984628362,0.0144967111657988,0.0441152093812599,2
satimage,0,class_prevalence_severe,5,0.00585808007863322,0.000243311511566998,-0.0253388115336411,0.0136573029817018,2
satimage,0,local_overlap_mild,5,0.06849581465969602,7.002141446358088e-06,0.0671727366719759,0.0737881266105765,2
satimage,0,local_overlap_severe,5,0.13599042916676424,2.5426043178507634e-05,0.12590558049591,0.1385116413344778,2
satimage,0,location_mild,5,0.00271207781505606,8.993501089576546e-05,-0.0020296257526442,0.0216788920858571,2
satimage,0,location_severe,5,0.04090293150891876,2.1496242399252654e-06,0.0401698516633485,0.0438352508911998,2
satimage,0,mcar_mild,5,0.03120793152733222,7.39908434469528e-05,0.0140043454538471,0.0355088280457035,2
satimage,0,mcar_severe,5,0.10527493281347797,0.0011756132715520647,0.0367004981733859,0.122418541473501,2
satimage,0,measurement_noise_mild,5,-0.00051001379367212,6.0415978952726765e-09,-0.000665469226453,-0.0004711499354769,2
satimage,0,measurement_noise_severe,5,0.00527740311735696,7.465796937341861e-07,0.003549306252324,0.0057094273336152,2
satimage,0,outliers_mild,5,0.02585040769924144,3.229342510645758e-05,0.0144849468451524,0.0286917729127637,2
satimage,0,outliers_severe,5,0.0823989221831041,0.00016714904986896658,0.0565416949637005,0.088863228987955,2
satimage,0,scale_mild,5,-0.01724211538941904,9.351210235222368e-05,-0.0220771981796157,0.0020982157713676,2
satimage,0,scale_severe,5,-0.01653395870232602,0.00014801680688838253,-0.0226170666022482,0.0077984728973627,2
satimage,1,class_prevalence_mild,5,0.0266302153095443,0.0,0.0266302153095443,0.0266302153095443,1
satimage,1,class_prevalence_severe,5,0.0376049480517312,0.0,0.0376049480517312,0.0376049480517312,1
satimage,1,local_overlap_mild,5,0.0571618873079496,0.0,0.0571618873079496,0.0571618873079496,1
satimage,1,local_overlap_severe,5,0.1466684644723346,0.0,0.1466684644723346,0.1466684644723346,1
satimage,1,location_mild,5,0.025944649753514504,1.2037062152420224e-35,0.0259446497535145,0.0259446497535145,1
satimage,1,location_severe,5,0.0547183374564843,0.0,0.0547183374564843,0.0547183374564843,1
satimage,1,mcar_mild,5,0.027348272030062896,1.2037062152420224e-35,0.0273482720300629,0.0273482720300629,1
satimage,1,mcar_severe,5,0.1285328701874905,0.0,0.1285328701874905,0.1285328701874905,1
satimage,1,measurement_noise_mild,5,-0.0030749681969614,0.0,-0.0030749681969614,-0.0030749681969614,1
satimage,1,measurement_noise_severe,5,-0.0006888314203,0.0,-0.0006888314203,-0.0006888314203,1
satimage,1,outliers_mild,5,0.0259516651346886,0.0,0.0259516651346886,0.0259516651346886,1
satimage,1,outliers_severe,5,0.083989128890919,0.0,0.083989128890919,0.083989128890919,1
satimage,1,scale_mild,5,-0.0179547135744352,0.0,-0.0179547135744352,-0.0179547135744352,1
satimage,1,scale_severe,5,-0.0051630793229922,0.0,-0.0051630793229922,-0.0051630793229922,1
satimage,2,class_prevalence_mild,5,0.04741155778684172,0.00028061888873636906,0.0390357162061949,0.080914924109429,2
satimage,2,class_prevalence_severe,5,0.05720232171162072,0.0035134849725874037,0.0275649931689391,0.1757516358823472,2
satimage,2,local_overlap_mild,5,0.058015372653308826,0.0002739521968870443,0.024912369956451,0.0662911233275233,2
satimage,2,local_overlap_severe,5,0.12983114855125846,0.0009595183910486315,0.0678789608239915,0.1453191954830752,2
satimage,2,location_mild,5,0.01388554218668304,4.500010522611177e-05,0.01053143629889,0.0273019657378552,2
satimage,2,location_severe,5,0.03075208235542944,0.00024876147431778374,0.0228659953295689,0.0622964304588716,2
satimage,2,mcar_mild,5,0.0371884011348712,9.9647774110698e-05,0.017223654794314,0.0421795877200105,2
satimage,2,mcar_severe,5,0.11516436836778007,0.0006460765888029934,0.0643282950023836,0.1278733867091292,2
satimage,2,measurement_noise_mild,5,0.00273735382605272,2.788394065905692e-09,0.0026317433329016,0.0027637564493405,2
satimage,2,measurement_noise_severe,5,0.00515075858089926,8.606658296673693e-06,0.0036839032457798,0.0110181799213771,2
satimage,2,outliers_mild,5,0.021708724980495663,3.3691256650603356e-08,0.0216169490895294,0.0220758285443607,2
satimage,2,outliers_severe,5,0.07147031455727812,5.864908115237152e-09,0.0713171491810962,0.0715086059013236,2
satimage,2,scale_mild,5,-0.01182192030233818,2.3480875416358028e-05,-0.0142447737552093,-0.0021305064908537,2
satimage,2,scale_severe,5,-0.00768851044694258,5.1341053894464885e-06,-0.0088214386650401,-0.0031567975745525,2
satimage,3,class_prevalence_mild,5,0.055600898927762696,4.81482486096809e-35,0.0556008989277627,0.0556008989277627,1
satimage,3,class_prevalence_severe,5,0.0311228983306667,0.0,0.0311228983306667,0.0311228983306667,1
satimage,3,local_overlap_mild,5,0.0613412621998868,0.0,0.0613412621998868,0.0613412621998868,1
satimage,3,local_overlap_severe,5,0.1421125388903438,0.0,0.1421125388903438,0.1421125388903438,1
satimage,3,location_mild,5,-0.013472655293551999,3.009265538105056e-36,-0.013472655293552,-0.013472655293552,1
satimage,3,location_severe,5,0.0005234951469875,0.0,0.0005234951469875,0.0005234951469875,1
satimage,3,mcar_mild,5,0.025242364860046395,1.2037062152420224e-35,0.0252423648600464,0.0252423648600464,1
satimage,3,mcar_severe,5,0.1433008764547887,0.0,0.1433008764547887,0.1433008764547887,1
satimage,3,measurement_noise_mild,5,-0.0014295076199338,0.0,-0.0014295076199338,-0.0014295076199338,1
satimage,3,measurement_noise_severe,5,0.0057660741836889,0.0,0.0057660741836889,0.0057660741836889,1
satimage,3,outliers_mild,5,0.029898153243862902,1.2037062152420224e-35,0.0298981532438629,0.0298981532438629,1
satimage,3,outliers_severe,5,0.0708068560169361,0.0,0.0708068560169361,0.0708068560169361,1
satimage,3,scale_mild,5,-0.0072300527309652005,7.52316384526264e-37,-0.0072300527309652,-0.0072300527309652,1
satimage,3,scale_severe,5,-0.0042426581409295,0.0,-0.0042426581409295,-0.0042426581409295,1
satimage,4,class_prevalence_mild,5,0.0438763598827815,0.0,0.0438763598827815,0.0438763598827815,1
satimage,4,class_prevalence_severe,5,0.0749346423993305,0.0,0.0749346423993305,0.0749346423993305,1
satimage,4,local_overlap_mild,5,0.0582366179676863,0.0,0.0582366179676863,0.0582366179676863,1
satimage,4,local_overlap_severe,5,0.1389669494894235,0.0,0.1389669494894235,0.1389669494894235,1
satimage,4,location_mild,5,-0.0068458093765079,0.0,-0.0068458093765079,-0.0068458093765079,1
satimage,4,location_severe,5,-0.0174588033216899,0.0,-0.0174588033216899,-0.0174588033216899,1
satimage,4,mcar_mild,5,0.0229820063914694,0.0,0.0229820063914694,0.0229820063914694,1
satimage,4,mcar_severe,5,0.10156124245647132,1.925929944387236e-34,0.1015612424564713,0.1015612424564713,1
satimage,4,measurement_noise_mild,5,-0.0019826638977039,0.0,-0.0019826638977039,-0.0019826638977039,1
satimage,4,measurement_noise_severe,5,-0.0002501983065098,0.0,-0.0002501983065098,-0.0002501983065098,1
satimage,4,outliers_mild,5,0.0260716311834203,0.0,0.0260716311834203,0.0260716311834203,1
satimage,4,outliers_severe,5,0.0789619843403365,0.0,0.0789619843403365,0.0789619843403365,1
satimage,4,scale_mild,5,-0.0313178442231193,0.0,-0.0313178442231193,-0.0313178442231193,1
satimage,4,scale_severe,5,-0.0193812039974823,0.0,-0.0193812039974823,-0.0193812039974823,1
sonar,0,class_prevalence_mild,5,-0.019656011317071898,0.00029472277436434655,-0.03832405919282,0.0,3
sonar,0,class_prevalence_severe,5,-0.16109840209390713,0.00226145781768462,-0.2442702789814551,-0.1145162020421936,3
sonar,0,local_overlap_mild,5,0.0,0.0,0.0,0.0,1
sonar,0,local_overlap_severe,5,0.00314348225069222,3.95259226416681e-05,0.0,0.0157174112534611,2
sonar,0,location_mild,5,-0.01829594828725678,0.0002669525101531937,-0.0365341742955624,0.0,3
sonar,0,location_severe,5,-0.03593151937526858,0.000389745406947906,-0.0600918031086965,-0.0184113928451591,3
sonar,0,mcar_mild,5,-0.00231590931995088,8.045153967353022e-06,-0.0057897732998772,0.0,2
sonar,0,mcar_severe,5,-0.00978660276223982,0.00010546336450260779,-0.0214443134649125,0.0025808541763026,3
sonar,0,measurement_noise_mild,5,0.00141632153868436,3.0089500514118495e-06,0.0,0.0035408038467109,2
sonar,0,measurement_noise_severe,5,-0.004990341772284039,8.272474269842151e-05,-0.016016658277421,0.0035408038467109,3
sonar,0,outliers_mild,5,-0.006016981437946239,7.105903299522785e-05,-0.0163252043494459,0.0012827507545803,3
sonar,0,outliers_severe,5,-0.006202340927300459,6.896585634281941e-05,-0.0163252043494459,0.0012827507545803,3
sonar,0,scale_mild,5,0.0,0.0,0.0,0.0,1
sonar,0,scale_severe,5,-0.00821251956275816,0.0001011682163530282,-0.0205312989068954,0.0,2
sonar,1,class_prevalence_mild,5,-0.17107721548680108,0.011958247394077966,-0.2257541013575188,0.0476303279960698,2
sonar,1,class_prevalence_severe,5,-0.19854686428569543,0.003379715426876697,-0.3148175042061276,-0.1694792043055874,2
sonar,1,local_overlap_mild,5,0.0,0.0,0.0,0.0,1
sonar,1,local_overlap_severe,5,0.00557466473506582,0.00012430754763354587,0.0,0.0278733236753291,2
sonar,1,location_mild,5,-0.01123870930050202,2.27956778489314e-05,-0.0207876731917169,-0.0088514683276983,2
sonar,1,location_severe,5,-0.00863140224266078,0.0003553659387838201,-0.0463337066169995,0.0007941738509239,2
sonar,1,mcar_mild,5,-0.011617148046019921,2.189408338836027e-05,-0.0209753708235264,-0.0092775923516433,2
sonar,1,mcar_severe,5,-0.007847016286406178,1.477345791915559e-05,-0.009768829097215,-0.0001597650431709,2
sonar,1,measurement_noise_mild,5,0.0,0.0,0.0,0.0,1
sonar,1,measurement_noise_severe,5,-0.01699734456615658,0.0008881207108105652,-0.0766000529210817,-0.0020966674774253,2
sonar,1,outliers_mild,5,-0.0016773339819402399,7.033623217428751e-07,-0.0020966674774253,0.0,2
sonar,1,outliers_severe,5,0.0015599367970292003,5.348301927983567e-05,-0.0020966674774253,0.0161863538948472,2
sonar,1,scale_mild,5,-0.0016773339819402399,7.033623217428751e-07,-0.0020966674774253,0.0,2
sonar,1,scale_severe,5,-0.0013603694413399999,4.6265125423292593e-07,-0.001700461801675,0.0,2
sonar,2,class_prevalence_mild,5,-0.1776411905418005,0.0,-0.1776411905418005,-0.1776411905418005,1
sonar,2,class_prevalence_severe,5,0.0014942854638648,0.0,0.0014942854638648,0.0014942854638648,1
sonar,2,local_overlap_mild,5,0.0,0.0,0.0,0.0,1
sonar,2,local_overlap_severe,5,0.0,0.0,0.0,0.0,1
sonar,2,location_mild,5,0.0059199188866933,0.0,0.0059199188866933,0.0059199188866933,1
sonar,2,location_severe,5,0.0059199188866933,0.0,0.0059199188866933,0.0059199188866933,1
sonar,2,mcar_mild,5,0.0,0.0,0.0,0.0,1
sonar,2,mcar_severe,5,-0.0083306122771679,0.0,-0.0083306122771679,-0.0083306122771679,1
sonar,2,measurement_noise_mild,5,-0.0056116725341727,0.0,-0.0056116725341727,-0.0056116725341727,1
sonar,2,measurement_noise_severe,5,-0.0056116725341727,0.0,-0.0056116725341727,-0.0056116725341727,1
sonar,2,outliers_mild,5,-0.0056116725341727,0.0,-0.0056116725341727,-0.0056116725341727,1
sonar,2,outliers_severe,5,0.0025159739750613,0.0,0.0025159739750613,0.0025159739750613,1
sonar,2,scale_mild,5,0.0059199188866933,0.0,0.0059199188866933,0.0059199188866933,1
sonar,2,scale_severe,5,0.0059199188866933,0.0,0.0059199188866933,0.0059199188866933,1
sonar,3,class_prevalence_mild,5,-0.01766484142420946,0.0001157645098282618,-0.0230445372759343,0.0038539419826899,2
sonar,3,class_prevalence_severe,5,0.013700182522500059,2.9229733595785177e-05,0.0028872766048875,0.0164034090019032,2
sonar,3,local_overlap_mild,5,0.0,0.0,0.0,0.0,1
sonar,3,local_overlap_severe,5,0.0,0.0,0.0,0.0,1
sonar,3,location_mild,5,0.00205646211007688,1.4989837952402416e-06,0.0,0.0033136495492362,3
sonar,3,location_severe,5,-0.014988026256845999,0.00021967785977979713,-0.0330317818838174,0.0,3
sonar,3,mcar_mild,5,-0.0065097436585508,1.0594190625010589e-05,-0.0081371795731885,0.0,2
sonar,3,mcar_severe,5,-0.01019770098301428,8.194558271334022e-05,-0.0211252715345907,-0.0001211685175656,3
sonar,3,measurement_noise_mild,5,0.0,0.0,0.0,0.0,1
sonar,3,measurement_noise_severe,5,-0.0104244017703815,8.933185403364873e-05,-0.0211252715345907,0.0,3
sonar,3,outliers_mild,5,-0.0019022706205435,1.447453405513181e-05,-0.0095113531027175,0.0,2
sonar,3,outliers_severe,5,-0.0019022706205435,1.447453405513181e-05,-0.0095113531027175,0.0,2
sonar,3,scale_mild,5,0.00132545981969448,2.635265600436785e-06,0.0,0.0033136495492362,2
sonar,3,scale_severe,5,0.0014620045807648,5.343643485443147e-07,0.0,0.001827505725956,2
sonar,4,class_prevalence_mild,5,0.0126325605428247,0.001484576396801315,-0.0345571056480054,0.0440923380033781,2
sonar,4,class_prevalence_severe,5,-0.032869065604730054,0.007783649389217592,-0.140922173305649,0.0391663395292159,2
sonar,4,local_overlap_mild,5,0.0,0.0,0.0,0.0,1
sonar,4,local_overlap_severe,5,0.0,0.0,0.0,0.0,1
sonar,4,location_mild,5,-0.0186197084727183,4.912825897546187e-05,-0.0243426598660387,-0.0100352813827377,2
sonar,4,location_severe,5,-0.05657794426925479,0.00144414631237865,-0.0876063861935995,-0.0100352813827377,2
sonar,4,mcar_mild,5,-0.012534162565066542,0.0002091609127606002,-0.0243426598660387,0.0051785833863917,2
sonar,4,mcar_severe,5,-0.018178173787687858,5.826381454305922e-05,-0.0244105523888887,-0.0088296058858866,2
sonar,4,measurement_noise_mild,5,0.0,0.0,0.0,0.0,1
sonar,4,measurement_noise_severe,5,-0.01464633143333322,0.00014301001630336317,-0.0244105523888887,0.0,2
sonar,4,outliers_mild,5,0.0,0.0,0.0,0.0,1
sonar,4,outliers_severe,5,-1.3926008636603455e-05,1.2928914436450267e-10,-2.321001439433909e-05,0.0,2
sonar,4,scale_mild,5,-0.0040141125530950795,2.416964938337325e-05,-0.0100352813827377,0.0,2
sonar,4,scale_severe,5,-0.0040141125530950795,2.416964938337325e-05,-0.0100352813827377,0.0,2
spambase,0,class_prevalence_mild,5,0.0229667967890205,0.0004593130832782382,-0.0032814341021721,0.0404656173831489,2
spambase,0,class_prevalence_severe,5,0.05802614595129814,0.00266666355720412,-0.0052193703783689,0.1001898235044095,2
spambase,0,local_overlap_mild,5,0.08999417698259118,0.005399301260515962,0.0,0.1499902949709853,2
spambase,0,local_overlap_severe,5,0.2059233161462089,0.028269608088434324,0.0,0.3432055269103481,2
spambase,0,location_mild,5,-0.00976751434145316,6.360289094032877e-05,-0.0162791905690886,0.0,2
spambase,0,location_severe,5,0.026591649400991756,0.0004240264143610989,0.0013718234392281,0.0434048667088342,2
spambase,0,mcar_mild,5,0.027240473337360183,0.0005204624470992452,-0.0007004226870852,0.0458677373536571,2
spambase,0,mcar_severe,5,0.07412853277157898,0.003732915050023165,-0.0007004226870852,0.1240145030773551,2
spambase,0,measurement_noise_mild,5,-0.00933111456411672,5.8046466005780784e-05,-0.0155518576068612,0.0,2
spambase,0,measurement_noise_severe,5,0.0179805901996617,0.0002155344159521136,0.0,0.0299676503327695,2
spambase,0,outliers_mild,5,0.027002270174987096,0.0004860817297353318,0.0,0.0450037836249785,2
spambase,0,outliers_severe,5,0.05127534062992648,0.001705867423247278,0.0006907467809005,0.0849984031959438,2
spambase,0,scale_mild,5,-0.00459684804466526,3.5544553314361015e-05,-0.0094647396700243,0.0027049893933733,2
spambase,0,scale_severe,5,-0.009160931757491119,0.00015060077590226402,-0.0191809376091948,0.0058690770200644,2
spambase,1,class_prevalence_mild,5,0.0225310187910788,0.002990254154132839,-0.0073392092321688,0.1315996546041956,3
spambase,1,class_prevalence_severe,5,0.01590619474682548,0.0037153682005982556,-0.0198073119451112,0.1365992221637232,3
spambase,1,local_overlap_mild,5,0.02169540161747514,0.001882761805374172,0.0,0.1084770080873757,2
spambase,1,local_overlap_severe,5,0.0561127961935969,0.012594583586656572,0.0,0.2805639809679845,2
spambase,1,location_mild,5,-0.00390008676983544,6.084270724898175e-05,-0.0195004338491772,0.0,2
spambase,1,location_severe,5,-0.0028128011523916403,3.164740129158296e-05,-0.0140640057619582,0.0,2
spambase,1,mcar_mild,5,0.00502460158020524,0.00010098648415920398,0.0,0.0251230079010262,2
spambase,1,mcar_severe,5,0.02681661310332356,0.003097880621972168,-0.0013486204892532,0.1381289269843774,3
spambase,1,measurement_noise_mild,5,0.00063275000732318,1.6014902870699372e-06,0.0,0.0031637500366159,2
spambase,1,measurement_noise_severe,5,0.00060912223373556,1.4841195825239928e-06,0.0,0.0030456111686778,2
spambase,1,outliers_mild,5,0.0065100019246203,0.00013620773912296398,0.0006597923573544,0.0298515710405205,3
spambase,1,outliers_severe,5,0.02443063841025166,0.002039057192708008,0.0013099136871611,0.1147265914285255,3
spambase,1,scale_mild,5,-0.00129143332892022,6.671200172183844e-06,-0.0064571666446011,0.0,2
spambase,1,scale_severe,5,-0.0024475255162972,4.731590493529471e-05,-0.0161673686429693,0.0013099136871611,3
spambase,2,class_prevalence_mild,5,-0.00808653334855198,1.899996642906381e-07,-0.0086203867895224,-0.0077306310545717,2
spambase,2,class_prevalence_severe,5,0.00615966754952966,0.0006402110637110426,-0.024829307837962,0.0268189844745241,2
spambase,2,local_overlap_mild,5,0.06557885052369408,0.0028670570906726748,0.0,0.1092980842061568,2
spambase,2,local_overlap_severe,5,0.20630370682451873,0.028374146299691316,0.0,0.3438395113741979,2
spambase,2,location_mild,5,-0.02290622971132044,0.00034979690639185283,-0.0381770495188674,0.0,2
spambase,2,location_severe,5,0.06649236332905396,0.0028935579286448144,0.0006111300909973,0.1104131854877584,2
spambase,2,mcar_mild,5,0.029786361323641743,0.0005914848806016935,0.0,0.0496439355394029,2
spambase,2,mcar_severe,5,0.10320306459441922,0.007273793558264463,-0.0012511853784598,0.1728392312430052,2
spambase,2,measurement_noise_mild,5,0.01001297153977998,6.68397327042959e-05,0.0,0.0166882858996333,2
spambase,2,measurement_noise_severe,5,0.01797996561887478,0.00021551944243727942,0.0,0.0299666093647913,2
spambase,2,outliers_mild,5,0.031065602986315582,0.0006827575814595503,-0.000936527758204,0.0524003568159953,2
spambase,2,outliers_severe,5,0.06428913794591049,0.0029190978337839324,-0.0018822059325079,0.1084033671981894,2
spambase,2,scale_mild,5,-0.00567005384182534,3.158084863312727e-05,-0.0102585066408363,0.0012126253566911,2
spambase,2,scale_severe,5,0.00119056401777912,3.62485093167073e-06,-0.0003639671938022,0.0035223608351511,2
spambase,3,class_prevalence_mild,5,0.02898029899232134,0.002443126194708284,-0.0113774858387641,0.0895169762389495,2
spambase,3,class_prevalence_severe,5,0.07890180458061018,0.011922497159718937,-0.0102516106081117,0.212631927363693,2
spambase,3,local_overlap_mild,5,0.04967457045840336,0.00370134442534032,0.0,0.1241864261460084,2
spambase,3,local_overlap_severe,5,0.11390815767585445,0.019462602577660977,0.0,0.2847703941896361,2
spambase,3,location_mild,5,-0.01749019140288912,0.0004588601929645447,-0.0437254785072228,0.0,2
spambase,3,location_severe,5,-0.024101825431003122,0.000926881415949372,-0.0613888489636486,0.0007561902574272,2
spambase,3,mcar_mild,5,0.03400215482364814,0.001813238884861563,-0.0007660191755863,0.0861544158224998,2
spambase,3,mcar_severe,5,0.08153842582975926,0.010353504881866985,-0.0015418762153785,0.2061588788974659,2
spambase,3,measurement_noise_mild,5,-0.00125420766080192,2.3595552846213358e-06,-0.0031355191520048,0.0,2
spambase,3,measurement_noise_severe,5,0.00513486772133708,3.9550299773444185e-05,0.0,0.0128371693033427,2
spambase,3,outliers_mild,5,0.012704269166136439,0.0002420976825684676,0.0,0.0317606729153411,2
spambase,3,outliers_severe,5,0.04039540630374056,0.002447683275666424,0.0,0.1009885157593514,2
spambase,3,scale_mild,5,-0.00538844946645836,8.726971450032077e-05,-0.0168298030468037,0.0022391195871052,2
spambase,3,scale_severe,5,-0.015385731970702721,0.0006716683461423949,-0.047126912150614,0.0057750548159048,2
spambase,4,class_prevalence_mild,5,0.036342770778663845,0.0026859940201019636,-0.0059734516433338,0.0998171044116603,2
spambase,4,class_prevalence_severe,5,0.03316192874563197,0.0028370174446750275,-0.0103276672874043,0.0983963227951864,2
spambase,4,local_overlap_mild,5,0.04043717422352508,0.0024527475887755816,0.0,0.1010929355588127,2
spambase,4,local_overlap_severe,5,0.12567839401586764,0.023692588083611514,0.0,0.3141959850396691,2
spambase,4,location_mild,5,-0.007099799607100719,7.561073169148129e-05,-0.0177494990177518,0.0,2
spambase,4,location_severe,5,0.10887984340799392,0.017782230450823916,0.0,0.2721996085199848,2
spambase,4,mcar_mild,5,0.01240340375393224,0.00023076663702459058,0.0,0.0310085093848306,2
spambase,4,mcar_severe,5,0.04607960370327592,0.003184994816176439,0.0,0.1151990092581898,2
spambase,4,measurement_noise_mild,5,-0.00988897479622956,0.00014668773378069522,-0.0247224369905739,0.0,2
spambase,4,measurement_noise_severe,5,-0.0063263433627563604,6.0033930515237175e-05,-0.0158158584068909,0.0,2
spambase,4,outliers_mild,5,0.01425881185211916,0.00030497057315120076,0.0,0.0356470296302979,2
spambase,4,outliers_severe,5,0.03886792198151826,0.002469661725479152,-0.0017084399835401,0.0997324649291058,2
spambase,4,scale_mild,5,-0.00951867230829408,0.00015832602884232523,-0.0249293518281429,0.0007551140382718,2
spambase,4,scale_severe,5,-0.013790635340619677,0.0004954706741254363,-0.0410524403283338,0.0043839013178564,2
waveform,0,class_prevalence_mild,5,-0.0174887346566362,0.0,-0.0174887346566362,-0.0174887346566362,1
waveform,0,class_prevalence_severe,5,-0.0141213656650256,0.0,-0.0141213656650256,-0.0141213656650256,1
waveform,0,local_overlap_mild,5,-0.0014999477353219,0.0,-0.0014999477353219,-0.0014999477353219,1
waveform,0,local_overlap_severe,5,-0.0042257525751418,0.0,-0.0042257525751418,-0.0042257525751418,1
waveform,0,location_mild,5,-0.0008833609872982,0.0,-0.0008833609872982,-0.0008833609872982,1
waveform,0,location_severe,5,-0.0072806660555756,0.0,-0.0072806660555756,-0.0072806660555756,1
waveform,0,mcar_mild,5,0.0017126774653484999,4.70197740328915e-38,0.0017126774653485,0.0017126774653485,1
waveform,0,mcar_severe,5,0.0152976951028726,0.0,0.0152976951028726,0.0152976951028726,1
waveform,0,measurement_noise_mild,5,0.000222215175663,0.0,0.000222215175663,0.000222215175663,1
waveform,0,measurement_noise_severe,5,0.0005257112539967,0.0,0.0005257112539967,0.0005257112539967,1
waveform,0,outliers_mild,5,0.0167873497669441,0.0,0.0167873497669441,0.0167873497669441,1
waveform,0,outliers_severe,5,0.039654309614457,0.0,0.039654309614457,0.039654309614457,1
waveform,0,scale_mild,5,-0.0012658982666373,0.0,-0.0012658982666373,-0.0012658982666373,1
waveform,0,scale_severe,5,-0.0039879419881827,0.0,-0.0039879419881827,-0.0039879419881827,1
waveform,1,class_prevalence_mild,5,-0.0018933565605742,0.0,-0.0018933565605742,-0.0018933565605742,1
waveform,1,class_prevalence_severe,5,0.0026016805609998,0.0,0.0026016805609998,0.0026016805609998,1
waveform,1,local_overlap_mild,5,-0.0005706648429903,0.0,-0.0005706648429903,-0.0005706648429903,1
waveform,1,local_overlap_severe,5,-0.0024970026016019,0.0,-0.0024970026016019,-0.0024970026016019,1
waveform,1,location_mild,5,0.0026711397901462,0.0,0.0026711397901462,0.0026711397901462,1
waveform,1,location_severe,5,-0.0009048187756592,0.0,-0.0009048187756592,-0.0009048187756592,1
waveform,1,mcar_mild,5,0.0028238819908246,0.0,0.0028238819908246,0.0028238819908246,1
waveform,1,mcar_severe,5,0.020228601890317,0.0,0.020228601890317,0.020228601890317,1
waveform,1,measurement_noise_mild,5,0.0012676914582007,0.0,0.0012676914582007,0.0012676914582007,1
waveform,1,measurement_noise_severe,5,0.0020915305785812,0.0,0.0020915305785812,0.0020915305785812,1
waveform,1,outliers_mild,5,0.0042686686945144,0.0,0.0042686686945144,0.0042686686945144,1
waveform,1,outliers_severe,5,0.0235199503646968,0.0,0.0235199503646968,0.0235199503646968,1
waveform,1,scale_mild,5,-0.0021099845868633,0.0,-0.0021099845868633,-0.0021099845868633,1
waveform,1,scale_severe,5,-0.0044473061922671,0.0,-0.0044473061922671,-0.0044473061922671,1
waveform,2,class_prevalence_mild,5,-0.006850838672609801,7.52316384526264e-37,-0.0068508386726098,-0.0068508386726098,1
waveform,2,class_prevalence_severe,5,-0.0077238965476759,0.0,-0.0077238965476759,-0.0077238965476759,1
waveform,2,local_overlap_mild,5,-0.000402220292236,0.0,-0.000402220292236,-0.000402220292236,1
waveform,2,local_overlap_severe,5,-0.0032864461827764,0.0,-0.0032864461827764,-0.0032864461827764,1
waveform,2,location_mild,5,-0.0044050953972742,0.0,-0.0044050953972742,-0.0044050953972742,1
waveform,2,location_severe,5,-0.0079461238310209,0.0,-0.0079461238310209,-0.0079461238310209,1
waveform,2,mcar_mild,5,0.0030890853169293,0.0,0.0030890853169293,0.0030890853169293,1
waveform,2,mcar_severe,5,0.012878334699262,0.0,0.012878334699262,0.012878334699262,1
waveform,2,measurement_noise_mild,5,-0.0003885091661546,0.0,-0.0003885091661546,-0.0003885091661546,1
waveform,2,measurement_noise_severe,5,0.0017602845125002,0.0,0.0017602845125002,0.0017602845125002,1
waveform,2,outliers_mild,5,0.0177794266271175,0.0,0.0177794266271175,0.0177794266271175,1
waveform,2,outliers_severe,5,0.0474059114435338,0.0,0.0474059114435338,0.0474059114435338,1
waveform,2,scale_mild,5,-0.0020692839468123,0.0,-0.0020692839468123,-0.0020692839468123,1
waveform,2,scale_severe,5,-0.0043836921153655,0.0,-0.0043836921153655,-0.0043836921153655,1
waveform,3,class_prevalence_mild,5,-0.030876152585808496,1.2037062152420224e-35,-0.0308761525858085,-0.0308761525858085,1
waveform,3,class_prevalence_severe,5,-0.0227998989124267,0.0,-0.0227998989124267,-0.0227998989124267,1
waveform,3,local_overlap_mild,5,-0.0040426445934795,0.0,-0.0040426445934795,-0.0040426445934795,1
waveform,3,local_overlap_severe,5,-0.0095214074935239,0.0,-0.0095214074935239,-0.0095214074935239,1
waveform,3,location_mild,5,-0.006586265848376101,7.52316384526264e-37,-0.0065862658483761,-0.0065862658483761,1
waveform,3,location_severe,5,-0.013446009701731602,3.009265538105056e-36,-0.0134460097017316,-0.0134460097017316,1
waveform,3,mcar_mild,5,0.006895283879338,0.0,0.006895283879338,0.006895283879338,1
waveform,3,mcar_severe,5,0.0189693731453308,0.0,0.0189693731453308,0.0189693731453308,1
waveform,3,measurement_noise_mild,5,-0.0003452821525373,0.0,-0.0003452821525373,-0.0003452821525373,1
waveform,3,measurement_noise_severe,5,0.0012731744018072,0.0,0.0012731744018072,0.0012731744018072,1
waveform,3,outliers_mild,5,0.0085839361226159,0.0,0.0085839361226159,0.0085839361226159,1
waveform,3,outliers_severe,5,0.0282500950593579,0.0,0.0282500950593579,0.0282500950593579,1
waveform,3,scale_mild,5,-0.001932308736937,0.0,-0.001932308736937,-0.001932308736937,1
waveform,3,scale_severe,5,-0.0085040514992968,0.0,-0.0085040514992968,-0.0085040514992968,1
waveform,4,class_prevalence_mild,5,-0.0265975366252867,0.0,-0.0265975366252867,-0.0265975366252867,1
waveform,4,class_prevalence_severe,5,0.0037453881859317003,1.88079096131566e-37,0.0037453881859317,0.0037453881859317,1
waveform,4,local_overlap_mild,5,-0.0006101813117374,0.0,-0.0006101813117374,-0.0006101813117374,1
waveform,4,local_overlap_severe,5,-0.0045314615566893,0.0,-0.0045314615566893,-0.0045314615566893,1
waveform,4,location_mild,5,0.0022664805615414,0.0,0.0022664805615414,0.0022664805615414,1
waveform,4,location_severe,5,0.0038866713129324998,1.88079096131566e-37,0.0038866713129325,0.0038866713129325,1
waveform,4,mcar_mild,5,0.0029674676994554,0.0,0.0029674676994554,0.0029674676994554,1
waveform,4,mcar_severe,5,0.0124479735668843,0.0,0.0124479735668843,0.0124479735668843,1
waveform,4,measurement_noise_mild,5,0.0011706266655071,0.0,0.0011706266655071,0.0011706266655071,1
waveform,4,measurement_noise_severe,5,0.0011047677046469,0.0,0.0011047677046469,0.0011047677046469,1
waveform,4,outliers_mild,5,0.0149045251186545,0.0,0.0149045251186545,0.0149045251186545,1
waveform,4,outliers_severe,5,0.0392203229543168,0.0,0.0392203229543168,0.0392203229543168,1
waveform,4,scale_mild,5,-0.0010021425952834,0.0,-0.0010021425952834,-0.0010021425952834,1
waveform,4,scale_severe,5,-0.0027664701082016,0.0,-0.0027664701082016,-0.0027664701082016,1
