dataset,heldout_outer_fold,feature_block,n_train,n_test,grouping,selected_params,mae,rmse,median_absolute_error,r2
breast_cancer_wisconsin_diagnostic,0,B0_median,280,70,outer fold held out; inner GroupKFold on outer_fold|condition keeps all seeds of a scenario together,"{""constant"": 0.030271743659781497}",0.0695485716620629,0.09404086796192482,0.05615309212235155,-5.774769962707538e-05
breast_cancer_wisconsin_diagnostic,1,B0_median,280,70,outer fold held out; inner GroupKFold on outer_fold|condition keeps all seeds of a scenario together,"{""constant"": 0.00038794247420474834}",0.11269761557548741,0.1835411955729512,0.06170326871359525,-0.5254594186443533
breast_cancer_wisconsin_diagnostic,2,B0_median,280,70,outer fold held out; inner GroupKFold on outer_fold|condition keeps all seeds of a scenario together,"{""constant"": 0.013775042560829351}",0.12089402281513295,0.1829333355286036,0.07826659948010375,-0.22067197951696338
breast_cancer_wisconsin_diagnostic,3,B0_median,280,70,outer fold held out; inner GroupKFold on outer_fold|condition keeps all seeds of a scenario together,"{""constant"": 0.0284230441404061}",0.06050489914758136,0.10496884737805147,0.0284230441404061,-0.07170358505303764
breast_cancer_wisconsin_diagnostic,4,B0_median,280,70,outer fold held out; inner GroupKFold on outer_fold|condition keeps all seeds of a scenario together,"{""constant"": 0.029954170209087902}",0.10361472744499271,0.1431939357959659,0.06628421108025276,-0.0833853253041752
breast_cancer_wisconsin_diagnostic,0,P0,280,70,outer fold held out; inner GroupKFold on outer_fold|condition keeps all seeds of a scenario together,"{""l2_regularization"": 1.0, ""learning_rate"": 0.05, ""max_iter"": 150, ""max_leaf_nodes"": 7}",0.07677839120558137,0.10079678597107104,0.06136350850192625,-0.14890783129585095
breast_cancer_wisconsin_diagnostic,1,P0,280,70,outer fold held out; inner GroupKFold on outer_fold|condition keeps all seeds of a scenario together,"{""l2_regularization"": 0.0, ""learning_rate"": 0.05, ""max_iter"": 150, ""max_leaf_nodes"": 7}",0.11374676956120676,0.17317255847182306,0.07640820684599797,-0.35797474333120705
breast_cancer_wisconsin_diagnostic,2,P0,280,70,outer fold held out; inner GroupKFold on outer_fold|condition keeps all seeds of a scenario together,"{""l2_regularization"": 1.0, ""learning_rate"": 0.05, ""max_iter"": 150, ""max_leaf_nodes"": 7}",0.10159783884157017,0.15167687557690016,0.06353588464988157,0.16082600520418766
breast_cancer_wisconsin_diagnostic,3,P0,280,70,outer fold held out; inner GroupKFold on outer_fold|condition keeps all seeds of a scenario together,"{""l2_regularization"": 1.0, ""learning_rate"": 0.05, ""max_iter"": 150, ""max_leaf_nodes"": 7}",0.09828815122053103,0.11924933305076672,0.0819530179429967,-0.38313873572745294
breast_cancer_wisconsin_diagnostic,4,P0,280,70,outer fold held out; inner GroupKFold on outer_fold|condition keeps all seeds of a scenario together,"{""l2_regularization"": 1.0, ""learning_rate"": 0.05, ""max_iter"": 150, ""max_leaf_nodes"": 7}",0.09577556030271933,0.12459235326100593,0.09006083154134586,0.1798062156092205
breast_cancer_wisconsin_diagnostic,0,P2,280,70,outer fold held out; inner GroupKFold on outer_fold|condition keeps all seeds of a scenario together,"{""l2_regularization"": 1.0, ""learning_rate"": 0.1, ""max_iter"": 150, ""max_leaf_nodes"": 15}",0.1095859077914166,0.15692611636578,0.053145921666497606,-1.7847247507421882
breast_cancer_wisconsin_diagnostic,1,P2,280,70,outer fold held out; inner GroupKFold on outer_fold|condition keeps all seeds of a scenario together,"{""l2_regularization"": 1.0, ""learning_rate"": 0.05, ""max_iter"": 150, ""max_leaf_nodes"": 7}",0.11133304405217076,0.16142388006400749,0.06555331994776672,-0.17996495809525492
breast_cancer_wisconsin_diagnostic,2,P2,280,70,outer fold held out; inner GroupKFold on outer_fold|condition keeps all seeds of a scenario together,"{""l2_regularization"": 0.0, ""learning_rate"": 0.05, ""max_iter"": 150, ""max_leaf_nodes"": 7}",0.09510166348576933,0.13799360600931249,0.05766695859945491,0.30540572986247294
breast_cancer_wisconsin_diagnostic,3,P2,280,70,outer fold held out; inner GroupKFold on outer_fold|condition keeps all seeds of a scenario together,"{""l2_regularization"": 0.0, ""learning_rate"": 0.05, ""max_iter"": 150, ""max_leaf_nodes"": 7}",0.10217172155711957,0.1339191898917356,0.08096205157068835,-0.7443733928784304
breast_cancer_wisconsin_diagnostic,4,P2,280,70,outer fold held out; inner GroupKFold on outer_fold|condition keeps all seeds of a scenario together,"{""l2_regularization"": 0.0, ""learning_rate"": 0.1, ""max_iter"": 300, ""max_leaf_nodes"": 15}",0.15047184535065122,0.22157283792366614,0.06027706746731132,-1.593980677810173
breast_cancer_wisconsin_diagnostic,0,P3,280,70,outer fold held out; inner GroupKFold on outer_fold|condition keeps all seeds of a scenario together,"{""l2_regularization"": 0.0, ""learning_rate"": 0.05, ""max_iter"": 150, ""max_leaf_nodes"": 7}",0.06726116284598208,0.08695800167239784,0.053373943293743564,0.14491178099461033
breast_cancer_wisconsin_diagnostic,1,P3,280,70,outer fold held out; inner GroupKFold on outer_fold|condition keeps all seeds of a scenario together,"{""l2_regularization"": 0.0, ""learning_rate"": 0.1, ""max_iter"": 300, ""max_leaf_nodes"": 7}",0.0926751905311783,0.12511248914313916,0.05774753370538601,0.29118177554072344
breast_cancer_wisconsin_diagnostic,2,P3,280,70,outer fold held out; inner GroupKFold on outer_fold|condition keeps all seeds of a scenario together,"{""l2_regularization"": 0.0, ""learning_rate"": 0.05, ""max_iter"": 150, ""max_leaf_nodes"": 7}",0.061602016139405184,0.08809251560530236,0.04207118394729438,0.7169316631818172
breast_cancer_wisconsin_diagnostic,3,P3,280,70,outer fold held out; inner GroupKFold on outer_fold|condition keeps all seeds of a scenario together,"{""l2_regularization"": 1.0, ""learning_rate"": 0.1, ""max_iter"": 150, ""max_leaf_nodes"": 7}",0.07318475957209385,0.08949575270402371,0.06441738674070313,0.22096193813062703
breast_cancer_wisconsin_diagnostic,4,P3,280,70,outer fold held out; inner GroupKFold on outer_fold|condition keeps all seeds of a scenario together,"{""l2_regularization"": 0.0, ""learning_rate"": 0.05, ""max_iter"": 300, ""max_leaf_nodes"": 7}",0.095222451135897,0.12395647281253967,0.05695820224142145,0.1881568772023039
breast_cancer_wisconsin_diagnostic,0,P4,280,70,outer fold held out; inner GroupKFold on outer_fold|condition keeps all seeds of a scenario together,"{""l2_regularization"": 1.0, ""learning_rate"": 0.05, ""max_iter"": 300, ""max_leaf_nodes"": 15}",0.0914312193313044,0.12984044123697566,0.029231695634272026,-0.9063901545728257
breast_cancer_wisconsin_diagnostic,1,P4,280,70,outer fold held out; inner GroupKFold on outer_fold|condition keeps all seeds of a scenario together,"{""l2_regularization"": 0.0, ""learning_rate"": 0.1, ""max_iter"": 300, ""max_leaf_nodes"": 7}",0.12374582628581039,0.18797059933889904,0.06643374851510798,-0.5999757427676491
breast_cancer_wisconsin_diagnostic,2,P4,280,70,outer fold held out; inner GroupKFold on outer_fold|condition keeps all seeds of a scenario together,"{""l2_regularization"": 0.0, ""learning_rate"": 0.05, ""max_iter"": 150, ""max_leaf_nodes"": 15}",0.09670813141890289,0.12593941208579842,0.07809601108143358,0.4214557358055848
breast_cancer_wisconsin_diagnostic,3,P4,280,70,outer fold held out; inner GroupKFold on outer_fold|condition keeps all seeds of a scenario together,"{""l2_regularization"": 1.0, ""learning_rate"": 0.05, ""max_iter"": 150, ""max_leaf_nodes"": 7}",0.07982234712430636,0.09853450561343668,0.09299795533186286,0.055655379911906167
breast_cancer_wisconsin_diagnostic,4,P4,280,70,outer fold held out; inner GroupKFold on outer_fold|condition keeps all seeds of a scenario together,"{""l2_regularization"": 1.0, ""learning_rate"": 0.05, ""max_iter"": 150, ""max_leaf_nodes"": 15}",0.11153773203562824,0.17682608052740698,0.04587227749121586,-0.6520619835061603
glass,0,B0_median,280,70,outer fold held out; inner GroupKFold on outer_fold|condition keeps all seeds of a scenario together,"{""constant"": 3.8960502907622874e-05}",0.02651597037299841,0.03419931280812225,0.01944533711878288,-0.001752413801946906
glass,1,B0_median,280,70,outer fold held out; inner GroupKFold on outer_fold|condition keeps all seeds of a scenario together,"{""constant"": 0.0}",0.024013594882886746,0.031934924091562254,0.0209206279501919,-0.009749690630960206
glass,2,B0_median,280,70,outer fold held out; inner GroupKFold on outer_fold|condition keeps all seeds of a scenario together,"{""constant"": 0.0}",0.029441370180272694,0.047335309036523304,0.016356085165166,-0.02507867297991062
glass,3,B0_median,280,70,outer fold held out; inner GroupKFold on outer_fold|condition keeps all seeds of a scenario together,"{""constant"": 0.0}",0.045025308444135645,0.0536780764794154,0.04186162764420395,-0.02686090422321974
glass,4,B0_median,280,70,outer fold held out; inner GroupKFold on outer_fold|condition keeps all seeds of a scenario together,"{""constant"": 0.0}",0.03159847533940565,0.04500195985117338,0.0196450446220204,-0.009078536231363232
glass,0,P0,280,70,outer fold held out; inner GroupKFold on outer_fold|condition keeps all seeds of a scenario together,"{""l2_regularization"": 1.0, ""learning_rate"": 0.05, ""max_iter"": 150, ""max_leaf_nodes"": 7}",0.03169516645786189,0.0410753769582881,0.021751201676500027,-0.4450695637926081
glass,1,P0,280,70,outer fold held out; inner GroupKFold on outer_fold|condition keeps all seeds of a scenario together,"{""l2_regularization"": 1.0, ""learning_rate"": 0.05, ""max_iter"": 150, ""max_leaf_nodes"": 7}",0.02073538907223425,0.028966856924533577,0.012128649513702659,0.16922254804899983
glass,2,P0,280,70,outer fold held out; inner GroupKFold on outer_fold|condition keeps all seeds of a scenario together,"{""l2_regularization"": 1.0, ""learning_rate"": 0.05, ""max_iter"": 150, ""max_leaf_nodes"": 7}",0.034374480281844665,0.05097383970315764,0.021796701594116313,-0.1887251798769083
glass,3,P0,280,70,outer fold held out; inner GroupKFold on outer_fold|condition keeps all seeds of a scenario together,"{""l2_regularization"": 1.0, ""learning_rate"": 0.05, ""max_iter"": 150, ""max_leaf_nodes"": 7}",0.0403473175655906,0.04859661718888401,0.03862184584787642,0.15835333313977373
glass,4,P0,280,70,outer fold held out; inner GroupKFold on outer_fold|condition keeps all seeds of a scenario together,"{""l2_regularization"": 1.0, ""learning_rate"": 0.05, ""max_iter"": 150, ""max_leaf_nodes"": 7}",0.03870125886313324,0.04628264929337738,0.02942813461059529,-0.06732955194229717
glass,0,P2,280,70,outer fold held out; inner GroupKFold on outer_fold|condition keeps all seeds of a scenario together,"{""l2_regularization"": 1.0, ""learning_rate"": 0.05, ""max_iter"": 150, ""max_leaf_nodes"": 7}",0.031385512501150216,0.03771497148767376,0.030311754771993004,-0.21829708739693277
glass,1,P2,280,70,outer fold held out; inner GroupKFold on outer_fold|condition keeps all seeds of a scenario together,"{""l2_regularization"": 0.0, ""learning_rate"": 0.05, ""max_iter"": 150, ""max_leaf_nodes"": 7}",0.026043250808092885,0.033637953844513575,0.023514377008094528,-0.12031743062690992
glass,2,P2,280,70,outer fold held out; inner GroupKFold on outer_fold|condition keeps all seeds of a scenario together,"{""l2_regularization"": 1.0, ""learning_rate"": 0.05, ""max_iter"": 150, ""max_leaf_nodes"": 15}",0.035593598478377654,0.0515077777704528,0.026797859216330475,-0.21375879787313212
glass,3,P2,280,70,outer fold held out; inner GroupKFold on outer_fold|condition keeps all seeds of a scenario together,"{""l2_regularization"": 0.0, ""learning_rate"": 0.05, ""max_iter"": 150, ""max_leaf_nodes"": 15}",0.04870749562367663,0.05547608742987754,0.04880980649533846,-0.09680488878388438
glass,4,P2,280,70,outer fold held out; inner GroupKFold on outer_fold|condition keeps all seeds of a scenario together,"{""l2_regularization"": 0.0, ""learning_rate"": 0.05, ""max_iter"": 150, ""max_leaf_nodes"": 15}",0.039816414080518066,0.054579802824625066,0.027957682328739464,-0.48431486774778687
glass,0,P3,280,70,outer fold held out; inner GroupKFold on outer_fold|condition keeps all seeds of a scenario together,"{""l2_regularization"": 1.0, ""learning_rate"": 0.05, ""max_iter"": 150, ""max_leaf_nodes"": 7}",0.025468942844388186,0.03149335680800355,0.021702137500182184,0.1504996821808544
glass,1,P3,280,70,outer fold held out; inner GroupKFold on outer_fold|condition keeps all seeds of a scenario together,"{""l2_regularization"": 1.0, ""learning_rate"": 0.05, ""max_iter"": 150, ""max_leaf_nodes"": 15}",0.022643231896291045,0.029841921939032758,0.02125266368510831,0.11827017273691398
glass,2,P3,280,70,outer fold held out; inner GroupKFold on outer_fold|condition keeps all seeds of a scenario together,"{""l2_regularization"": 1.0, ""learning_rate"": 0.05, ""max_iter"": 150, ""max_leaf_nodes"": 7}",0.03299967610004472,0.047127264006657864,0.028446443470460235,-0.01608775821567887
glass,3,P3,280,70,outer fold held out; inner GroupKFold on outer_fold|condition keeps all seeds of a scenario together,"{""l2_regularization"": 0.0, ""learning_rate"": 0.05, ""max_iter"": 150, ""max_leaf_nodes"": 7}",0.04379488978238093,0.05388649047557771,0.038158363055255384,-0.034850298308835015
glass,4,P3,280,70,outer fold held out; inner GroupKFold on outer_fold|condition keeps all seeds of a scenario together,"{""l2_regularization"": 1.0, ""learning_rate"": 0.05, ""max_iter"": 150, ""max_leaf_nodes"": 7}",0.03459698364850501,0.04282955608163042,0.026807527748741712,0.0859935532904198
glass,0,P4,280,70,outer fold held out; inner GroupKFold on outer_fold|condition keeps all seeds of a scenario together,"{""l2_regularization"": 0.0, ""learning_rate"": 0.05, ""max_iter"": 150, ""max_leaf_nodes"": 7}",0.02676716761758389,0.03359299628931957,0.024936622562479322,0.03345267675992181
glass,1,P4,280,70,outer fold held out; inner GroupKFold on outer_fold|condition keeps all seeds of a scenario together,"{""l2_regularization"": 1.0, ""learning_rate"": 0.05, ""max_iter"": 150, ""max_leaf_nodes"": 7}",0.02737274203333318,0.034381024371730524,0.02251431693147958,-0.17036028716622176
glass,2,P4,280,70,outer fold held out; inner GroupKFold on outer_fold|condition keeps all seeds of a scenario together,"{""l2_regularization"": 0.0, ""learning_rate"": 0.05, ""max_iter"": 150, ""max_leaf_nodes"": 7}",0.03154963343714459,0.04783186996949145,0.019253163268192243,-0.046698215937959864
glass,3,P4,280,70,outer fold held out; inner GroupKFold on outer_fold|condition keeps all seeds of a scenario together,"{""l2_regularization"": 1.0, ""learning_rate"": 0.05, ""max_iter"": 150, ""max_leaf_nodes"": 7}",0.04520433156650816,0.05167108677225418,0.043656213934469654,0.04849095377244372
glass,4,P4,280,70,outer fold held out; inner GroupKFold on outer_fold|condition keeps all seeds of a scenario together,"{""l2_regularization"": 0.0, ""learning_rate"": 0.1, ""max_iter"": 300, ""max_leaf_nodes"": 7}",0.041520278297138856,0.054732195343040003,0.03516270339410916,-0.49261516397471916
human_activity_recognition,0,B0_median,280,70,outer fold held out; inner GroupKFold on outer_fold|condition keeps all seeds of a scenario together,"{""constant"": 0.0048133641283123006}",0.014902167738932761,0.02380769666770778,0.00797128760345625,-0.07915501387085411
human_activity_recognition,1,B0_median,280,70,outer fold held out; inner GroupKFold on outer_fold|condition keeps all seeds of a scenario together,"{""constant"": 0.0044305939425662}",0.015763589491159843,0.023306861736725065,0.00950107913075105,-0.3287805456190329
human_activity_recognition,2,B0_median,280,70,outer fold held out; inner GroupKFold on outer_fold|condition keeps all seeds of a scenario together,"{""constant"": 0.0058497133188763}",0.011633291938572467,0.016483216928441163,0.00737654219227615,-0.03889626691476589
human_activity_recognition,3,B0_median,280,70,outer fold held out; inner GroupKFold on outer_fold|condition keeps all seeds of a scenario together,"{""constant"": 0.00480496797907975}",0.010777157568989162,0.016995408683523575,0.00641206434705645,-0.09629758773799946
human_activity_recognition,4,B0_median,280,70,outer fold held out; inner GroupKFold on outer_fold|condition keeps all seeds of a scenario together,"{""constant"": 0.00686701454170705}",0.011666782946642158,0.017259798469801496,0.00694148703554307,-0.033146931503143184
human_activity_recognition,0,P0,280,70,outer fold held out; inner GroupKFold on outer_fold|condition keeps all seeds of a scenario together,"{""l2_regularization"": 1.0, ""learning_rate"": 0.05, ""max_iter"": 150, ""max_leaf_nodes"": 7}",0.01555353313373728,0.025135850156855388,0.00735425451798861,-0.20291856946280618
human_activity_recognition,1,P0,280,70,outer fold held out; inner GroupKFold on outer_fold|condition keeps all seeds of a scenario together,"{""l2_regularization"": 1.0, ""learning_rate"": 0.05, ""max_iter"": 150, ""max_leaf_nodes"": 7}",0.0163251348821646,0.023498137027636562,0.012204617857666758,-0.35068017528356554
human_activity_recognition,2,P0,280,70,outer fold held out; inner GroupKFold on outer_fold|condition keeps all seeds of a scenario together,"{""l2_regularization"": 1.0, ""learning_rate"": 0.05, ""max_iter"": 150, ""max_leaf_nodes"": 7}",0.013080307318998934,0.01815475293581967,0.009265736807256956,-0.2602854530236829
human_activity_recognition,3,P0,280,70,outer fold held out; inner GroupKFold on outer_fold|condition keeps all seeds of a scenario together,"{""l2_regularization"": 1.0, ""learning_rate"": 0.05, ""max_iter"": 150, ""max_leaf_nodes"": 7}",0.012255402978074516,0.017582123053986456,0.010620575950960245,-0.1732967407370578
human_activity_recognition,4,P0,280,70,outer fold held out; inner GroupKFold on outer_fold|condition keeps all seeds of a scenario together,"{""l2_regularization"": 1.0, ""learning_rate"": 0.05, ""max_iter"": 150, ""max_leaf_nodes"": 7}",0.011697202988587356,0.01754100821430939,0.008104588574410529,-0.06708681334839417
human_activity_recognition,0,P2,280,70,outer fold held out; inner GroupKFold on outer_fold|condition keeps all seeds of a scenario together,"{""l2_regularization"": 1.0, ""learning_rate"": 0.05, ""max_iter"": 150, ""max_leaf_nodes"": 7}",0.016885161900777306,0.02674858025190579,0.009266277241108324,-0.3622303220891241
human_activity_recognition,1,P2,280,70,outer fold held out; inner GroupKFold on outer_fold|condition keeps all seeds of a scenario together,"{""l2_regularization"": 1.0, ""learning_rate"": 0.05, ""max_iter"": 150, ""max_leaf_nodes"": 15}",0.01863624179524189,0.02457563189384835,0.015095576768054796,-0.47738963603799967
human_activity_recognition,2,P2,280,70,outer fold held out; inner GroupKFold on outer_fold|condition keeps all seeds of a scenario together,"{""l2_regularization"": 1.0, ""learning_rate"": 0.05, ""max_iter"": 150, ""max_leaf_nodes"": 15}",0.018323782439002217,0.023393993963783995,0.014729631228179947,-1.0926518624385486
human_activity_recognition,3,P2,280,70,outer fold held out; inner GroupKFold on outer_fold|condition keeps all seeds of a scenario together,"{""l2_regularization"": 0.0, ""learning_rate"": 0.05, ""max_iter"": 150, ""max_leaf_nodes"": 7}",0.015727192539499692,0.020181400130508807,0.01488579556423712,-0.545851671657539
human_activity_recognition,4,P2,280,70,outer fold held out; inner GroupKFold on outer_fold|condition keeps all seeds of a scenario together,"{""l2_regularization"": 1.0, ""learning_rate"": 0.05, ""max_iter"": 150, ""max_leaf_nodes"": 7}",0.013232661025333131,0.018057739916500976,0.010476144986691367,-0.13088237744704667
human_activity_recognition,0,P3,280,70,outer fold held out; inner GroupKFold on outer_fold|condition keeps all seeds of a scenario together,"{""l2_regularization"": 1.0, ""learning_rate"": 0.05, ""max_iter"": 150, ""max_leaf_nodes"": 7}",0.016257093036457164,0.023586393140830966,0.00979132723359189,-0.05918577122520774
human_activity_recognition,1,P3,280,70,outer fold held out; inner GroupKFold on outer_fold|condition keeps all seeds of a scenario together,"{""l2_regularization"": 0.0, ""learning_rate"": 0.05, ""max_iter"": 150, ""max_leaf_nodes"": 7}",0.015043471715410178,0.02208266935442525,0.008816570760621482,-0.1928581468645032
human_activity_recognition,2,P3,280,70,outer fold held out; inner GroupKFold on outer_fold|condition keeps all seeds of a scenario together,"{""l2_regularization"": 1.0, ""learning_rate"": 0.05, ""max_iter"": 150, ""max_leaf_nodes"": 7}",0.014806076643957132,0.020188796863497123,0.011727201525349597,-0.5585082794405987
human_activity_recognition,3,P3,280,70,outer fold held out; inner GroupKFold on outer_fold|condition keeps all seeds of a scenario together,"{""l2_regularization"": 1.0, ""learning_rate"": 0.05, ""max_iter"": 150, ""max_leaf_nodes"": 7}",0.017618947718353636,0.024698861784539474,0.01376973150341862,-1.3153631303524178
human_activity_recognition,4,P3,280,70,outer fold held out; inner GroupKFold on outer_fold|condition keeps all seeds of a scenario together,"{""l2_regularization"": 1.0, ""learning_rate"": 0.05, ""max_iter"": 150, ""max_leaf_nodes"": 15}",0.01272082636340349,0.018050560444594285,0.008708162353673842,-0.1299833143000877
human_activity_recognition,0,P4,280,70,outer fold held out; inner GroupKFold on outer_fold|condition keeps all seeds of a scenario together,"{""l2_regularization"": 1.0, ""learning_rate"": 0.05, ""max_iter"": 150, ""max_leaf_nodes"": 7}",0.0175110361746878,0.028261783536495114,0.008349428971564274,-0.5207163073157746
human_activity_recognition,1,P4,280,70,outer fold held out; inner GroupKFold on outer_fold|condition keeps all seeds of a scenario together,"{""l2_regularization"": 1.0, ""learning_rate"": 0.05, ""max_iter"": 150, ""max_leaf_nodes"": 7}",0.017593763747964914,0.024595969890450584,0.01255075203268977,-0.4798359274334516
human_activity_recognition,2,P4,280,70,outer fold held out; inner GroupKFold on outer_fold|condition keeps all seeds of a scenario together,"{""l2_regularization"": 1.0, ""learning_rate"": 0.05, ""max_iter"": 150, ""max_leaf_nodes"": 7}",0.0169021146513424,0.021710850210502973,0.013801323992110932,-0.8023614892752762
human_activity_recognition,3,P4,280,70,outer fold held out; inner GroupKFold on outer_fold|condition keeps all seeds of a scenario together,"{""l2_regularization"": 1.0, ""learning_rate"": 0.05, ""max_iter"": 150, ""max_leaf_nodes"": 15}",0.01785432662676379,0.02312636879250431,0.015484630461897856,-1.0299256330138293
human_activity_recognition,4,P4,280,70,outer fold held out; inner GroupKFold on outer_fold|condition keeps all seeds of a scenario together,"{""l2_regularization"": 1.0, ""learning_rate"": 0.05, ""max_iter"": 150, ""max_leaf_nodes"": 7}",0.014580877747680887,0.01939349039369147,0.010189552062469841,-0.3043754252653763
iris,0,B0_median,280,70,outer fold held out; inner GroupKFold on outer_fold|condition keeps all seeds of a scenario together,"{""constant"": 0.0439381257898769}",0.11132632766864994,0.12561171769323662,0.10365372722784699,-0.003026998905421907
iris,1,B0_median,280,70,outer fold held out; inner GroupKFold on outer_fold|condition keeps all seeds of a scenario together,"{""constant"": 0.056943864847481346}",0.13937205751674345,0.17230329584835594,0.09075458346221645,-0.3209979846278648
iris,2,B0_median,280,70,outer fold held out; inner GroupKFold on outer_fold|condition keeps all seeds of a scenario together,"{""constant"": 0.0319004607844335}",0.1298763569547681,0.16959597802272544,0.11718074411419885,-0.052061025868646915
iris,3,B0_median,280,70,outer fold held out; inner GroupKFold on outer_fold|condition keeps all seeds of a scenario together,"{""constant"": 0.0057158320785455}",0.0769323160510096,0.10357143025681893,0.0672060732307439,-0.2530560971820168
iris,4,B0_median,280,70,outer fold held out; inner GroupKFold on outer_fold|condition keeps all seeds of a scenario together,"{""constant"": 0.0021172345722641}",0.12698890123887188,0.16299072820601088,0.1113970878846829,-1.4899155649857332
iris,0,P0,280,70,outer fold held out; inner GroupKFold on outer_fold|condition keeps all seeds of a scenario together,"{""l2_regularization"": 1.0, ""learning_rate"": 0.05, ""max_iter"": 150, ""max_leaf_nodes"": 7}",0.11023864076790715,0.1306882671276864,0.08102299794966547,-0.08573918785187717
iris,1,P0,280,70,outer fold held out; inner GroupKFold on outer_fold|condition keeps all seeds of a scenario together,"{""l2_regularization"": 0.0, ""learning_rate"": 0.05, ""max_iter"": 150, ""max_leaf_nodes"": 7}",0.13139516580901878,0.1640322788808161,0.0945460049121202,-0.19721906066669193
iris,2,P0,280,70,outer fold held out; inner GroupKFold on outer_fold|condition keeps all seeds of a scenario together,"{""l2_regularization"": 1.0, ""learning_rate"": 0.05, ""max_iter"": 150, ""max_leaf_nodes"": 7}",0.13484933645260785,0.1576163407942555,0.10174151385884458,0.09131718180800752
iris,3,P0,280,70,outer fold held out; inner GroupKFold on outer_fold|condition keeps all seeds of a scenario together,"{""l2_regularization"": 1.0, ""learning_rate"": 0.05, ""max_iter"": 150, ""max_leaf_nodes"": 7}",0.09345477001104616,0.12160557458945156,0.07813494341040622,-0.7274183752970858
iris,4,P0,280,70,outer fold held out; inner GroupKFold on outer_fold|condition keeps all seeds of a scenario together,"{""l2_regularization"": 1.0, ""learning_rate"": 0.05, ""max_iter"": 150, ""max_leaf_nodes"": 7}",0.10664176581600995,0.15281819298232263,0.06343287558699767,-1.1888144135307401
iris,0,P2,280,70,outer fold held out; inner GroupKFold on outer_fold|condition keeps all seeds of a scenario together,"{""l2_regularization"": 1.0, ""learning_rate"": 0.05, ""max_iter"": 150, ""max_leaf_nodes"": 7}",0.10749252097691209,0.13267511991232112,0.09182970731516378,-0.11900310594406749
iris,1,P2,280,70,outer fold held out; inner GroupKFold on outer_fold|condition keeps all seeds of a scenario together,"{""l2_regularization"": 1.0, ""learning_rate"": 0.1, ""max_iter"": 150, ""max_leaf_nodes"": 15}",0.16390887690677677,0.1954241502760246,0.1504012902101145,-0.699305448944529
iris,2,P2,280,70,outer fold held out; inner GroupKFold on outer_fold|condition keeps all seeds of a scenario together,"{""l2_regularization"": 1.0, ""learning_rate"": 0.05, ""max_iter"": 150, ""max_leaf_nodes"": 15}",0.17445208747066834,0.1969586591822892,0.15370780490511513,-0.4189268047012149
iris,3,P2,280,70,outer fold held out; inner GroupKFold on outer_fold|condition keeps all seeds of a scenario together,"{""l2_regularization"": 1.0, ""learning_rate"": 0.1, ""max_iter"": 300, ""max_leaf_nodes"": 7}",0.14952279637597576,0.19396955811282207,0.11458815248733203,-3.3949882633442385
iris,4,P2,280,70,outer fold held out; inner GroupKFold on outer_fold|condition keeps all seeds of a scenario together,"{""l2_regularization"": 1.0, ""learning_rate"": 0.05, ""max_iter"": 150, ""max_leaf_nodes"": 7}",0.0975360780241166,0.1379080443319402,0.04384007743125394,-0.7825348093137379
iris,0,P3,280,70,outer fold held out; inner GroupKFold on outer_fold|condition keeps all seeds of a scenario together,"{""l2_regularization"": 0.0, ""learning_rate"": 0.05, ""max_iter"": 150, ""max_leaf_nodes"": 7}",0.14124765844577614,0.1822557779688424,0.1161081817156734,-1.1116159084365398
iris,1,P3,280,70,outer fold held out; inner GroupKFold on outer_fold|condition keeps all seeds of a scenario together,"{""l2_regularization"": 0.0, ""learning_rate"": 0.05, ""max_iter"": 150, ""max_leaf_nodes"": 15}",0.12195070450076739,0.1507031880057184,0.10873653567537656,-0.010554789138685239
iris,2,P3,280,70,outer fold held out; inner GroupKFold on outer_fold|condition keeps all seeds of a scenario together,"{""l2_regularization"": 0.0, ""learning_rate"": 0.1, ""max_iter"": 300, ""max_leaf_nodes"": 15}",0.12124104243501616,0.15664005433642314,0.11918881814355736,0.10253920661376481
iris,3,P3,280,70,outer fold held out; inner GroupKFold on outer_fold|condition keeps all seeds of a scenario together,"{""l2_regularization"": 1.0, ""learning_rate"": 0.05, ""max_iter"": 150, ""max_leaf_nodes"": 15}",0.12628129400727023,0.16197761752658127,0.10964983779119816,-2.064789001070794
iris,4,P3,280,70,outer fold held out; inner GroupKFold on outer_fold|condition keeps all seeds of a scenario together,"{""l2_regularization"": 1.0, ""learning_rate"": 0.05, ""max_iter"": 150, ""max_leaf_nodes"": 7}",0.1169104357397899,0.14802822611878858,0.0793551986819321,-1.053751480859451
iris,0,P4,280,70,outer fold held out; inner GroupKFold on outer_fold|condition keeps all seeds of a scenario together,"{""l2_regularization"": 1.0, ""learning_rate"": 0.05, ""max_iter"": 150, ""max_leaf_nodes"": 7}",0.08893324154278143,0.1091137123021748,0.08553016891471821,0.24314797402598787
iris,1,P4,280,70,outer fold held out; inner GroupKFold on outer_fold|condition keeps all seeds of a scenario together,"{""l2_regularization"": 0.0, ""learning_rate"": 0.05, ""max_iter"": 150, ""max_leaf_nodes"": 15}",0.14582413754799928,0.17106654154464795,0.14133474445854438,-0.30210239020702057
iris,2,P4,280,70,outer fold held out; inner GroupKFold on outer_fold|condition keeps all seeds of a scenario together,"{""l2_regularization"": 1.0, ""learning_rate"": 0.05, ""max_iter"": 150, ""max_leaf_nodes"": 15}",0.1698655442267686,0.18778407660989757,0.15319704300292972,-0.28981481399680353
iris,3,P4,280,70,outer fold held out; inner GroupKFold on outer_fold|condition keeps all seeds of a scenario together,"{""l2_regularization"": 1.0, ""learning_rate"": 0.1, ""max_iter"": 300, ""max_leaf_nodes"": 7}",0.12527315570836123,0.17574775261498657,0.05917084099319726,-2.6080298934438035
iris,4,P4,280,70,outer fold held out; inner GroupKFold on outer_fold|condition keeps all seeds of a scenario together,"{""l2_regularization"": 1.0, ""learning_rate"": 0.1, ""max_iter"": 150, ""max_leaf_nodes"": 7}",0.0984059963308963,0.14024560943660616,0.061993897133506615,-0.8434754905111732
letter_recognition,0,B0_median,280,70,outer fold held out; inner GroupKFold on outer_fold|condition keeps all seeds of a scenario together,"{""constant"": 0.0068908160156645505}",0.012085696347845114,0.01943257300885047,0.00571538893171775,-0.06125459468292904
letter_recognition,1,B0_median,280,70,outer fold held out; inner GroupKFold on outer_fold|condition keeps all seeds of a scenario together,"{""constant"": 0.0062430437210539}",0.012216196760543944,0.020592692571661964,0.00607091260045245,-0.22201515424938134
letter_recognition,2,B0_median,280,70,outer fold held out; inner GroupKFold on outer_fold|condition keeps all seeds of a scenario together,"{""constant"": 0.0069981533364405005}",0.01382795563747972,0.021415162607775557,0.0066786864719284005,-0.0011875951023567755
letter_recognition,3,B0_median,280,70,outer fold held out; inner GroupKFold on outer_fold|condition keeps all seeds of a scenario together,"{""constant"": 0.00715089363909725}",0.014328661301452345,0.021995828844146508,0.007310207231856901,-0.008077709702586144
letter_recognition,4,B0_median,280,70,outer fold held out; inner GroupKFold on outer_fold|condition keeps all seeds of a scenario together,"{""constant"": 0.007326900764006401}",0.019926612571426527,0.03643797455551756,0.006244829866194451,-0.025679619183358815
letter_recognition,0,P0,280,70,outer fold held out; inner GroupKFold on outer_fold|condition keeps all seeds of a scenario together,"{""l2_regularization"": 0.0, ""learning_rate"": 0.1, ""max_iter"": 150, ""max_leaf_nodes"": 7}",0.008983690658209914,0.013742905923982807,0.005040740382102074,0.4692180879355887
letter_recognition,1,P0,280,70,outer fold held out; inner GroupKFold on outer_fold|condition keeps all seeds of a scenario together,"{""l2_regularization"": 0.0, ""learning_rate"": 0.1, ""max_iter"": 300, ""max_leaf_nodes"": 7}",0.012033990397403693,0.018814171564074316,0.005028354699787753,-0.020047791004417226
letter_recognition,2,P0,280,70,outer fold held out; inner GroupKFold on outer_fold|condition keeps all seeds of a scenario together,"{""l2_regularization"": 0.0, ""learning_rate"": 0.1, ""max_iter"": 300, ""max_leaf_nodes"": 7}",0.008378388806680096,0.01484554978277186,0.004499367486460829,0.5188668524430788
letter_recognition,3,P0,280,70,outer fold held out; inner GroupKFold on outer_fold|condition keeps all seeds of a scenario together,"{""l2_regularization"": 0.0, ""learning_rate"": 0.1, ""max_iter"": 300, ""max_leaf_nodes"": 7}",0.011407507149973205,0.02067017614567951,0.0034883581754121093,0.10977106964935901
letter_recognition,4,P0,280,70,outer fold held out; inner GroupKFold on outer_fold|condition keeps all seeds of a scenario together,"{""l2_regularization"": 1.0, ""learning_rate"": 0.1, ""max_iter"": 300, ""max_leaf_nodes"": 7}",0.01190082769516642,0.023559148234973765,0.003407298596761312,0.5712319273708202
letter_recognition,0,P2,280,70,outer fold held out; inner GroupKFold on outer_fold|condition keeps all seeds of a scenario together,"{""l2_regularization"": 1.0, ""learning_rate"": 0.05, ""max_iter"": 150, ""max_leaf_nodes"": 15}",0.00983781567081695,0.016731681002590995,0.005441410463288676,0.21324752218791998
letter_recognition,1,P2,280,70,outer fold held out; inner GroupKFold on outer_fold|condition keeps all seeds of a scenario together,"{""l2_regularization"": 1.0, ""learning_rate"": 0.05, ""max_iter"": 150, ""max_leaf_nodes"": 7}",0.010889711918784267,0.015889163903287217,0.006825441783103555,0.2724674815702556
letter_recognition,2,P2,280,70,outer fold held out; inner GroupKFold on outer_fold|condition keeps all seeds of a scenario together,"{""l2_regularization"": 1.0, ""learning_rate"": 0.05, ""max_iter"": 150, ""max_leaf_nodes"": 7}",0.010540880669024153,0.015098129310162727,0.0062759566375767215,0.502355752232132
letter_recognition,3,P2,280,70,outer fold held out; inner GroupKFold on outer_fold|condition keeps all seeds of a scenario together,"{""l2_regularization"": 1.0, ""learning_rate"": 0.05, ""max_iter"": 150, ""max_leaf_nodes"": 15}",0.009774306831514328,0.016081237171752156,0.005912301203319214,0.46116938560777376
letter_recognition,4,P2,280,70,outer fold held out; inner GroupKFold on outer_fold|condition keeps all seeds of a scenario together,"{""l2_regularization"": 1.0, ""learning_rate"": 0.05, ""max_iter"": 150, ""max_leaf_nodes"": 7}",0.017035670073534938,0.034923150977995296,0.004440901297190032,0.05782817589443201
letter_recognition,0,P3,280,70,outer fold held out; inner GroupKFold on outer_fold|condition keeps all seeds of a scenario together,"{""l2_regularization"": 1.0, ""learning_rate"": 0.05, ""max_iter"": 150, ""max_leaf_nodes"": 7}",0.004271024285138754,0.005728344999120457,0.002940325784815075,0.9077816601030682
letter_recognition,1,P3,280,70,outer fold held out; inner GroupKFold on outer_fold|condition keeps all seeds of a scenario together,"{""l2_regularization"": 1.0, ""learning_rate"": 0.05, ""max_iter"": 150, ""max_leaf_nodes"": 7}",0.012884142692641595,0.023321167861129505,0.006080675657979479,-0.5672955827085535
letter_recognition,2,P3,280,70,outer fold held out; inner GroupKFold on outer_fold|condition keeps all seeds of a scenario together,"{""l2_regularization"": 1.0, ""learning_rate"": 0.05, ""max_iter"": 150, ""max_leaf_nodes"": 7}",0.007433915015538628,0.010781166064352374,0.0048276879161459245,0.746251094064543
letter_recognition,3,P3,280,70,outer fold held out; inner GroupKFold on outer_fold|condition keeps all seeds of a scenario together,"{""l2_regularization"": 1.0, ""learning_rate"": 0.1, ""max_iter"": 300, ""max_leaf_nodes"": 15}",0.010325709520727868,0.017056865098140882,0.005886165045863848,0.3938057984565032
letter_recognition,4,P3,280,70,outer fold held out; inner GroupKFold on outer_fold|condition keeps all seeds of a scenario together,"{""l2_regularization"": 0.0, ""learning_rate"": 0.1, ""max_iter"": 150, ""max_leaf_nodes"": 7}",0.010430788876616848,0.02332320791173447,0.003197973202636948,0.5797769825054198
letter_recognition,0,P4,280,70,outer fold held out; inner GroupKFold on outer_fold|condition keeps all seeds of a scenario together,"{""l2_regularization"": 1.0, ""learning_rate"": 0.05, ""max_iter"": 150, ""max_leaf_nodes"": 15}",0.006826238442545691,0.009539782347519796,0.004374212279706493,0.7442380702869063
letter_recognition,1,P4,280,70,outer fold held out; inner GroupKFold on outer_fold|condition keeps all seeds of a scenario together,"{""l2_regularization"": 1.0, ""learning_rate"": 0.1, ""max_iter"": 300, ""max_leaf_nodes"": 15}",0.009275210086214097,0.013949832795572922,0.006943220124496826,0.43922541326269016
letter_recognition,2,P4,280,70,outer fold held out; inner GroupKFold on outer_fold|condition keeps all seeds of a scenario together,"{""l2_regularization"": 1.0, ""learning_rate"": 0.1, ""max_iter"": 300, ""max_leaf_nodes"": 7}",0.008331314147897017,0.010688145065193595,0.007115286985080267,0.7506109467682597
letter_recognition,3,P4,280,70,outer fold held out; inner GroupKFold on outer_fold|condition keeps all seeds of a scenario together,"{""l2_regularization"": 1.0, ""learning_rate"": 0.1, ""max_iter"": 300, ""max_leaf_nodes"": 7}",0.010015916073604664,0.0176908226411222,0.004113895806772933,0.34790719916542645
letter_recognition,4,P4,280,70,outer fold held out; inner GroupKFold on outer_fold|condition keeps all seeds of a scenario together,"{""l2_regularization"": 0.0, ""learning_rate"": 0.1, ""max_iter"": 150, ""max_leaf_nodes"": 15}",0.013140593747679138,0.02642786963146124,0.0038448012735555473,0.46045511338451917
madelon,0,B0_median,280,70,outer fold held out; inner GroupKFold on outer_fold|condition keeps all seeds of a scenario together,"{""constant"": 0.00430597349031635}",0.005965647309157444,0.006972388011792494,0.00637212192507675,-0.00812354365574186
madelon,1,B0_median,280,70,outer fold held out; inner GroupKFold on outer_fold|condition keeps all seeds of a scenario together,"{""constant"": 0.00373524534681225}",0.0037730447230197514,0.00510213741528249,0.0024904850914903,-0.21980253943809713
madelon,2,B0_median,280,70,outer fold held out; inner GroupKFold on outer_fold|condition keeps all seeds of a scenario together,"{""constant"": 0.0038690676381599}",0.00494654629405988,0.0056697199844631535,0.0040999958160608,-0.015400795832697156
madelon,3,B0_median,280,70,outer fold held out; inner GroupKFold on outer_fold|condition keeps all seeds of a scenario together,"{""constant"": 0.0038683731296356}",0.006736234384333766,0.008651457701903707,0.00561729323592435,-0.17724596748253751
madelon,4,B0_median,280,70,outer fold held out; inner GroupKFold on outer_fold|condition keeps all seeds of a scenario together,"{""constant"": 0.0045108913690426}",0.007096303477100635,0.009917334268090912,0.004508023260459711,-0.13007319305503495
madelon,0,P0,280,70,outer fold held out; inner GroupKFold on outer_fold|condition keeps all seeds of a scenario together,"{""l2_regularization"": 1.0, ""learning_rate"": 0.05, ""max_iter"": 150, ""max_leaf_nodes"": 7}",0.004112541905730097,0.005762617513199898,0.002408438074784654,0.31136316088695637
madelon,1,P0,280,70,outer fold held out; inner GroupKFold on outer_fold|condition keeps all seeds of a scenario together,"{""l2_regularization"": 0.0, ""learning_rate"": 0.05, ""max_iter"": 150, ""max_leaf_nodes"": 7}",0.005429621663547791,0.006544766067194653,0.004977168317707387,-1.0071206845181937
madelon,2,P0,280,70,outer fold held out; inner GroupKFold on outer_fold|condition keeps all seeds of a scenario together,"{""l2_regularization"": 1.0, ""learning_rate"": 0.05, ""max_iter"": 150, ""max_leaf_nodes"": 7}",0.005689624568047647,0.007580031925575529,0.004337515387638215,-0.8149152421587438
madelon,3,P0,280,70,outer fold held out; inner GroupKFold on outer_fold|condition keeps all seeds of a scenario together,"{""l2_regularization"": 1.0, ""learning_rate"": 0.05, ""max_iter"": 150, ""max_leaf_nodes"": 7}",0.006779696798461738,0.009282312265460401,0.005951416804798237,-0.35519247873023896
madelon,4,P0,280,70,outer fold held out; inner GroupKFold on outer_fold|condition keeps all seeds of a scenario together,"{""l2_regularization"": 1.0, ""learning_rate"": 0.05, ""max_iter"": 150, ""max_leaf_nodes"": 7}",0.007788871146379879,0.012299552589775874,0.003981495405194166,-0.7381821967600426
madelon,0,P2,280,70,outer fold held out; inner GroupKFold on outer_fold|condition keeps all seeds of a scenario together,"{""l2_regularization"": 0.0, ""learning_rate"": 0.05, ""max_iter"": 150, ""max_leaf_nodes"": 7}",0.006234997124596276,0.008959900113090696,0.003721080276947661,-0.6647805700710308
madelon,1,P2,280,70,outer fold held out; inner GroupKFold on outer_fold|condition keeps all seeds of a scenario together,"{""l2_regularization"": 0.0, ""learning_rate"": 0.05, ""max_iter"": 150, ""max_leaf_nodes"": 7}",0.0033790660677255804,0.004470854992320537,0.0030260813811211814,0.06337359069884008
madelon,2,P2,280,70,outer fold held out; inner GroupKFold on outer_fold|condition keeps all seeds of a scenario together,"{""l2_regularization"": 1.0, ""learning_rate"": 0.05, ""max_iter"": 150, ""max_leaf_nodes"": 7}",0.004985176672470446,0.006682591108976394,0.0031611669288833435,-0.4106005715489711
madelon,3,P2,280,70,outer fold held out; inner GroupKFold on outer_fold|condition keeps all seeds of a scenario together,"{""l2_regularization"": 0.0, ""learning_rate"": 0.05, ""max_iter"": 150, ""max_leaf_nodes"": 15}",0.0060459136697922885,0.009622478548862777,0.002949089762096783,-0.45633919199798223
madelon,4,P2,280,70,outer fold held out; inner GroupKFold on outer_fold|condition keeps all seeds of a scenario together,"{""l2_regularization"": 1.0, ""learning_rate"": 0.05, ""max_iter"": 150, ""max_leaf_nodes"": 15}",0.007196886855462614,0.011122014345330325,0.004585506220219087,-0.4212928511919021
madelon,0,P3,280,70,outer fold held out; inner GroupKFold on outer_fold|condition keeps all seeds of a scenario together,"{""l2_regularization"": 1.0, ""learning_rate"": 0.05, ""max_iter"": 150, ""max_leaf_nodes"": 7}",0.004834016113486788,0.006806943872724493,0.003651092630582522,0.03915131179267639
madelon,1,P3,280,70,outer fold held out; inner GroupKFold on outer_fold|condition keeps all seeds of a scenario together,"{""l2_regularization"": 0.0, ""learning_rate"": 0.05, ""max_iter"": 150, ""max_leaf_nodes"": 15}",0.0036790964346858864,0.005225798400681726,0.0022205989409769117,-0.2796480344863921
madelon,2,P3,280,70,outer fold held out; inner GroupKFold on outer_fold|condition keeps all seeds of a scenario together,"{""l2_regularization"": 1.0, ""learning_rate"": 0.05, ""max_iter"": 150, ""max_leaf_nodes"": 15}",0.0061104953660551095,0.0077606690913532925,0.005798850898298543,-0.9024471903643632
madelon,3,P3,280,70,outer fold held out; inner GroupKFold on outer_fold|condition keeps all seeds of a scenario together,"{""l2_regularization"": 1.0, ""learning_rate"": 0.05, ""max_iter"": 150, ""max_leaf_nodes"": 7}",0.008088572939996864,0.010439769739122844,0.006015152213091832,-0.7142354569337386
madelon,4,P3,280,70,outer fold held out; inner GroupKFold on outer_fold|condition keeps all seeds of a scenario together,"{""l2_regularization"": 0.0, ""learning_rate"": 0.05, ""max_iter"": 150, ""max_leaf_nodes"": 7}",0.007419782157803624,0.010892971067552978,0.005075419108419958,-0.36335630230168814
madelon,0,P4,280,70,outer fold held out; inner GroupKFold on outer_fold|condition keeps all seeds of a scenario together,"{""l2_regularization"": 1.0, ""learning_rate"": 0.05, ""max_iter"": 150, ""max_leaf_nodes"": 7}",0.005928371791896816,0.00832106878414741,0.0033542017922868397,-0.43584938462699996
madelon,1,P4,280,70,outer fold held out; inner GroupKFold on outer_fold|condition keeps all seeds of a scenario together,"{""l2_regularization"": 0.0, ""learning_rate"": 0.05, ""max_iter"": 150, ""max_leaf_nodes"": 7}",0.003592857908299975,0.005347572741752512,0.001658178288489433,-0.3399809754622709
madelon,2,P4,280,70,outer fold held out; inner GroupKFold on outer_fold|condition keeps all seeds of a scenario together,"{""l2_regularization"": 0.0, ""learning_rate"": 0.05, ""max_iter"": 150, ""max_leaf_nodes"": 15}",0.005060594666630158,0.008090189838898733,0.0029012281938104317,-1.0674342350758814
madelon,3,P4,280,70,outer fold held out; inner GroupKFold on outer_fold|condition keeps all seeds of a scenario together,"{""l2_regularization"": 0.0, ""learning_rate"": 0.05, ""max_iter"": 150, ""max_leaf_nodes"": 15}",0.006485648803169638,0.009555834706058782,0.004918457639060297,-0.43623627529039877
madelon,4,P4,280,70,outer fold held out; inner GroupKFold on outer_fold|condition keeps all seeds of a scenario together,"{""l2_regularization"": 0.0, ""learning_rate"": 0.05, ""max_iter"": 150, ""max_leaf_nodes"": 7}",0.007941293701544389,0.012489674389190322,0.004486124356554492,-0.7923338312745976
mice_protein_expression,0,B0_median,280,70,outer fold held out; inner GroupKFold on outer_fold|condition keeps all seeds of a scenario together,"{""constant"": 0.00232187225256425}",0.017244502003330508,0.025988234460271986,0.01081475264184475,-0.05519400705003519
mice_protein_expression,1,B0_median,280,70,outer fold held out; inner GroupKFold on outer_fold|condition keeps all seeds of a scenario together,"{""constant"": 0.00172134998032315}",0.032217662537959754,0.04315297695579196,0.024202133406038,-0.16859747403188852
mice_protein_expression,2,B0_median,280,70,outer fold held out; inner GroupKFold on outer_fold|condition keeps all seeds of a scenario together,"{""constant"": 0.0018852373875651}",0.02302003916132258,0.034146977746927015,0.01412910001245415,-0.004102550201215527
mice_protein_expression,3,B0_median,280,70,outer fold held out; inner GroupKFold on outer_fold|condition keeps all seeds of a scenario together,"{""constant"": 0.0021512802586757}",0.013998277501051213,0.01975365925357757,0.00984064294613695,-0.015243715390691248
mice_protein_expression,4,B0_median,280,70,outer fold held out; inner GroupKFold on outer_fold|condition keeps all seeds of a scenario together,"{""constant"": 0.00271171259324465}",0.015844950496384243,0.02307119414220274,0.010193904033134,-0.05656454302773173
mice_protein_expression,0,P0,280,70,outer fold held out; inner GroupKFold on outer_fold|condition keeps all seeds of a scenario together,"{""l2_regularization"": 1.0, ""learning_rate"": 0.05, ""max_iter"": 150, ""max_leaf_nodes"": 15}",0.020391111116653853,0.031833991402695765,0.011197559113900213,-0.583291764689402
mice_protein_expression,1,P0,280,70,outer fold held out; inner GroupKFold on outer_fold|condition keeps all seeds of a scenario together,"{""l2_regularization"": 1.0, ""learning_rate"": 0.05, ""max_iter"": 150, ""max_leaf_nodes"": 7}",0.03783846557109948,0.05255449520182472,0.025028129123855856,-0.7332577804220521
mice_protein_expression,2,P0,280,70,outer fold held out; inner GroupKFold on outer_fold|condition keeps all seeds of a scenario together,"{""l2_regularization"": 1.0, ""learning_rate"": 0.05, ""max_iter"": 150, ""max_leaf_nodes"": 7}",0.028090137797093812,0.041605675053079355,0.01839964262806155,-0.49066025686514103
mice_protein_expression,3,P0,280,70,outer fold held out; inner GroupKFold on outer_fold|condition keeps all seeds of a scenario together,"{""l2_regularization"": 0.0, ""learning_rate"": 0.05, ""max_iter"": 150, ""max_leaf_nodes"": 7}",0.01655424958223599,0.023356614975753143,0.010189449982741933,-0.4193679584759902
mice_protein_expression,4,P0,280,70,outer fold held out; inner GroupKFold on outer_fold|condition keeps all seeds of a scenario together,"{""l2_regularization"": 1.0, ""learning_rate"": 0.05, ""max_iter"": 150, ""max_leaf_nodes"": 7}",0.015553658629322656,0.025767432168999065,0.009862388224072961,-0.3179476730400712
mice_protein_expression,0,P2,280,70,outer fold held out; inner GroupKFold on outer_fold|condition keeps all seeds of a scenario together,"{""l2_regularization"": 1.0, ""learning_rate"": 0.05, ""max_iter"": 150, ""max_leaf_nodes"": 7}",0.023345775937860323,0.030927659611912114,0.01708122666635245,-0.4944207094555868
mice_protein_expression,1,P2,280,70,outer fold held out; inner GroupKFold on outer_fold|condition keeps all seeds of a scenario together,"{""l2_regularization"": 1.0, ""learning_rate"": 0.05, ""max_iter"": 150, ""max_leaf_nodes"": 7}",0.03218761868238506,0.043881447551412926,0.022009427890455954,-0.2083849609522006
mice_protein_expression,2,P2,280,70,outer fold held out; inner GroupKFold on outer_fold|condition keeps all seeds of a scenario together,"{""l2_regularization"": 1.0, ""learning_rate"": 0.05, ""max_iter"": 150, ""max_leaf_nodes"": 7}",0.024327075895506516,0.034013730403067176,0.018956237711459448,0.003718519952787047
mice_protein_expression,3,P2,280,70,outer fold held out; inner GroupKFold on outer_fold|condition keeps all seeds of a scenario together,"{""l2_regularization"": 0.0, ""learning_rate"": 0.05, ""max_iter"": 150, ""max_leaf_nodes"": 7}",0.017160857577298617,0.024829720919211103,0.010870850028431779,-0.6040535773961753
mice_protein_expression,4,P2,280,70,outer fold held out; inner GroupKFold on outer_fold|condition keeps all seeds of a scenario together,"{""l2_regularization"": 1.0, ""learning_rate"": 0.05, ""max_iter"": 150, ""max_leaf_nodes"": 7}",0.023432002896146317,0.031109865123881433,0.01340465569528545,-0.921109595401477
mice_protein_expression,0,P3,280,70,outer fold held out; inner GroupKFold on outer_fold|condition keeps all seeds of a scenario together,"{""l2_regularization"": 0.0, ""learning_rate"": 0.05, ""max_iter"": 150, ""max_leaf_nodes"": 15}",0.025996592768526564,0.037643887310623035,0.01627014199298698,-1.213949410367369
mice_protein_expression,1,P3,280,70,outer fold held out; inner GroupKFold on outer_fold|condition keeps all seeds of a scenario together,"{""l2_regularization"": 1.0, ""learning_rate"": 0.05, ""max_iter"": 150, ""max_leaf_nodes"": 7}",0.035504939429842154,0.04803049481568734,0.02739093517990586,-0.44769655894637905
mice_protein_expression,2,P3,280,70,outer fold held out; inner GroupKFold on outer_fold|condition keeps all seeds of a scenario together,"{""l2_regularization"": 1.0, ""learning_rate"": 0.05, ""max_iter"": 150, ""max_leaf_nodes"": 15}",0.028093499807857154,0.0414682085611304,0.01715101683902999,-0.48082615074029955
mice_protein_expression,3,P3,280,70,outer fold held out; inner GroupKFold on outer_fold|condition keeps all seeds of a scenario together,"{""l2_regularization"": 0.0, ""learning_rate"": 0.05, ""max_iter"": 150, ""max_leaf_nodes"": 15}",0.018586175898041627,0.024843787937842934,0.015277911789327057,-0.6058716117916048
mice_protein_expression,4,P3,280,70,outer fold held out; inner GroupKFold on outer_fold|condition keeps all seeds of a scenario together,"{""l2_regularization"": 0.0, ""learning_rate"": 0.05, ""max_iter"": 150, ""max_leaf_nodes"": 15}",0.023701292794234358,0.03395482931928549,0.01548848123891263,-1.2885425325039246
mice_protein_expression,0,P4,280,70,outer fold held out; inner GroupKFold on outer_fold|condition keeps all seeds of a scenario together,"{""l2_regularization"": 1.0, ""learning_rate"": 0.05, ""max_iter"": 150, ""max_leaf_nodes"": 15}",0.02332574007058709,0.03238374949089659,0.016335701849724556,-0.6384493714927999
mice_protein_expression,1,P4,280,70,outer fold held out; inner GroupKFold on outer_fold|condition keeps all seeds of a scenario together,"{""l2_regularization"": 1.0, ""learning_rate"": 0.05, ""max_iter"": 150, ""max_leaf_nodes"": 15}",0.03199301127885086,0.04590286870880631,0.018236250857116738,-0.3222789245914597
mice_protein_expression,2,P4,280,70,outer fold held out; inner GroupKFold on outer_fold|condition keeps all seeds of a scenario together,"{""l2_regularization"": 0.0, ""learning_rate"": 0.05, ""max_iter"": 150, ""max_leaf_nodes"": 7}",0.02845678309757214,0.0426747066532789,0.018758472065379544,-0.568247543463114
mice_protein_expression,3,P4,280,70,outer fold held out; inner GroupKFold on outer_fold|condition keeps all seeds of a scenario together,"{""l2_regularization"": 1.0, ""learning_rate"": 0.05, ""max_iter"": 150, ""max_leaf_nodes"": 15}",0.01810770454243408,0.02580734130989224,0.01139664452677805,-0.7328530090531535
mice_protein_expression,4,P4,280,70,outer fold held out; inner GroupKFold on outer_fold|condition keeps all seeds of a scenario together,"{""l2_regularization"": 0.0, ""learning_rate"": 0.05, ""max_iter"": 150, ""max_leaf_nodes"": 7}",0.02051471416221112,0.030944487121655914,0.01263710788986593,-0.9007388991691954
pendigits,0,B0_median,280,70,outer fold held out; inner GroupKFold on outer_fold|condition keeps all seeds of a scenario together,"{""constant"": 0.0257832447001855}",0.03908043042774391,0.05639247329534533,0.0231799490972439,-0.16354792760424663
pendigits,1,B0_median,280,70,outer fold held out; inner GroupKFold on outer_fold|condition keeps all seeds of a scenario together,"{""constant"": 0.0267131250315776}",0.05773209089075103,0.08129052294705397,0.0319669072822475,-0.002223481437179098
pendigits,2,B0_median,280,70,outer fold held out; inner GroupKFold on outer_fold|condition keeps all seeds of a scenario together,"{""constant"": 0.0273516408295192}",0.05112319623348376,0.07003084101904784,0.0299699375283773,-0.010911961021828676
pendigits,3,B0_median,280,70,outer fold held out; inner GroupKFold on outer_fold|condition keeps all seeds of a scenario together,"{""constant"": 0.02541005497260505}",0.064747265964158,0.09291872445624778,0.032517980723534956,-1.9434286566255565e-05
pendigits,4,B0_median,280,70,outer fold held out; inner GroupKFold on outer_fold|condition keeps all seeds of a scenario together,"{""constant"": 0.0229672576569087}",0.04725741457305832,0.06510852805190046,0.022970734679819547,-0.29585505388954814
pendigits,0,P0,280,70,outer fold held out; inner GroupKFold on outer_fold|condition keeps all seeds of a scenario together,"{""l2_regularization"": 0.0, ""learning_rate"": 0.1, ""max_iter"": 300, ""max_leaf_nodes"": 15}",0.04637464656482339,0.06628517407391928,0.018972712438957408,-0.6075881422834803
pendigits,1,P0,280,70,outer fold held out; inner GroupKFold on outer_fold|condition keeps all seeds of a scenario together,"{""l2_regularization"": 1.0, ""learning_rate"": 0.05, ""max_iter"": 150, ""max_leaf_nodes"": 7}",0.0467027014404146,0.07601803560275495,0.019814894018226448,0.12356840685176418
pendigits,2,P0,280,70,outer fold held out; inner GroupKFold on outer_fold|condition keeps all seeds of a scenario together,"{""l2_regularization"": 1.0, ""learning_rate"": 0.1, ""max_iter"": 150, ""max_leaf_nodes"": 7}",0.04379546832865614,0.06621344332135244,0.017950069543915478,0.09629434958484318
pendigits,3,P0,280,70,outer fold held out; inner GroupKFold on outer_fold|condition keeps all seeds of a scenario together,"{""l2_regularization"": 1.0, ""learning_rate"": 0.1, ""max_iter"": 150, ""max_leaf_nodes"": 7}",0.05816485411009318,0.09911012570219385,0.026767684390748107,-0.13772687056026567
pendigits,4,P0,280,70,outer fold held out; inner GroupKFold on outer_fold|condition keeps all seeds of a scenario together,"{""l2_regularization"": 1.0, ""learning_rate"": 0.1, ""max_iter"": 300, ""max_leaf_nodes"": 7}",0.048822027623387734,0.06658137945056125,0.028735805281629282,-0.3551465073587081
pendigits,0,P2,280,70,outer fold held out; inner GroupKFold on outer_fold|condition keeps all seeds of a scenario together,"{""l2_regularization"": 1.0, ""learning_rate"": 0.1, ""max_iter"": 150, ""max_leaf_nodes"": 7}",0.04190428638251366,0.05486202796019115,0.040904879169756485,-0.10124945414311659
pendigits,1,P2,280,70,outer fold held out; inner GroupKFold on outer_fold|condition keeps all seeds of a scenario together,"{""l2_regularization"": 1.0, ""learning_rate"": 0.05, ""max_iter"": 150, ""max_leaf_nodes"": 7}",0.05084476731899659,0.068079174036804,0.04471263883190778,0.2970680312610333
pendigits,2,P2,280,70,outer fold held out; inner GroupKFold on outer_fold|condition keeps all seeds of a scenario together,"{""l2_regularization"": 0.0, ""learning_rate"": 0.1, ""max_iter"": 300, ""max_leaf_nodes"": 15}",0.04801943377492761,0.06853018058950461,0.02656052595175229,0.03194863034246431
pendigits,3,P2,280,70,outer fold held out; inner GroupKFold on outer_fold|condition keeps all seeds of a scenario together,"{""l2_regularization"": 0.0, ""learning_rate"": 0.05, ""max_iter"": 150, ""max_leaf_nodes"": 7}",0.06109052399357983,0.07878234091699636,0.04662476112619772,0.2811145003812707
pendigits,4,P2,280,70,outer fold held out; inner GroupKFold on outer_fold|condition keeps all seeds of a scenario together,"{""l2_regularization"": 1.0, ""learning_rate"": 0.05, ""max_iter"": 300, ""max_leaf_nodes"": 15}",0.04311430273590905,0.06003443574369851,0.02639432283113518,-0.10174614311900809
pendigits,0,P3,280,70,outer fold held out; inner GroupKFold on outer_fold|condition keeps all seeds of a scenario together,"{""l2_regularization"": 0.0, ""learning_rate"": 0.1, ""max_iter"": 150, ""max_leaf_nodes"": 7}",0.026057223183939188,0.034334694963241055,0.017844005017118567,0.5686712779688399
pendigits,1,P3,280,70,outer fold held out; inner GroupKFold on outer_fold|condition keeps all seeds of a scenario together,"{""l2_regularization"": 1.0, ""learning_rate"": 0.1, ""max_iter"": 300, ""max_leaf_nodes"": 7}",0.025648193069044187,0.040069123305368895,0.011882077446006695,0.7564969419621281
pendigits,2,P3,280,70,outer fold held out; inner GroupKFold on outer_fold|condition keeps all seeds of a scenario together,"{""l2_regularization"": 1.0, ""learning_rate"": 0.1, ""max_iter"": 150, ""max_leaf_nodes"": 15}",0.027153800431382043,0.04070276179374842,0.0190106771361427,0.658506526654102
pendigits,3,P3,280,70,outer fold held out; inner GroupKFold on outer_fold|condition keeps all seeds of a scenario together,"{""l2_regularization"": 1.0, ""learning_rate"": 0.05, ""max_iter"": 300, ""max_leaf_nodes"": 7}",0.03280213359583254,0.05174520051811085,0.012760379511586041,0.6898711920808989
pendigits,4,P3,280,70,outer fold held out; inner GroupKFold on outer_fold|condition keeps all seeds of a scenario together,"{""l2_regularization"": 0.0, ""learning_rate"": 0.05, ""max_iter"": 150, ""max_leaf_nodes"": 7}",0.034680703043083315,0.048717309117438795,0.021976411548177185,0.2744835614347876
pendigits,0,P4,280,70,outer fold held out; inner GroupKFold on outer_fold|condition keeps all seeds of a scenario together,"{""l2_regularization"": 1.0, ""learning_rate"": 0.1, ""max_iter"": 300, ""max_leaf_nodes"": 7}",0.0381937330873114,0.051941420659873894,0.022261569830388364,0.012880708016896225
pendigits,1,P4,280,70,outer fold held out; inner GroupKFold on outer_fold|condition keeps all seeds of a scenario together,"{""l2_regularization"": 0.0, ""learning_rate"": 0.1, ""max_iter"": 300, ""max_leaf_nodes"": 15}",0.03540090684642383,0.054465294173522735,0.01845196437930734,0.5500912430851752
pendigits,2,P4,280,70,outer fold held out; inner GroupKFold on outer_fold|condition keeps all seeds of a scenario together,"{""l2_regularization"": 0.0, ""learning_rate"": 0.1, ""max_iter"": 300, ""max_leaf_nodes"": 15}",0.02955280242975932,0.04473554041161802,0.020487803667617956,0.5874847319450822
pendigits,3,P4,280,70,outer fold held out; inner GroupKFold on outer_fold|condition keeps all seeds of a scenario together,"{""l2_regularization"": 1.0, ""learning_rate"": 0.1, ""max_iter"": 150, ""max_leaf_nodes"": 15}",0.04268141026692477,0.06230758240521085,0.024446242317728666,0.550340511187051
pendigits,4,P4,280,70,outer fold held out; inner GroupKFold on outer_fold|condition keeps all seeds of a scenario together,"{""l2_regularization"": 0.0, ""learning_rate"": 0.1, ""max_iter"": 300, ""max_leaf_nodes"": 15}",0.043121919245377976,0.05891296732715365,0.028286885285948138,-0.06096844705162785
satimage,0,B0_median,280,70,outer fold held out; inner GroupKFold on outer_fold|condition keeps all seeds of a scenario together,"{""constant"": 0.026350923246482298}",0.03646259044199772,0.047529334056898784,0.0268220731819592,-0.0456010684670245
satimage,1,B0_median,280,70,outer fold held out; inner GroupKFold on outer_fold|condition keeps all seeds of a scenario together,"{""constant"": 0.0260716311834203}",0.034678295640440095,0.049855604767315334,0.028896652826722852,-0.1133017723835108
satimage,2,B0_median,280,70,outer fold held out; inner GroupKFold on outer_fold|condition keeps all seeds of a scenario together,"{""constant"": 0.0266302153095443}",0.03432460015436175,0.048520190304037716,0.023866458860203797,-0.09304109327919141
satimage,3,B0_median,280,70,outer fold held out; inner GroupKFold on outer_fold|condition keeps all seeds of a scenario together,"{""constant"": 0.0266302153095443}",0.03778760168992181,0.051122294843044154,0.0299217785343461,-0.05722845367459484
satimage,4,B0_median,280,70,outer fold held out; inner GroupKFold on outer_fold|condition keeps all seeds of a scenario together,"{""constant"": 0.0273482720300629}",0.041386944724591354,0.04968970823961953,0.039500578379161794,-0.015329856880394122
satimage,0,P0,280,70,outer fold held out; inner GroupKFold on outer_fold|condition keeps all seeds of a scenario together,"{""l2_regularization"": 1.0, ""learning_rate"": 0.05, ""max_iter"": 150, ""max_leaf_nodes"": 15}",0.039168681681079016,0.04975076144544621,0.03925430241575398,-0.14562379066551778
satimage,1,P0,280,70,outer fold held out; inner GroupKFold on outer_fold|condition keeps all seeds of a scenario together,"{""l2_regularization"": 0.0, ""learning_rate"": 0.05, ""max_iter"": 150, ""max_leaf_nodes"": 7}",0.04725796553112793,0.06144620529733831,0.0350728610701551,-0.6911224619442633
satimage,2,P0,280,70,outer fold held out; inner GroupKFold on outer_fold|condition keeps all seeds of a scenario together,"{""l2_regularization"": 1.0, ""learning_rate"": 0.05, ""max_iter"": 150, ""max_leaf_nodes"": 7}",0.03485894566670387,0.05086378140096653,0.020117520788408765,-0.20118192031609872
satimage,3,P0,280,70,outer fold held out; inner GroupKFold on outer_fold|condition keeps all seeds of a scenario together,"{""l2_regularization"": 1.0, ""learning_rate"": 0.05, ""max_iter"": 150, ""max_leaf_nodes"": 7}",0.026288921140912025,0.041250153060106064,0.013227575385857476,0.31166589177305226
satimage,4,P0,280,70,outer fold held out; inner GroupKFold on outer_fold|condition keeps all seeds of a scenario together,"{""l2_regularization"": 1.0, ""learning_rate"": 0.05, ""max_iter"": 150, ""max_leaf_nodes"": 7}",0.031549589554926843,0.039312357420225014,0.02972868433601509,0.3644752928839674
satimage,0,P2,280,70,outer fold held out; inner GroupKFold on outer_fold|condition keeps all seeds of a scenario together,"{""l2_regularization"": 0.0, ""learning_rate"": 0.05, ""max_iter"": 150, ""max_leaf_nodes"": 15}",0.021148386246253485,0.027334030666082473,0.017808862359078984,0.6541801530089171
satimage,1,P2,280,70,outer fold held out; inner GroupKFold on outer_fold|condition keeps all seeds of a scenario together,"{""l2_regularization"": 1.0, ""learning_rate"": 0.05, ""max_iter"": 300, ""max_leaf_nodes"": 15}",0.016233732141841463,0.02474424582957932,0.006740332277001049,0.7257583796840616
satimage,2,P2,280,70,outer fold held out; inner GroupKFold on outer_fold|condition keeps all seeds of a scenario together,"{""l2_regularization"": 1.0, ""learning_rate"": 0.05, ""max_iter"": 150, ""max_leaf_nodes"": 15}",0.030644939622649726,0.041075666249179514,0.023929419313866194,0.21664119108626423
satimage,3,P2,280,70,outer fold held out; inner GroupKFold on outer_fold|condition keeps all seeds of a scenario together,"{""l2_regularization"": 0.0, ""learning_rate"": 0.05, ""max_iter"": 300, ""max_leaf_nodes"": 15}",0.025580263877128622,0.038630324930508345,0.013999839367518634,0.3963226467634863
satimage,4,P2,280,70,outer fold held out; inner GroupKFold on outer_fold|condition keeps all seeds of a scenario together,"{""l2_regularization"": 1.0, ""learning_rate"": 0.05, ""max_iter"": 150, ""max_leaf_nodes"": 15}",0.027377412520590724,0.03342325980391455,0.023024951707812512,0.5406202221370118
satimage,0,P3,280,70,outer fold held out; inner GroupKFold on outer_fold|condition keeps all seeds of a scenario together,"{""l2_regularization"": 1.0, ""learning_rate"": 0.1, ""max_iter"": 150, ""max_leaf_nodes"": 15}",0.013936057646355839,0.021395416180071323,0.00911076513507233,0.7881228916673222
satimage,1,P3,280,70,outer fold held out; inner GroupKFold on outer_fold|condition keeps all seeds of a scenario together,"{""l2_regularization"": 1.0, ""learning_rate"": 0.05, ""max_iter"": 150, ""max_leaf_nodes"": 7}",0.011488437437399843,0.015736699284987183,0.009975013334515913,0.8890793988313862
satimage,2,P3,280,70,outer fold held out; inner GroupKFold on outer_fold|condition keeps all seeds of a scenario together,"{""l2_regularization"": 1.0, ""learning_rate"": 0.05, ""max_iter"": 150, ""max_leaf_nodes"": 7}",0.01773424645459563,0.030282233085397535,0.011025127521074755,0.5742376106445757
satimage,3,P3,280,70,outer fold held out; inner GroupKFold on outer_fold|condition keeps all seeds of a scenario together,"{""l2_regularization"": 0.0, ""learning_rate"": 0.05, ""max_iter"": 150, ""max_leaf_nodes"": 7}",0.017639166558361417,0.02214663748388378,0.015248598709879699,0.801589909570424
satimage,4,P3,280,70,outer fold held out; inner GroupKFold on outer_fold|condition keeps all seeds of a scenario together,"{""l2_regularization"": 1.0, ""learning_rate"": 0.05, ""max_iter"": 150, ""max_leaf_nodes"": 7}",0.016910968698756208,0.026340950743462908,0.005016110309424754,0.7146767539347183
satimage,0,P4,280,70,outer fold held out; inner GroupKFold on outer_fold|condition keeps all seeds of a scenario together,"{""l2_regularization"": 1.0, ""learning_rate"": 0.1, ""max_iter"": 150, ""max_leaf_nodes"": 7}",0.025987241074300418,0.035195717651501965,0.01748083411382404,0.42664684094656125
satimage,1,P4,280,70,outer fold held out; inner GroupKFold on outer_fold|condition keeps all seeds of a scenario together,"{""l2_regularization"": 0.0, ""learning_rate"": 0.05, ""max_iter"": 150, ""max_leaf_nodes"": 7}",0.020920995768370535,0.029023790355706285,0.013228754308320212,0.6226944620066763
satimage,2,P4,280,70,outer fold held out; inner GroupKFold on outer_fold|condition keeps all seeds of a scenario together,"{""l2_regularization"": 0.0, ""learning_rate"": 0.05, ""max_iter"": 150, ""max_leaf_nodes"": 15}",0.02970524489158804,0.0395624198388973,0.01936616987147242,0.27329659790098637
satimage,3,P4,280,70,outer fold held out; inner GroupKFold on outer_fold|condition keeps all seeds of a scenario together,"{""l2_regularization"": 0.0, ""learning_rate"": 0.1, ""max_iter"": 300, ""max_leaf_nodes"": 15}",0.02139083690784151,0.03353721420007789,0.011126721405887982,0.5450097074521121
satimage,4,P4,280,70,outer fold held out; inner GroupKFold on outer_fold|condition keeps all seeds of a scenario together,"{""l2_regularization"": 1.0, ""learning_rate"": 0.05, ""max_iter"": 300, ""max_leaf_nodes"": 15}",0.02473864886541308,0.033587387078637614,0.01665977292647402,0.5360975111878792
sonar,0,B0_median,280,70,outer fold held out; inner GroupKFold on outer_fold|condition keeps all seeds of a scenario together,"{""constant"": 0.0}",0.02028686487650713,0.04776262739489971,0.0025808541763026,-0.19128464891475994
sonar,1,B0_median,280,70,outer fold held out; inner GroupKFold on outer_fold|condition keeps all seeds of a scenario together,"{""constant"": 0.0}",0.03296305831966745,0.07848388579341123,0.0020966674774253,-0.17451012984337577
sonar,2,B0_median,280,70,outer fold held out; inner GroupKFold on outer_fold|condition keeps all seeds of a scenario together,"{""constant"": 0.0}",0.016464053957656138,0.04771119145179966,0.0056116725341727,-0.07380483409300886
sonar,3,B0_median,280,70,outer fold held out; inner GroupKFold on outer_fold|condition keeps all seeds of a scenario together,"{""constant"": 0.0}",0.005976781511442946,0.010606408412819552,0.001827505725956,-0.10135124475855894
sonar,4,B0_median,280,70,outer fold held out; inner GroupKFold on outer_fold|condition keeps all seeds of a scenario together,"{""constant"": 0.0}",0.018063446889501362,0.034581458245099166,0.00700409463613915,-0.10437165818929683
sonar,0,P0,280,70,outer fold held out; inner GroupKFold on outer_fold|condition keeps all seeds of a scenario together,"{""l2_regularization"": 1.0, ""learning_rate"": 0.05, ""max_iter"": 150, ""max_leaf_nodes"": 7}",0.027281691950430443,0.05071916769937924,0.013218978689577918,-0.3433320101026225
sonar,1,P0,280,70,outer fold held out; inner GroupKFold on outer_fold|condition keeps all seeds of a scenario together,"{""l2_regularization"": 1.0, ""learning_rate"": 0.05, ""max_iter"": 150, ""max_leaf_nodes"": 15}",0.036673343752812754,0.07897192446106374,0.006097473923151227,-0.1891625274948321
sonar,2,P0,280,70,outer fold held out; inner GroupKFold on outer_fold|condition keeps all seeds of a scenario together,"{""l2_regularization"": 1.0, ""learning_rate"": 0.05, ""max_iter"": 150, ""max_leaf_nodes"": 7}",0.025816314806686006,0.04897110743066606,0.012350029383085477,-0.1312658609921078
sonar,3,P0,280,70,outer fold held out; inner GroupKFold on outer_fold|condition keeps all seeds of a scenario together,"{""l2_regularization"": 1.0, ""learning_rate"": 0.05, ""max_iter"": 150, ""max_leaf_nodes"": 7}",0.024954014665916298,0.041081786633159485,0.013164584018959648,-15.522958040841779
sonar,4,P0,280,70,outer fold held out; inner GroupKFold on outer_fold|condition keeps all seeds of a scenario together,"{""l2_regularization"": 1.0, ""learning_rate"": 0.05, ""max_iter"": 150, ""max_leaf_nodes"": 7}",0.0317950367387212,0.05472139520904778,0.008152748457191113,-1.7653045662923095
sonar,0,P2,280,70,outer fold held out; inner GroupKFold on outer_fold|condition keeps all seeds of a scenario together,"{""l2_regularization"": 1.0, ""learning_rate"": 0.05, ""max_iter"": 150, ""max_leaf_nodes"": 7}",0.02917871308318977,0.05105489405518636,0.014787530468336923,-0.3611747551935063
sonar,1,P2,280,70,outer fold held out; inner GroupKFold on outer_fold|condition keeps all seeds of a scenario together,"{""l2_regularization"": 0.0, ""learning_rate"": 0.05, ""max_iter"": 150, ""max_leaf_nodes"": 15}",0.041888053551512726,0.07627655081872406,0.015069838180451921,-0.10937369813269804
sonar,2,P2,280,70,outer fold held out; inner GroupKFold on outer_fold|condition keeps all seeds of a scenario together,"{""l2_regularization"": 1.0, ""learning_rate"": 0.05, ""max_iter"": 150, ""max_leaf_nodes"": 15}",0.025132200845426906,0.051760768318536904,0.009312920311740816,-0.2638230132256165
sonar,3,P2,280,70,outer fold held out; inner GroupKFold on outer_fold|condition keeps all seeds of a scenario together,"{""l2_regularization"": 1.0, ""learning_rate"": 0.05, ""max_iter"": 150, ""max_leaf_nodes"": 7}",0.03265705800447601,0.0455268589925061,0.019533478878493653,-19.291984939723314
sonar,4,P2,280,70,outer fold held out; inner GroupKFold on outer_fold|condition keeps all seeds of a scenario together,"{""l2_regularization"": 1.0, ""learning_rate"": 0.05, ""max_iter"": 150, ""max_leaf_nodes"": 15}",0.0297978993753465,0.04282431285636507,0.01773131668020965,-0.6935945729658701
sonar,0,P3,280,70,outer fold held out; inner GroupKFold on outer_fold|condition keeps all seeds of a scenario together,"{""l2_regularization"": 1.0, ""learning_rate"": 0.05, ""max_iter"": 150, ""max_leaf_nodes"": 7}",0.025933153613618577,0.05411969377029834,0.010734800950322377,-0.529501081300165
sonar,1,P3,280,70,outer fold held out; inner GroupKFold on outer_fold|condition keeps all seeds of a scenario together,"{""l2_regularization"": 1.0, ""learning_rate"": 0.05, ""max_iter"": 150, ""max_leaf_nodes"": 15}",0.03533596645620155,0.07295175097187066,0.010270191080569136,-0.014769049909367782
sonar,2,P3,280,70,outer fold held out; inner GroupKFold on outer_fold|condition keeps all seeds of a scenario together,"{""l2_regularization"": 0.0, ""learning_rate"": 0.05, ""max_iter"": 150, ""max_leaf_nodes"": 7}",0.04051588385638062,0.053454489383524956,0.03459665420210639,-0.34788612126045804
sonar,3,P3,280,70,outer fold held out; inner GroupKFold on outer_fold|condition keeps all seeds of a scenario together,"{""l2_regularization"": 1.0, ""learning_rate"": 0.05, ""max_iter"": 150, ""max_leaf_nodes"": 7}",0.03990932692017171,0.06154488162875009,0.019314751223551405,-36.08284416914813
sonar,4,P3,280,70,outer fold held out; inner GroupKFold on outer_fold|condition keeps all seeds of a scenario together,"{""l2_regularization"": 1.0, ""learning_rate"": 0.05, ""max_iter"": 150, ""max_leaf_nodes"": 7}",0.03211179422927886,0.050108518331420146,0.0167096892748787,-1.3187384806119677
sonar,0,P4,280,70,outer fold held out; inner GroupKFold on outer_fold|condition keeps all seeds of a scenario together,"{""l2_regularization"": 0.0, ""learning_rate"": 0.05, ""max_iter"": 150, ""max_leaf_nodes"": 15}",0.034272490684937255,0.05807754014664448,0.012888320305039752,-0.7613901147817297
sonar,1,P4,280,70,outer fold held out; inner GroupKFold on outer_fold|condition keeps all seeds of a scenario together,"{""l2_regularization"": 1.0, ""learning_rate"": 0.05, ""max_iter"": 150, ""max_leaf_nodes"": 7}",0.04199787511039992,0.07986803649876084,0.014257103954611914,-0.21630302819984015
sonar,2,P4,280,70,outer fold held out; inner GroupKFold on outer_fold|condition keeps all seeds of a scenario together,"{""l2_regularization"": 1.0, ""learning_rate"": 0.05, ""max_iter"": 150, ""max_leaf_nodes"": 7}",0.026628955901344193,0.05314165748809123,0.007924042806088325,-0.33215580829089086
sonar,3,P4,280,70,outer fold held out; inner GroupKFold on outer_fold|condition keeps all seeds of a scenario together,"{""l2_regularization"": 1.0, ""learning_rate"": 0.05, ""max_iter"": 150, ""max_leaf_nodes"": 7}",0.03297773505821194,0.04916708478800297,0.015271463447381357,-22.666719987408715
sonar,4,P4,280,70,outer fold held out; inner GroupKFold on outer_fold|condition keeps all seeds of a scenario together,"{""l2_regularization"": 1.0, ""learning_rate"": 0.05, ""max_iter"": 150, ""max_leaf_nodes"": 7}",0.03836568228198812,0.0588889035555826,0.02093371657984272,-2.202547527854369
spambase,0,B0_median,280,70,outer fold held out; inner GroupKFold on outer_fold|condition keeps all seeds of a scenario together,"{""constant"": 0.0}",0.0463404481504193,0.08843833631317877,0.0162791905690886,-0.2668769778898843
spambase,1,B0_median,280,70,outer fold held out; inner GroupKFold on outer_fold|condition keeps all seeds of a scenario together,"{""constant"": 0.0}",0.016177646557165245,0.048182553513916565,0.0006597923573544,-0.06766484114282156
spambase,2,B0_median,280,70,outer fold held out; inner GroupKFold on outer_fold|condition keeps all seeds of a scenario together,"{""constant"": 0.0}",0.04737509397134553,0.09099218839902168,0.013473396270234798,-0.2453161046424781
spambase,3,B0_median,280,70,outer fold held out; inner GroupKFold on outer_fold|condition keeps all seeds of a scenario together,"{""constant"": 0.0}",0.03915065637725711,0.0792189632721293,0.004455286983954801,-0.1342995679471617
spambase,4,B0_median,280,70,outer fold held out; inner GroupKFold on outer_fold|condition keeps all seeds of a scenario together,"{""constant"": 0.0}",0.037893754785858304,0.08139097297550055,0.0043839013178564,-0.14829316289327954
spambase,0,P0,280,70,outer fold held out; inner GroupKFold on outer_fold|condition keeps all seeds of a scenario together,"{""l2_regularization"": 1.0, ""learning_rate"": 0.05, ""max_iter"": 150, ""max_leaf_nodes"": 7}",0.04832159213769913,0.07819866283735318,0.03442352649924239,0.009505725169131507
spambase,1,P0,280,70,outer fold held out; inner GroupKFold on outer_fold|condition keeps all seeds of a scenario together,"{""l2_regularization"": 1.0, ""learning_rate"": 0.05, ""max_iter"": 150, ""max_leaf_nodes"": 7}",0.04171735855678748,0.05385749922571102,0.03860215142531628,-0.33397498072333254
spambase,2,P0,280,70,outer fold held out; inner GroupKFold on outer_fold|condition keeps all seeds of a scenario together,"{""l2_regularization"": 1.0, ""learning_rate"": 0.05, ""max_iter"": 150, ""max_leaf_nodes"": 7}",0.054693998798100836,0.08540890466252346,0.03468243511083247,-0.09717951065787345
spambase,3,P0,280,70,outer fold held out; inner GroupKFold on outer_fold|condition keeps all seeds of a scenario together,"{""l2_regularization"": 0.0, ""learning_rate"": 0.1, ""max_iter"": 300, ""max_leaf_nodes"": 7}",0.06852651737130783,0.09422070970932363,0.04713840494315279,-0.6045830490072559
spambase,4,P0,280,70,outer fold held out; inner GroupKFold on outer_fold|condition keeps all seeds of a scenario together,"{""l2_regularization"": 1.0, ""learning_rate"": 0.05, ""max_iter"": 150, ""max_leaf_nodes"": 7}",0.050063997242503704,0.0775282183834335,0.0313791388354525,-0.041885289781216306
spambase,0,P2,280,70,outer fold held out; inner GroupKFold on outer_fold|condition keeps all seeds of a scenario together,"{""l2_regularization"": 0.0, ""learning_rate"": 0.05, ""max_iter"": 150, ""max_leaf_nodes"": 15}",0.038712184488379014,0.06788655925442093,0.015490613355174527,0.2535152997516452
spambase,1,P2,280,70,outer fold held out; inner GroupKFold on outer_fold|condition keeps all seeds of a scenario together,"{""l2_regularization"": 1.0, ""learning_rate"": 0.05, ""max_iter"": 150, ""max_leaf_nodes"": 15}",0.02284898344902147,0.050999428313664816,0.003573282176374476,-0.1961507920627117
spambase,2,P2,280,70,outer fold held out; inner GroupKFold on outer_fold|condition keeps all seeds of a scenario together,"{""l2_regularization"": 1.0, ""learning_rate"": 0.05, ""max_iter"": 150, ""max_leaf_nodes"": 15}",0.06313031217150693,0.08802199108499281,0.04557053959520735,-0.16534297027538103
spambase,3,P2,280,70,outer fold held out; inner GroupKFold on outer_fold|condition keeps all seeds of a scenario together,"{""l2_regularization"": 1.0, ""learning_rate"": 0.05, ""max_iter"": 150, ""max_leaf_nodes"": 7}",0.03951251679229186,0.0630936467658766,0.015416235042156359,0.28048356633897653
spambase,4,P2,280,70,outer fold held out; inner GroupKFold on outer_fold|condition keeps all seeds of a scenario together,"{""l2_regularization"": 1.0, ""learning_rate"": 0.05, ""max_iter"": 150, ""max_leaf_nodes"": 15}",0.03302525397978909,0.06828417054925877,0.007051966066857566,0.19175993424837434
spambase,0,P3,280,70,outer fold held out; inner GroupKFold on outer_fold|condition keeps all seeds of a scenario together,"{""l2_regularization"": 1.0, ""learning_rate"": 0.05, ""max_iter"": 150, ""max_leaf_nodes"": 15}",0.035626525228298095,0.06177781377743888,0.017603836969379984,0.381815109023919
spambase,1,P3,280,70,outer fold held out; inner GroupKFold on outer_fold|condition keeps all seeds of a scenario together,"{""l2_regularization"": 1.0, ""learning_rate"": 0.05, ""max_iter"": 150, ""max_leaf_nodes"": 15}",0.018126191310286272,0.037812283494613325,0.005847655902780768,0.34246158996038545
spambase,2,P3,280,70,outer fold held out; inner GroupKFold on outer_fold|condition keeps all seeds of a scenario together,"{""l2_regularization"": 0.0, ""learning_rate"": 0.05, ""max_iter"": 150, ""max_leaf_nodes"": 7}",0.050280259850573876,0.07691430937586775,0.021917789240362442,0.11021378351240729
spambase,3,P3,280,70,outer fold held out; inner GroupKFold on outer_fold|condition keeps all seeds of a scenario together,"{""l2_regularization"": 0.0, ""learning_rate"": 0.1, ""max_iter"": 300, ""max_leaf_nodes"": 15}",0.023883150034024886,0.042754132890103345,0.009496162600769879,0.6696109363250952
spambase,4,P3,280,70,outer fold held out; inner GroupKFold on outer_fold|condition keeps all seeds of a scenario together,"{""l2_regularization"": 0.0, ""learning_rate"": 0.1, ""max_iter"": 150, ""max_leaf_nodes"": 15}",0.03427209488535882,0.06787154272143901,0.009383794581338105,0.20149849284678079
spambase,0,P4,280,70,outer fold held out; inner GroupKFold on outer_fold|condition keeps all seeds of a scenario together,"{""l2_regularization"": 0.0, ""learning_rate"": 0.05, ""max_iter"": 150, ""max_leaf_nodes"": 15}",0.03458052632872025,0.06510253901896003,0.011617882294166017,0.3134863624599127
spambase,1,P4,280,70,outer fold held out; inner GroupKFold on outer_fold|condition keeps all seeds of a scenario together,"{""l2_regularization"": 0.0, ""learning_rate"": 0.05, ""max_iter"": 300, ""max_leaf_nodes"": 15}",0.02319670534724648,0.04573641728672336,0.007671891993729462,0.03798997068117349
spambase,2,P4,280,70,outer fold held out; inner GroupKFold on outer_fold|condition keeps all seeds of a scenario together,"{""l2_regularization"": 0.0, ""learning_rate"": 0.05, ""max_iter"": 150, ""max_leaf_nodes"": 15}",0.060617872399155906,0.08586982690523604,0.047383288390768226,-0.10905365950578827
spambase,3,P4,280,70,outer fold held out; inner GroupKFold on outer_fold|condition keeps all seeds of a scenario together,"{""l2_regularization"": 1.0, ""learning_rate"": 0.05, ""max_iter"": 150, ""max_leaf_nodes"": 15}",0.042945030812227836,0.06729295899961174,0.014203133103792183,0.18151879977069674
spambase,4,P4,280,70,outer fold held out; inner GroupKFold on outer_fold|condition keeps all seeds of a scenario together,"{""l2_regularization"": 1.0, ""learning_rate"": 0.05, ""max_iter"": 150, ""max_leaf_nodes"": 15}",0.0314503805387948,0.06461946384408956,0.009536446180649982,0.27618596637656045
waveform,0,B0_median,280,70,outer fold held out; inner GroupKFold on outer_fold|condition keeps all seeds of a scenario together,"{""constant"": -0.00036689565934595}",0.008872845356457807,0.013906107018500022,0.0037399516223162997,-0.022029605150560405
waveform,1,B0_median,280,70,outer fold held out; inner GroupKFold on outer_fold|condition keeps all seeds of a scenario together,"{""constant"": -0.0005062008019867}",0.005207762892300722,0.008843403972538844,0.0028528063717772,-0.23640138347482198
waveform,2,B0_median,280,70,outer fold held out; inner GroupKFold on outer_fold|condition keeps all seeds of a scenario together,"{""constant"": -6.153348843715e-05}",0.008580215342679984,0.014568357887789691,0.0043328602678826995,-0.05437839964489255
waveform,3,B0_median,280,70,outer fold held out; inner GroupKFold on outer_fold|condition keeps all seeds of a scenario together,"{""constant"": -8.31469952458e-05}",0.011549521153684569,0.015013570905356764,0.00854399381095635,-0.025143761550096677
waveform,4,B0_median,280,70,outer fold held out; inner GroupKFold on outer_fold|condition keeps all seeds of a scenario together,"{""constant"": -0.0007270129151442501}",0.008597409345318547,0.014072710550845354,0.00374946462807235,-0.08921172221891416
waveform,0,P0,280,70,outer fold held out; inner GroupKFold on outer_fold|condition keeps all seeds of a scenario together,"{""l2_regularization"": 1.0, ""learning_rate"": 0.05, ""max_iter"": 150, ""max_leaf_nodes"": 7}",0.003661094385208326,0.005896793956055054,0.0014793486242862734,0.8162259240507399
waveform,1,P0,280,70,outer fold held out; inner GroupKFold on outer_fold|condition keeps all seeds of a scenario together,"{""l2_regularization"": 1.0, ""learning_rate"": 0.05, ""max_iter"": 300, ""max_leaf_nodes"": 15}",0.007684363729951311,0.012177929941292347,0.0033688761903962958,-1.3445931737896224
waveform,2,P0,280,70,outer fold held out; inner GroupKFold on outer_fold|condition keeps all seeds of a scenario together,"{""l2_regularization"": 1.0, ""learning_rate"": 0.05, ""max_iter"": 150, ""max_leaf_nodes"": 7}",0.005728500911448854,0.008851893499791926,0.002780386488265782,0.6107329383824975
waveform,3,P0,280,70,outer fold held out; inner GroupKFold on outer_fold|condition keeps all seeds of a scenario together,"{""l2_regularization"": 0.0, ""learning_rate"": 0.05, ""max_iter"": 150, ""max_leaf_nodes"": 15}",0.011891590675687883,0.019815443930497795,0.005777190676178269,-0.7857653306603769
waveform,4,P0,280,70,outer fold held out; inner GroupKFold on outer_fold|condition keeps all seeds of a scenario together,"{""l2_regularization"": 1.0, ""learning_rate"": 0.05, ""max_iter"": 150, ""max_leaf_nodes"": 7}",0.008617670866858117,0.01298328857177004,0.003894757874017719,0.07290077858782484
waveform,0,P2,280,70,outer fold held out; inner GroupKFold on outer_fold|condition keeps all seeds of a scenario together,"{""l2_regularization"": 0.0, ""learning_rate"": 0.05, ""max_iter"": 150, ""max_leaf_nodes"": 15}",0.00784633152017283,0.010095808689870782,0.007238565656591779,0.461315392294922
waveform,1,P2,280,70,outer fold held out; inner GroupKFold on outer_fold|condition keeps all seeds of a scenario together,"{""l2_regularization"": 1.0, ""learning_rate"": 0.05, ""max_iter"": 150, ""max_leaf_nodes"": 7}",0.007819071075890532,0.010150226433138678,0.005425111918787489,-0.6288159559730035
waveform,2,P2,280,70,outer fold held out; inner GroupKFold on outer_fold|condition keeps all seeds of a scenario together,"{""l2_regularization"": 1.0, ""learning_rate"": 0.05, ""max_iter"": 150, ""max_leaf_nodes"": 15}",0.00936192891840277,0.013377089161419282,0.007638953654287202,0.11100659317302008
waveform,3,P2,280,70,outer fold held out; inner GroupKFold on outer_fold|condition keeps all seeds of a scenario together,"{""l2_regularization"": 0.0, ""learning_rate"": 0.05, ""max_iter"": 150, ""max_leaf_nodes"": 15}",0.008590077948366675,0.012014875595288554,0.007260218279315504,0.34346885819200446
waveform,4,P2,280,70,outer fold held out; inner GroupKFold on outer_fold|condition keeps all seeds of a scenario together,"{""l2_regularization"": 0.0, ""learning_rate"": 0.05, ""max_iter"": 150, ""max_leaf_nodes"": 15}",0.010241308816061095,0.01594893557395431,0.005593717257004351,-0.3990080187321192
waveform,0,P3,280,70,outer fold held out; inner GroupKFold on outer_fold|condition keeps all seeds of a scenario together,"{""l2_regularization"": 1.0, ""learning_rate"": 0.05, ""max_iter"": 300, ""max_leaf_nodes"": 15}",0.003180018185487303,0.004016563966550807,0.0022396714787932797,0.9147367825027022
waveform,1,P3,280,70,outer fold held out; inner GroupKFold on outer_fold|condition keeps all seeds of a scenario together,"{""l2_regularization"": 1.0, ""learning_rate"": 0.05, ""max_iter"": 150, ""max_leaf_nodes"": 15}",0.006041289326266636,0.007985322985667898,0.004789834543964746,-0.008104440039391259
waveform,2,P3,280,70,outer fold held out; inner GroupKFold on outer_fold|condition keeps all seeds of a scenario together,"{""l2_regularization"": 1.0, ""learning_rate"": 0.1, ""max_iter"": 300, ""max_leaf_nodes"": 7}",0.005081628085056295,0.007493638816890078,0.0024295189830971856,0.721027875186842
waveform,3,P3,280,70,outer fold held out; inner GroupKFold on outer_fold|condition keeps all seeds of a scenario together,"{""l2_regularization"": 0.0, ""learning_rate"": 0.05, ""max_iter"": 150, ""max_leaf_nodes"": 7}",0.0057947321447866336,0.008384978678622226,0.003379161113390523,0.680242529536212
waveform,4,P3,280,70,outer fold held out; inner GroupKFold on outer_fold|condition keeps all seeds of a scenario together,"{""l2_regularization"": 0.0, ""learning_rate"": 0.05, ""max_iter"": 150, ""max_leaf_nodes"": 15}",0.005208206374601359,0.007244811652052091,0.0032597994113632797,0.7113237899092032
waveform,0,P4,280,70,outer fold held out; inner GroupKFold on outer_fold|condition keeps all seeds of a scenario together,"{""l2_regularization"": 1.0, ""learning_rate"": 0.1, ""max_iter"": 150, ""max_leaf_nodes"": 7}",0.005854521181944891,0.00761605140287548,0.004315988992483016,0.6934424089358633
waveform,1,P4,280,70,outer fold held out; inner GroupKFold on outer_fold|condition keeps all seeds of a scenario together,"{""l2_regularization"": 0.0, ""learning_rate"": 0.05, ""max_iter"": 150, ""max_leaf_nodes"": 15}",0.006159915750629878,0.007404127439677612,0.0053986596900308555,0.13330094283938798
waveform,2,P4,280,70,outer fold held out; inner GroupKFold on outer_fold|condition keeps all seeds of a scenario together,"{""l2_regularization"": 1.0, ""learning_rate"": 0.05, ""max_iter"": 150, ""max_leaf_nodes"": 15}",0.006664585185631189,0.010641654396879063,0.0040723903877231855,0.4374079413748464
waveform,3,P4,280,70,outer fold held out; inner GroupKFold on outer_fold|condition keeps all seeds of a scenario together,"{""l2_regularization"": 1.0, ""learning_rate"": 0.05, ""max_iter"": 150, ""max_leaf_nodes"": 7}",0.008279743400694664,0.01120738481671661,0.005265417457246943,0.4287511449004787
waveform,4,P4,280,70,outer fold held out; inner GroupKFold on outer_fold|condition keeps all seeds of a scenario together,"{""l2_regularization"": 0.0, ""learning_rate"": 0.05, ""max_iter"": 150, ""max_leaf_nodes"": 7}",0.008765418150489472,0.013413699363811968,0.004670303603250642,0.010413109852362545
