fit_role,dataset_id,outer_fold,condition,seed,K,original_converged,N,D,effective_m,rerun_converged_by_600,rerun_n_iter,rerun_status,status_at_150,status_at_300,status_at_600,shift_at_150,shift_at_300,final_center_shift,final_shift_over_tol,objective_initial,objective_final,objective_relative_reduction,objective_increase_count,tail_shift_increase_fraction,minimum_fuzzy_mass,maximum_fuzzy_mass,mean_max_membership,degenerate,diagnostic_input_path
candidate,breast_cancer_wisconsin_diagnostic,0,class_prevalence_mild,1,2,True,114,30,1.0666666666666667,True,21,SUCCESS,SUCCESS_CONVERGED,SUCCESS_CONVERGED,SUCCESS_CONVERGED,,,7.280113411333632e-06,0.7280113411333632,6798.686792796578,2536.6269015178996,0.6268945784933738,0,0.0,51.633580309653794,62.20475158307341,0.991680859291815,False,scenarios/breast_cancer_wisconsin_diagnostic_fold_0_class_prevalence_mild_X_tgt.npy
candidate,breast_cancer_wisconsin_diagnostic,0,class_prevalence_mild,2,2,True,114,30,1.0666666666666667,True,28,SUCCESS,SUCCESS_CONVERGED,SUCCESS_CONVERGED,SUCCESS_CONVERGED,,,9.328557881594917e-06,0.9328557881594917,3737.302164516823,2536.6269015203993,0.3212679120238202,0,0.0,51.63375823253235,62.20455796544291,0.9916792641505219,False,scenarios/breast_cancer_wisconsin_diagnostic_fold_0_class_prevalence_mild_X_tgt.npy
candidate,glass,0,class_prevalence_mild,1,6,True,43,9,1.2222222222222223,True,11,SUCCESS,SUCCESS_CONVERGED,SUCCESS_CONVERGED,SUCCESS_CONVERGED,,,8.453479379442248e-06,0.8453479379442247,71.40534864547608,50.589194652270145,0.29152093488902464,0,,1.0000084443315653,18.522516074996002,0.9796927368134564,False,scenarios/glass_fold_0_class_prevalence_mild_X_tgt.npy
candidate,glass,0,class_prevalence_mild,2,6,True,43,9,1.2222222222222223,True,14,SUCCESS,SUCCESS_CONVERGED,SUCCESS_CONVERGED,SUCCESS_CONVERGED,,,7.745529675473263e-06,0.7745529675473262,83.59156690352022,50.58919465218925,0.39480504402342015,0,,1.0000084443561592,18.522591640162187,0.979694475689893,False,scenarios/glass_fold_0_class_prevalence_mild_X_tgt.npy
candidate,glass,0,local_overlap_mild,5,6,False,43,9,1.2222222222222223,True,195,SUCCESS,MAX_ITER_NONCONVERGED,SUCCESS_CONVERGED,SUCCESS_CONVERGED,0.0022237743346802657,,6.5432806843755705e-06,0.654328068437557,111.95188313897353,72.08771798659453,0.3560830245516539,0,0.0,1.0007134982798656,17.767010214343543,0.9598752752954829,False,scenarios/glass_fold_0_local_overlap_mild_X_tgt.npy
candidate,glass,2,class_prevalence_mild,1,6,False,43,9,1.2222222222222223,True,194,SUCCESS,MAX_ITER_NONCONVERGED,SUCCESS_CONVERGED,SUCCESS_CONVERGED,0.002985951081786017,,9.499610749648343e-06,0.9499610749648343,126.17167335146476,94.20810119889953,0.25333397983497663,0,0.0,2.00168568162508,20.819919024549968,0.9797420829173165,False,scenarios/glass_fold_2_class_prevalence_mild_X_tgt.npy
candidate,glass,3,local_overlap_mild,2,6,False,43,9,1.2222222222222223,True,222,SUCCESS,MAX_ITER_NONCONVERGED,SUCCESS_CONVERGED,SUCCESS_CONVERGED,0.001036315521089712,,8.198069087461473e-06,0.8198069087461473,86.19633747332712,63.51304048713367,0.2631584780874552,0,0.0,2.0055425523238206,14.922749347380373,0.9432993114892846,False,scenarios/glass_fold_3_local_overlap_mild_X_tgt.npy
candidate,glass,3,measurement_noise_severe,1,6,False,43,9,1.2222222222222223,True,165,SUCCESS,MAX_ITER_NONCONVERGED,SUCCESS_CONVERGED,SUCCESS_CONVERGED,0.00010983308999436196,,8.786681078461654e-06,0.8786681078461653,141.52162031632503,93.97076873788514,0.3359970827931139,0,0.0,2.0366275250424346,15.922152527001563,0.9189833472556402,False,scenarios/glass_fold_3_measurement_noise_severe_X_tgt.npy
candidate,human_activity_recognition,0,class_prevalence_mild,1,6,True,2067,561,1.01,True,39,SUCCESS,SUCCESS_CONVERGED,SUCCESS_CONVERGED,SUCCESS_CONVERGED,,,5.999525813836235e-06,0.5999525813836235,819120.5392571157,477985.6190189613,0.4164648594302611,0,0.10526315789473684,76.97712617249832,761.7049419324328,0.9986773078115195,False,scenarios/human_activity_recognition_fold_0_class_prevalence_mild_X_tgt.npy
candidate,human_activity_recognition,0,class_prevalence_mild,2,6,True,2067,561,1.01,True,70,SUCCESS,SUCCESS_CONVERGED,SUCCESS_CONVERGED,SUCCESS_CONVERGED,,,8.070023932700347e-06,0.8070023932700346,838346.167795196,480739.8442597932,0.42656164872308966,0,0.0,67.89904598108829,591.350217191026,0.9972539398645044,False,scenarios/human_activity_recognition_fold_0_class_prevalence_mild_X_tgt.npy
candidate,human_activity_recognition,0,clean,2,6,False,2067,561,1.01,True,164,SUCCESS,MAX_ITER_NEAR_CONVERGED,SUCCESS_CONVERGED,SUCCESS_CONVERGED,1.9861230619068352e-05,,9.5196794778206e-06,0.95196794778206,803975.7454569708,456834.8305272901,0.43178033279146955,0,0.0,57.861156131155866,655.5276147229567,0.9959871614420117,False,scenarios/human_activity_recognition_fold_0_clean_X_tgt.npy
candidate,human_activity_recognition,0,local_overlap_mild,1,6,False,2067,561,1.01,True,222,SUCCESS,MAX_ITER_NEAR_CONVERGED,SUCCESS_CONVERGED,SUCCESS_CONVERGED,8.076451178163656e-05,,9.944760255029148e-06,0.9944760255029147,695211.6042811188,433794.7063135919,0.3760249345058677,0,0.0,127.22369144225229,913.0196388787652,0.997202651806296,False,scenarios/human_activity_recognition_fold_0_local_overlap_mild_X_tgt.npy
candidate,human_activity_recognition,0,location_mild,2,6,False,2067,561,1.01,True,164,SUCCESS,MAX_ITER_NEAR_CONVERGED,SUCCESS_CONVERGED,SUCCESS_CONVERGED,1.9861510762371154e-05,,9.519871220989262e-06,0.9519871220989261,803975.7398453741,456834.8275527232,0.4317803325252269,0,0.0,57.86115690145125,655.5275865123566,0.9959871578709281,False,scenarios/human_activity_recognition_fold_0_location_mild_X_tgt.npy
candidate,human_activity_recognition,0,location_severe,2,6,False,2067,561,1.01,True,164,SUCCESS,MAX_ITER_NEAR_CONVERGED,SUCCESS_CONVERGED,SUCCESS_CONVERGED,1.9861494266194696e-05,,9.519856256922743e-06,0.9519856256922742,803975.7405186403,456834.82757268817,0.43178033297623314,0,0.0,57.861156708876095,655.5275910288275,0.9959871583368034,False,scenarios/human_activity_recognition_fold_0_location_severe_X_tgt.npy
candidate,human_activity_recognition,0,scale_mild,2,6,False,2067,561,1.01,True,168,SUCCESS,MAX_ITER_NEAR_CONVERGED,SUCCESS_CONVERGED,SUCCESS_CONVERGED,2.4826693849287408e-05,,9.641905771424718e-06,0.9641905771424717,1256212.0901214136,713804.4182619401,0.4317803308253859,0,0.0,57.861131158076304,655.5290030808154,0.9959873229583662,False,scenarios/human_activity_recognition_fold_0_scale_mild_X_tgt.npy
candidate,human_activity_recognition,0,scale_severe,2,6,False,2067,561,1.01,True,174,SUCCESS,MAX_ITER_NEAR_CONVERGED,SUCCESS_CONVERGED,SUCCESS_CONVERGED,3.4757434110723266e-05,,9.84385245694034e-06,0.984385245694034,2462175.7006917205,1399056.6589205563,0.43178033211541034,0,0.0,57.86110188862144,655.5306333451352,0.9959875128237744,False,scenarios/human_activity_recognition_fold_0_scale_severe_X_tgt.npy
candidate,human_activity_recognition,1,class_prevalence_mild,2,6,False,2049,561,1.01,True,377,SUCCESS,MAX_ITER_NONCONVERGED,MAX_ITER_NONCONVERGED,SUCCESS_CONVERGED,0.00013780848903337267,0.001369600275043187,9.818402605085536e-06,0.9818402605085536,853309.4698209518,483343.2489933089,0.4335662897369136,0,0.0,56.9994126685744,548.6509098452793,0.9954633933619935,False,scenarios/human_activity_recognition_fold_1_class_prevalence_mild_X_tgt.npy
candidate,human_activity_recognition,1,class_prevalence_mild,4,6,False,2049,561,1.01,True,221,SUCCESS,MAX_ITER_NONCONVERGED,SUCCESS_CONVERGED,SUCCESS_CONVERGED,0.0013082330487995477,,9.884148184188013e-06,0.9884148184188012,829160.2090746101,483343.2489933151,0.417068928654025,0,0.0,56.99941266919225,548.650886087461,0.9954633870852707,False,scenarios/human_activity_recognition_fold_1_class_prevalence_mild_X_tgt.npy
candidate,human_activity_recognition,1,local_overlap_severe,2,6,False,2049,561,1.01,True,436,SUCCESS,MAX_ITER_NONCONVERGED,MAX_ITER_NONCONVERGED,SUCCESS_CONVERGED,0.0010397952126989622,0.0008057948576061528,9.897388118516872e-06,0.9897388118516871,675286.8917895402,386212.43414797675,0.428076512599709,0,0.0,91.16862020484457,542.0629787935002,0.9939358647450655,False,scenarios/human_activity_recognition_fold_1_local_overlap_severe_X_tgt.npy
candidate,human_activity_recognition,3,mcar_severe,5,6,False,2067,561,1.01,True,165,SUCCESS,MAX_ITER_NONCONVERGED,SUCCESS_CONVERGED,SUCCESS_CONVERGED,0.00015295219185534022,,8.79623692899782e-06,0.879623692899782,895425.9046848919,469345.324746978,0.4758412479565859,0,0.0,94.58024357985302,504.01476798459146,0.9904369196075856,False,scenarios/human_activity_recognition_fold_3_mcar_severe_X_tgt.npy
candidate,human_activity_recognition,3,outliers_severe,3,6,False,2067,561,1.01,True,237,SUCCESS,MAX_ITER_NONCONVERGED,SUCCESS_CONVERGED,SUCCESS_CONVERGED,0.001961363492729521,,9.789810597351017e-06,0.9789810597351016,5467562.378503155,5115618.462768534,0.06436943767086419,0,0.0,1.0000000000021725,1069.3512890836014,0.9718105396782186,False,scenarios/human_activity_recognition_fold_3_outliers_severe_X_tgt.npy
candidate,human_activity_recognition,4,outliers_severe,1,6,False,2055,561,1.01,True,352,SUCCESS,MAX_ITER_NONCONVERGED,MAX_ITER_NEAR_CONVERGED,SUCCESS_CONVERGED,0.0012038627797412832,9.440876876923201e-05,9.869449742487008e-06,0.9869449742487006,5696672.406065498,5276753.067601191,0.07371309222857893,0,0.0,1.0000000000353704,1165.8820220880505,0.9902684647212638,False,scenarios/human_activity_recognition_fold_4_outliers_severe_X_tgt.npy
candidate,iris,0,class_prevalence_mild,1,3,True,30,4,1.5,True,9,SUCCESS,SUCCESS_CONVERGED,SUCCESS_CONVERGED,SUCCESS_CONVERGED,,,5.383864040572754e-06,0.5383864040572753,28.321537989333763,19.399143906644955,0.3150391792299235,0,,3.924744251726505,15.305720686817052,0.9489403223637799,False,scenarios/iris_fold_0_class_prevalence_mild_X_tgt.npy
candidate,iris,0,class_prevalence_mild,2,3,True,30,4,1.5,True,27,SUCCESS,SUCCESS_CONVERGED,SUCCESS_CONVERGED,SUCCESS_CONVERGED,,,9.150621542160938e-06,0.9150621542160938,34.262610507112825,20.824858409708646,0.392198723288015,0,0.0,3.930904147068813,15.309522680908964,0.9152420572059139,False,scenarios/iris_fold_0_class_prevalence_mild_X_tgt.npy
candidate,iris,4,local_overlap_severe,2,3,False,30,4,1.5,True,361,SUCCESS,MAX_ITER_NONCONVERGED,MAX_ITER_NONCONVERGED,SUCCESS_CONVERGED,0.00028442078203064826,0.010586661131490918,9.605296463707423e-06,0.9605296463707422,31.709887379137417,24.388109251525194,0.23089890039878763,0,0.0,7.040150725285211,12.429239094262398,0.9199705732859607,False,scenarios/iris_fold_4_local_overlap_severe_X_tgt.npy
candidate,iris,4,local_overlap_severe,3,3,False,30,4,1.5,True,419,SUCCESS,MAX_ITER_NONCONVERGED,MAX_ITER_NONCONVERGED,SUCCESS_CONVERGED,0.00028154120743530543,0.0009193857510324398,8.76778457928756e-06,0.8767784579287559,30.40772333698456,24.3881092508326,0.19796332725871568,0,0.0,7.040146444640058,12.429225890473495,0.9199712201079028,False,scenarios/iris_fold_4_local_overlap_severe_X_tgt.npy
candidate,letter_recognition,0,class_prevalence_mild,1,26,False,4000,16,1.125,True,373,SUCCESS,MAX_ITER_NONCONVERGED,MAX_ITER_NEAR_CONVERGED,SUCCESS_CONVERGED,0.0005646293312323192,3.665297738461045e-05,9.983828656177531e-06,0.998382865617753,31403.47722459441,23130.38519406961,0.2634450946739593,0,0.0,40.36375224765509,248.80754360824656,0.8775206300743232,False,scenarios/letter_recognition_fold_0_class_prevalence_mild_X_tgt.npy
candidate,letter_recognition,0,class_prevalence_mild,2,26,False,4000,16,1.125,True,279,SUCCESS,MAX_ITER_NONCONVERGED,SUCCESS_CONVERGED,SUCCESS_CONVERGED,0.0007834831047977549,,9.686098731004333e-06,0.9686098731004332,31894.42482043709,23341.948994736333,0.2681495550978101,0,0.0,24.684385312976552,229.50883964980483,0.8734424549764603,False,scenarios/letter_recognition_fold_0_class_prevalence_mild_X_tgt.npy
candidate,letter_recognition,0,class_prevalence_mild,3,26,False,4000,16,1.125,True,155,SUCCESS,MAX_ITER_NEAR_CONVERGED,SUCCESS_CONVERGED,SUCCESS_CONVERGED,1.396891473169091e-05,,9.73457414852303e-06,0.9734574148523029,31669.323245523225,23013.410619722246,0.2733216797433326,0,0.0,47.69392316372027,295.9280204396143,0.8824903427620826,False,scenarios/letter_recognition_fold_0_class_prevalence_mild_X_tgt.npy
candidate,letter_recognition,0,class_prevalence_mild,4,26,False,4000,16,1.125,True,166,SUCCESS,MAX_ITER_NEAR_CONVERGED,SUCCESS_CONVERGED,SUCCESS_CONVERGED,2.3786416124494036e-05,,9.767913699616169e-06,0.9767913699616169,32277.77573161623,22910.979050889084,0.2901933751138969,0,0.0,47.792414282331286,296.1922429833874,0.8820495793486814,False,scenarios/letter_recognition_fold_0_class_prevalence_mild_X_tgt.npy
candidate,letter_recognition,0,class_prevalence_mild,5,26,False,4000,16,1.125,True,299,SUCCESS,MAX_ITER_NONCONVERGED,SUCCESS_CONVERGED,SUCCESS_CONVERGED,0.013165674589254333,,9.681423731425979e-06,0.9681423731425978,30800.77519567081,22906.304919402843,0.2563075190840512,0,0.0,47.857762888794504,255.16781447846114,0.8850930918587587,False,scenarios/letter_recognition_fold_0_class_prevalence_mild_X_tgt.npy
candidate,letter_recognition,0,class_prevalence_severe,1,26,False,4000,16,1.125,True,382,SUCCESS,MAX_ITER_NONCONVERGED,MAX_ITER_NONCONVERGED,SUCCESS_CONVERGED,0.0035144996494930443,0.025659075333599127,9.324089529467039e-06,0.9324089529467038,31211.152354861508,22520.669631855482,0.27844158473220804,0,0.0,56.32756883742432,290.8195976523364,0.8871725974277902,False,scenarios/letter_recognition_fold_0_class_prevalence_severe_X_tgt.npy
candidate,letter_recognition,0,class_prevalence_severe,3,26,True,4000,16,1.125,True,144,SUCCESS,SUCCESS_CONVERGED,SUCCESS_CONVERGED,SUCCESS_CONVERGED,,,9.562771594497779e-06,0.9562771594497778,32118.50855053172,22480.661485948986,0.3000714385420359,0,0.0,40.94655053395476,329.17379389482755,0.888445248384367,False,scenarios/letter_recognition_fold_0_class_prevalence_severe_X_tgt.npy
candidate,letter_recognition,0,clean,1,26,False,4000,16,1.125,True,336,SUCCESS,MAX_ITER_NONCONVERGED,MAX_ITER_NEAR_CONVERGED,SUCCESS_CONVERGED,0.020572050249195097,8.16843556195333e-05,9.694777558238246e-06,0.9694777558238244,31209.44658577752,23393.653120174255,0.25043037671693313,0,0.0,43.64364916611,314.75130968216735,0.8717902928814539,False,scenarios/letter_recognition_fold_0_clean_X_tgt.npy
candidate,letter_recognition,0,local_overlap_mild,1,26,False,4000,16,1.125,True,214,SUCCESS,MAX_ITER_NONCONVERGED,SUCCESS_CONVERGED,SUCCESS_CONVERGED,0.00038409287334732924,,9.899545287652039e-06,0.9899545287652037,29915.262470270056,21939.054343799642,0.26662671385207504,0,0.0,45.173913421965366,358.24917997359745,0.8813669675246779,False,scenarios/letter_recognition_fold_0_local_overlap_mild_X_tgt.npy
candidate,letter_recognition,0,local_overlap_mild,4,26,True,4000,16,1.125,True,145,SUCCESS,SUCCESS_CONVERGED,SUCCESS_CONVERGED,SUCCESS_CONVERGED,,,9.541418143522303e-06,0.9541418143522302,30838.675310678704,21947.490735444124,0.28831279183239666,0,0.0,50.19426312211115,317.3345614795674,0.877862683912655,False,scenarios/letter_recognition_fold_0_local_overlap_mild_X_tgt.npy
candidate,letter_recognition,0,local_overlap_severe,2,26,False,4000,16,1.125,True,288,SUCCESS,MAX_ITER_NONCONVERGED,SUCCESS_CONVERGED,SUCCESS_CONVERGED,0.003938736919020414,,9.719456983331808e-06,0.9719456983331807,28060.571821841808,20852.168445177063,0.2568872588353264,0,0.0,65.1242074787923,390.989521604338,0.8872350141534386,False,scenarios/letter_recognition_fold_0_local_overlap_severe_X_tgt.npy
candidate,letter_recognition,0,location_mild,1,26,False,4000,16,1.125,True,336,SUCCESS,MAX_ITER_NONCONVERGED,MAX_ITER_NEAR_CONVERGED,SUCCESS_CONVERGED,0.020571948507233654,8.16855917879221e-05,9.69493550806088e-06,0.9694935508060879,31209.446547425367,23393.653121136158,0.25043037576499333,0,0.0,43.643649278474264,314.7513112339938,0.8717902935212224,False,scenarios/letter_recognition_fold_0_location_mild_X_tgt.npy
candidate,letter_recognition,0,location_severe,1,26,False,4000,16,1.125,True,336,SUCCESS,MAX_ITER_NONCONVERGED,MAX_ITER_NEAR_CONVERGED,SUCCESS_CONVERGED,0.02057195496379122,8.168547208213535e-05,9.694913596490112e-06,0.9694913596490111,31209.44670349591,23393.653192798956,0.25043037721721195,0,0.0,43.643649365767175,314.75130861675143,0.8717902924392381,False,scenarios/letter_recognition_fold_0_location_severe_X_tgt.npy
candidate,letter_recognition,0,mcar_mild,1,26,False,4000,16,1.125,True,337,SUCCESS,MAX_ITER_NONCONVERGED,MAX_ITER_NEAR_CONVERGED,SUCCESS_CONVERGED,0.011477361889843803,6.793397162870268e-05,9.996477427808586e-06,0.9996477427808586,31906.533737673843,23344.438270253624,0.2683492834983347,0,0.0,46.74107516921311,238.58231251576544,0.8436093471794467,False,scenarios/letter_recognition_fold_0_mcar_mild_X_tgt.npy
candidate,letter_recognition,0,mcar_severe,1,26,False,4000,16,1.125,True,507,SUCCESS,MAX_ITER_NONCONVERGED,MAX_ITER_NONCONVERGED,SUCCESS_CONVERGED,0.031431249944369216,0.006634281429977829,9.931788585710577e-06,0.9931788585710576,28229.475910177178,21338.99621905906,0.2440881195613692,0,0.0,53.18806894860408,291.75693935173507,0.8053426497154157,False,scenarios/letter_recognition_fold_0_mcar_severe_X_tgt.npy
candidate,letter_recognition,0,measurement_noise_mild,1,26,False,4000,16,1.125,False,600,MAX_ITER_REACHED,MAX_ITER_NONCONVERGED,MAX_ITER_NONCONVERGED,MAX_ITER_NEAR_CONVERGED,0.006977788657027072,0.0007017387650317491,9.81195549881434e-05,9.811955498814338,33382.371013442345,23805.638906423457,0.2868799254301784,0,0.0,39.233495770105726,270.9761474814064,0.8698905548654369,False,scenarios/letter_recognition_fold_0_measurement_noise_mild_X_tgt.npy
candidate,letter_recognition,0,measurement_noise_severe,1,26,False,4000,16,1.125,False,600,MAX_ITER_REACHED,MAX_ITER_NONCONVERGED,MAX_ITER_NONCONVERGED,MAX_ITER_NEAR_CONVERGED,0.0011363870064637512,0.00021840578446274812,5.629109549445537e-05,5.629109549445537,38712.73566573301,27994.456601317528,0.27686700203682274,0,0.0,39.79059585788675,262.37654000173154,0.8465873000330921,False,scenarios/letter_recognition_fold_0_measurement_noise_severe_X_tgt.npy
candidate,letter_recognition,0,outliers_mild,1,26,False,4000,16,1.125,True,383,SUCCESS,MAX_ITER_NONCONVERGED,MAX_ITER_NONCONVERGED,SUCCESS_CONVERGED,0.016760523482715662,0.001177612340870675,9.752766936531478e-06,0.9752766936531477,84934.4539969668,69784.53355078911,0.1783719060196551,0,0.0,1.0000000587838949,367.3932993005421,0.8436750965157536,False,scenarios/letter_recognition_fold_0_outliers_mild_X_tgt.npy
candidate,letter_recognition,0,outliers_severe,1,26,False,4000,16,1.125,True,290,SUCCESS,MAX_ITER_NONCONVERGED,SUCCESS_CONVERGED,SUCCESS_CONVERGED,0.002351916516724778,,9.829926346581735e-06,0.9829926346581734,199001.9708416894,172174.566204289,0.13480974346099425,0,0.0,1.0000004930316604,682.3255081538013,0.811109969853074,False,scenarios/letter_recognition_fold_0_outliers_severe_X_tgt.npy
candidate,letter_recognition,0,scale_mild,1,26,False,4000,16,1.125,True,340,SUCCESS,MAX_ITER_NONCONVERGED,MAX_ITER_NONCONVERGED,SUCCESS_CONVERGED,0.025715029456716283,0.00010210646805895755,9.561576700286262e-06,0.9561576700286262,48764.76037649766,36552.58306794941,0.25043037665440776,0,0.0,43.643649507195704,314.75113008543656,0.871790315642239,False,scenarios/letter_recognition_fold_0_scale_mild_X_tgt.npy
candidate,letter_recognition,0,scale_severe,1,26,False,4000,16,1.125,True,345,SUCCESS,MAX_ITER_NONCONVERGED,MAX_ITER_NONCONVERGED,SUCCESS_CONVERGED,0.03600114125178912,0.00014294823773468952,9.953928958736516e-06,0.9953928958736515,95578.930690033,71643.0628876531,0.25043037863653295,0,0.0,43.64364900556578,314.7509749720044,0.8717903378271729,False,scenarios/letter_recognition_fold_0_scale_severe_X_tgt.npy
candidate,letter_recognition,1,class_prevalence_mild,1,26,False,4000,16,1.125,True,180,SUCCESS,MAX_ITER_NONCONVERGED,SUCCESS_CONVERGED,SUCCESS_CONVERGED,0.00014440952705404713,,9.439023966254412e-06,0.9439023966254411,32494.298102577843,23072.17640726143,0.2899623086355859,0,0.0,43.141319466570344,266.9632594432287,0.8882425493701712,False,scenarios/letter_recognition_fold_1_class_prevalence_mild_X_tgt.npy
candidate,letter_recognition,1,class_prevalence_mild,2,26,False,4000,16,1.125,True,152,SUCCESS,MAX_ITER_NEAR_CONVERGED,SUCCESS_CONVERGED,SUCCESS_CONVERGED,1.0782910161684363e-05,,9.436538504797365e-06,0.9436538504797364,31983.465089349553,23200.992329163382,0.2745941609407019,0,0.0,31.612474552300846,258.96587893907866,0.8867249688273635,False,scenarios/letter_recognition_fold_1_class_prevalence_mild_X_tgt.npy
candidate,letter_recognition,1,class_prevalence_mild,3,26,False,4000,16,1.125,False,600,MAX_ITER_REACHED,MAX_ITER_NONCONVERGED,MAX_ITER_NONCONVERGED,MAX_ITER_NONCONVERGED,0.0006406898057101457,0.00014943033027870525,0.013536427038369558,1353.6427038369557,32654.500296685517,23255.98770697855,0.2878167635185319,0,1.0,43.31693213941867,283.51902573569225,0.8859078868222737,False,scenarios/letter_recognition_fold_1_class_prevalence_mild_X_tgt.npy
candidate,letter_recognition,1,class_prevalence_mild,4,26,False,4000,16,1.125,True,220,SUCCESS,MAX_ITER_NONCONVERGED,SUCCESS_CONVERGED,SUCCESS_CONVERGED,0.0036059921550575975,,9.475209047617602e-06,0.9475209047617601,32911.828985527376,23172.021551205296,0.2959363771185447,0,0.0,41.89277612636042,252.06571182485865,0.8827446746421145,False,scenarios/letter_recognition_fold_1_class_prevalence_mild_X_tgt.npy
candidate,letter_recognition,1,clean,5,26,False,4000,16,1.125,True,201,SUCCESS,MAX_ITER_NONCONVERGED,SUCCESS_CONVERGED,SUCCESS_CONVERGED,0.00019522314133362494,,9.68073096163901e-06,0.9680730961639009,32788.404548443126,23627.54447406932,0.2793932855390729,0,0.0,44.14036630010699,233.1492640849731,0.8798643460690182,False,scenarios/letter_recognition_fold_1_clean_X_tgt.npy
candidate,letter_recognition,2,class_prevalence_mild,2,26,False,4000,16,1.125,True,191,SUCCESS,MAX_ITER_NEAR_CONVERGED,SUCCESS_CONVERGED,SUCCESS_CONVERGED,5.81422043503355e-05,,9.891800093067978e-06,0.9891800093067977,31676.92142547077,22514.75255279168,0.28923798337650247,0,0.0,41.0836437837585,284.2785385418355,0.889567772934121,False,scenarios/letter_recognition_fold_2_class_prevalence_mild_X_tgt.npy
candidate,letter_recognition,2,class_prevalence_mild,3,26,False,4000,16,1.125,True,191,SUCCESS,MAX_ITER_NONCONVERGED,SUCCESS_CONVERGED,SUCCESS_CONVERGED,0.00011133868664834227,,9.496821036785243e-06,0.9496821036785242,31678.328234702054,22414.226413497177,0.292442888796654,0,0.0,45.04493743072204,265.7002247143052,0.885606585635216,False,scenarios/letter_recognition_fold_2_class_prevalence_mild_X_tgt.npy
candidate,letter_recognition,2,class_prevalence_mild,5,26,False,4000,16,1.125,True,379,SUCCESS,MAX_ITER_NONCONVERGED,MAX_ITER_NEAR_CONVERGED,SUCCESS_CONVERGED,0.01643083554186805,9.155371926540796e-05,9.79184027000339e-06,0.9791840270003389,31672.235868125055,22388.787830618814,0.29310996786460236,0,0.0,45.05288033346865,256.0731410856555,0.8870617698045223,False,scenarios/letter_recognition_fold_2_class_prevalence_mild_X_tgt.npy
candidate,letter_recognition,2,class_prevalence_severe,1,26,False,4000,16,1.125,True,274,SUCCESS,MAX_ITER_NONCONVERGED,SUCCESS_CONVERGED,SUCCESS_CONVERGED,0.005303962805517388,,9.791554956852194e-06,0.9791554956852193,30630.132568580382,22323.780754244617,0.27118236578761046,0,0.0,31.017602893150332,285.42862351440596,0.8914257342946189,False,scenarios/letter_recognition_fold_2_class_prevalence_severe_X_tgt.npy
candidate,letter_recognition,2,class_prevalence_severe,4,26,False,4000,16,1.125,True,177,SUCCESS,MAX_ITER_NEAR_CONVERGED,SUCCESS_CONVERGED,SUCCESS_CONVERGED,3.488053490454047e-05,,9.547097243078128e-06,0.9547097243078126,31289.004885004535,22249.90486710793,0.28889061991960807,0,0.0,48.58805132867963,248.9871367207778,0.8873801266985603,False,scenarios/letter_recognition_fold_2_class_prevalence_severe_X_tgt.npy
candidate,letter_recognition,3,class_prevalence_mild,1,26,False,4000,16,1.125,True,334,SUCCESS,MAX_ITER_NONCONVERGED,MAX_ITER_NEAR_CONVERGED,SUCCESS_CONVERGED,0.08798330587954659,6.039562269975491e-05,9.970403212953365e-06,0.9970403212953364,31066.035581988446,22441.109260035173,0.2776320235387182,0,0.0,44.914771738428435,303.2757372649655,0.8852119656470511,False,scenarios/letter_recognition_fold_3_class_prevalence_mild_X_tgt.npy
candidate,letter_recognition,3,class_prevalence_mild,2,26,False,4000,16,1.125,True,405,SUCCESS,MAX_ITER_NONCONVERGED,MAX_ITER_NONCONVERGED,SUCCESS_CONVERGED,0.0028576623923825327,0.00018787366036987073,9.726634312432482e-06,0.9726634312432482,30954.407122223543,22395.627485973564,0.276496319327184,0,0.0,49.95417955651708,317.0355691332686,0.8836050661052746,False,scenarios/letter_recognition_fold_3_class_prevalence_mild_X_tgt.npy
candidate,letter_recognition,3,class_prevalence_mild,3,26,False,4000,16,1.125,True,191,SUCCESS,MAX_ITER_NONCONVERGED,SUCCESS_CONVERGED,SUCCESS_CONVERGED,0.0002597815896839483,,9.337694632276696e-06,0.9337694632276695,30846.924037871493,22379.247116069826,0.27450636281937546,0,0.0,44.44782662512921,306.193146461187,0.8802191168291783,False,scenarios/letter_recognition_fold_3_class_prevalence_mild_X_tgt.npy
candidate,letter_recognition,3,class_prevalence_mild,4,26,False,4000,16,1.125,True,380,SUCCESS,MAX_ITER_NONCONVERGED,MAX_ITER_NONCONVERGED,SUCCESS_CONVERGED,0.003228251516448371,0.0003170413835407103,9.627024002520452e-06,0.9627024002520451,31894.221500949614,22491.891790767095,0.2947972788708003,0,0.0,46.3065956962727,301.6733311768063,0.8806693537150687,False,scenarios/letter_recognition_fold_3_class_prevalence_mild_X_tgt.npy
candidate,letter_recognition,3,class_prevalence_mild,5,26,False,4000,16,1.125,False,600,MAX_ITER_REACHED,MAX_ITER_NONCONVERGED,MAX_ITER_NONCONVERGED,MAX_ITER_NEAR_CONVERGED,0.0014041115289582342,0.0010571277462693748,1.770150839938709e-05,1.7701508399387087,31036.546372689176,22566.834913940038,0.2728947788534268,0,0.0,39.4466961535002,245.68734352360775,0.8843904639682246,False,scenarios/letter_recognition_fold_3_class_prevalence_mild_X_tgt.npy
candidate,letter_recognition,4,class_prevalence_mild,2,26,False,4000,16,1.125,True,168,SUCCESS,MAX_ITER_NEAR_CONVERGED,SUCCESS_CONVERGED,SUCCESS_CONVERGED,5.206190505801734e-05,,9.350608364876471e-06,0.935060836487647,32703.19221685299,23545.722280705064,0.28001761648909584,0,0.0,68.70630455942798,317.278608390928,0.8873223904205378,False,scenarios/letter_recognition_fold_4_class_prevalence_mild_X_tgt.npy
candidate,letter_recognition,4,class_prevalence_mild,3,26,False,4000,16,1.125,True,352,SUCCESS,MAX_ITER_NONCONVERGED,MAX_ITER_NEAR_CONVERGED,SUCCESS_CONVERGED,0.001644669674960918,5.179244296504915e-05,9.953391883512787e-06,0.9953391883512785,32745.687882986815,23520.34725863116,0.28172688438616456,0,0.0,38.60679443103206,286.5927680226364,0.8861708607520575,False,scenarios/letter_recognition_fold_4_class_prevalence_mild_X_tgt.npy
candidate,letter_recognition,4,class_prevalence_mild,4,26,False,4000,16,1.125,True,322,SUCCESS,MAX_ITER_NONCONVERGED,MAX_ITER_NEAR_CONVERGED,SUCCESS_CONVERGED,0.0006078485012894773,1.4126072159430432e-05,9.98533974661319e-06,0.998533974661319,33154.17277153958,23426.814574617474,0.2933977048364883,0,0.0,38.46244534761701,296.44340627558796,0.8887729801672645,False,scenarios/letter_recognition_fold_4_class_prevalence_mild_X_tgt.npy
candidate,letter_recognition,4,class_prevalence_mild,5,26,False,4000,16,1.125,True,232,SUCCESS,MAX_ITER_NONCONVERGED,SUCCESS_CONVERGED,SUCCESS_CONVERGED,0.013014946941111067,,9.155889306911441e-06,0.915588930691144,33089.762535044436,23468.211250818455,0.29077124001830074,0,0.0,52.86763915632271,308.5169944445882,0.8851852035094911,False,scenarios/letter_recognition_fold_4_class_prevalence_mild_X_tgt.npy
candidate,letter_recognition,4,class_prevalence_severe,1,26,False,4000,16,1.125,True,562,SUCCESS,MAX_ITER_NONCONVERGED,MAX_ITER_NONCONVERGED,SUCCESS_CONVERGED,0.03670906134330871,0.0003793597888333014,9.878730559547459e-06,0.9878730559547458,32614.714489635404,22785.822944260304,0.30136371570870607,0,0.0,67.350976370829,244.17086761239128,0.8923549951335976,False,scenarios/letter_recognition_fold_4_class_prevalence_severe_X_tgt.npy
candidate,madelon,0,class_prevalence_mild,1,2,True,520,500,1.01,True,73,SUCCESS,SUCCESS_CONVERGED,SUCCESS_CONVERGED,SUCCESS_CONVERGED,,,9.203479865856506e-06,0.9203479865856505,506444.01721442497,255789.44793053094,0.49493045778793077,0,0.0,243.3452913649574,275.96386788124124,0.9526017890785071,False,scenarios/madelon_fold_0_class_prevalence_mild_X_tgt.npy
candidate,madelon,0,class_prevalence_mild,2,2,True,520,500,1.01,True,76,SUCCESS,SUCCESS_CONVERGED,SUCCESS_CONVERGED,SUCCESS_CONVERGED,,,8.169665762286987e-06,0.8169665762286987,489069.61528992566,255775.29677451885,0.477016586640958,0,0.0,248.87349424764736,270.4410232807571,0.9529205544892434,False,scenarios/madelon_fold_0_class_prevalence_mild_X_tgt.npy
candidate,madelon,1,class_prevalence_mild,2,2,False,520,500,1.01,True,425,SUCCESS,MAX_ITER_NONCONVERGED,MAX_ITER_NONCONVERGED,SUCCESS_CONVERGED,0.0003801610258338975,0.0011383634587148056,9.670976375886116e-06,0.9670976375886114,513713.4659325263,258317.8862987999,0.49715570365693185,0,0.0,253.84767506840745,265.4562503334105,0.9506252358605526,False,scenarios/madelon_fold_1_class_prevalence_mild_X_tgt.npy
candidate,madelon,1,class_prevalence_mild,3,2,False,520,500,1.01,True,172,SUCCESS,MAX_ITER_NONCONVERGED,SUCCESS_CONVERGED,SUCCESS_CONVERGED,0.00026848590962149423,,9.429971624156632e-06,0.9429971624156631,489641.7045664543,258318.78313819424,0.47243304496107286,0,0.0,250.4992730695317,268.8105782722713,0.9520767066433814,False,scenarios/madelon_fold_1_class_prevalence_mild_X_tgt.npy
candidate,madelon,2,class_prevalence_mild,1,2,False,520,500,1.01,True,237,SUCCESS,MAX_ITER_NONCONVERGED,SUCCESS_CONVERGED,SUCCESS_CONVERGED,0.00016644488438633673,,9.806388237500958e-06,0.9806388237500957,489668.5208255731,257160.31009819952,0.47482776784459935,0,0.0,236.31810158319573,282.9499788257109,0.9475275040838059,False,scenarios/madelon_fold_2_class_prevalence_mild_X_tgt.npy
candidate,madelon,2,class_prevalence_mild,2,2,False,520,500,1.01,True,247,SUCCESS,MAX_ITER_NONCONVERGED,SUCCESS_CONVERGED,SUCCESS_CONVERGED,0.00022777836871488036,,9.98558306024395e-06,0.9985583060243949,485998.99420423235,257160.31009822612,0.47086246439810714,0,0.0,236.31822201377,282.94985818401665,0.947527390251066,False,scenarios/madelon_fold_2_class_prevalence_mild_X_tgt.npy
candidate,madelon,2,class_prevalence_mild,4,2,False,520,500,1.01,True,194,SUCCESS,MAX_ITER_NONCONVERGED,SUCCESS_CONVERGED,SUCCESS_CONVERGED,0.000107352682581402,,9.76498129415596e-06,0.976498129415596,516434.4849522605,257162.16031584865,0.5020430126008706,0,0.0,234.50362842612893,284.7669756591311,0.9486434842644405,False,scenarios/madelon_fold_2_class_prevalence_mild_X_tgt.npy
candidate,madelon,2,class_prevalence_severe,3,2,False,520,500,1.01,True,159,SUCCESS,MAX_ITER_NEAR_CONVERGED,SUCCESS_CONVERGED,SUCCESS_CONVERGED,1.9121830846383452e-05,,9.539746899108928e-06,0.9539746899108927,500424.75258157006,256953.01414057065,0.48653016699311474,0,0.0,246.71953346090982,272.693838133616,0.9580445138815389,False,scenarios/madelon_fold_2_class_prevalence_severe_X_tgt.npy
candidate,madelon,4,class_prevalence_mild,1,2,False,520,500,1.01,True,182,SUCCESS,MAX_ITER_NONCONVERGED,SUCCESS_CONVERGED,SUCCESS_CONVERGED,0.0010162101920803616,,9.17739140775218e-06,0.917739140775218,502883.1628767364,256613.54530129867,0.4897153767619812,0,0.0,240.8261678093691,278.48756991500335,0.9531678647522898,False,scenarios/madelon_fold_4_class_prevalence_mild_X_tgt.npy
candidate,madelon,4,class_prevalence_mild,2,2,False,520,500,1.01,True,192,SUCCESS,MAX_ITER_NONCONVERGED,SUCCESS_CONVERGED,SUCCESS_CONVERGED,0.0011962301148690695,,8.896106238513686e-06,0.8896106238513685,487518.27562041976,256703.07006031182,0.4734493394455226,0,0.0,255.37284615153806,263.9082317540522,0.9507059880381893,False,scenarios/madelon_fold_4_class_prevalence_mild_X_tgt.npy
candidate,madelon,4,class_prevalence_mild,3,2,False,520,500,1.01,True,166,SUCCESS,MAX_ITER_NONCONVERGED,SUCCESS_CONVERGED,SUCCESS_CONVERGED,0.00011327153755359533,,9.603937018334464e-06,0.9603937018334464,489823.6180839285,256735.543452346,0.475861240712252,0,0.0,249.61233230595656,269.6837818489819,0.9501305133119716,False,scenarios/madelon_fold_4_class_prevalence_mild_X_tgt.npy
candidate,madelon,4,class_prevalence_severe,1,2,False,520,500,1.01,True,167,SUCCESS,MAX_ITER_NONCONVERGED,SUCCESS_CONVERGED,SUCCESS_CONVERGED,0.00013609907022486101,,9.49676731980955e-06,0.9496767319809548,502492.1561699515,256605.27460205348,0.48933476582415514,0,0.0,254.13429285071987,265.2883478357467,0.9632706491711476,False,scenarios/madelon_fold_4_class_prevalence_severe_X_tgt.npy
candidate,madelon,4,class_prevalence_severe,3,2,False,520,500,1.01,True,180,SUCCESS,MAX_ITER_NEAR_CONVERGED,SUCCESS_CONVERGED,SUCCESS_CONVERGED,5.277414417523984e-05,,9.846981570395021e-06,0.984698157039502,479470.4554992935,256805.3252280002,0.46439802018546145,0,0.0,251.70669411765132,267.55000599496185,0.9454157663055102,False,scenarios/madelon_fold_4_class_prevalence_severe_X_tgt.npy
candidate,madelon,4,mcar_mild,4,2,False,520,500,1.01,True,152,SUCCESS,MAX_ITER_NEAR_CONVERGED,SUCCESS_CONVERGED,SUCCESS_CONVERGED,1.1940549556511235e-05,,8.639689259836253e-06,0.8639689259836253,439734.55528088653,230752.73925167174,0.4752453804675977,0,0.0,255.2619036545267,263.5617310320482,0.9078681845940454,False,scenarios/madelon_fold_4_mcar_mild_X_tgt.npy
candidate,madelon,4,outliers_mild,2,2,False,520,500,1.01,True,249,SUCCESS,MAX_ITER_NONCONVERGED,SUCCESS_CONVERGED,SUCCESS_CONVERGED,0.0007285556773051691,,9.620559472956987e-06,0.9620559472956987,833991.9749855014,584605.0917680652,0.29902791717123134,0,0.0,229.91743175708433,288.86814079800365,0.8997070090297453,False,scenarios/madelon_fold_4_outliers_mild_X_tgt.npy
candidate,mice_protein_expression,0,class_prevalence_mild,1,8,True,225,77,1.025974025974026,True,26,SUCCESS,SUCCESS_CONVERGED,SUCCESS_CONVERGED,SUCCESS_CONVERGED,,,3.3241515677762037e-06,0.33241515677762035,9570.434527391008,6603.18189878916,0.31004366835272096,0,0.3684210526315789,17.000008657261827,61.03936959419424,0.9991956987954069,False,scenarios/mice_protein_expression_fold_0_class_prevalence_mild_X_tgt.npy
candidate,mice_protein_expression,0,class_prevalence_mild,2,8,True,225,77,1.025974025974026,True,23,SUCCESS,SUCCESS_CONVERGED,SUCCESS_CONVERGED,SUCCESS_CONVERGED,,,9.491975263255743e-06,0.9491975263255742,10365.867730961367,6628.053859922021,0.3605886133270859,0,0.3157894736842105,14.975634624246805,47.9524912943774,0.9988737347291318,False,scenarios/mice_protein_expression_fold_0_class_prevalence_mild_X_tgt.npy
candidate,mice_protein_expression,0,outliers_severe,2,8,False,225,77,1.025974025974026,True,152,SUCCESS,MAX_ITER_NEAR_CONVERGED,SUCCESS_CONVERGED,SUCCESS_CONVERGED,1.4981149530201378e-05,,9.340091898040329e-06,0.9340091898040328,68278.81334782051,59532.60809911063,0.12809544893751534,0,0.0,1.0,83.3615972739713,0.9729799966117079,False,scenarios/mice_protein_expression_fold_0_outliers_severe_X_tgt.npy
candidate,mice_protein_expression,1,scale_severe,1,8,False,225,77,1.025974025974026,True,356,SUCCESS,MAX_ITER_NEAR_CONVERGED,MAX_ITER_NONCONVERGED,SUCCESS_CONVERGED,9.983216167765736e-05,0.0357328155942241,7.4539280865328095e-06,0.7453928086532808,32757.088178040365,20896.114491122247,0.36208876755014674,0,0.15789473684210525,15.001290236777306,69.06579041867285,0.9989149120124526,False,scenarios/mice_protein_expression_fold_1_scale_severe_X_tgt.npy
candidate,mice_protein_expression,2,outliers_severe,2,8,False,210,77,1.025974025974026,True,155,SUCCESS,MAX_ITER_NEAR_CONVERGED,SUCCESS_CONVERGED,SUCCESS_CONVERGED,3.3292337488313906e-05,,7.704395290230991e-06,0.770439529023099,64679.71215231277,56291.53091221332,0.12968798037236648,0,0.0,1.0,65.1423571550436,0.9827703031394259,False,scenarios/mice_protein_expression_fold_2_outliers_severe_X_tgt.npy
candidate,pendigits,0,class_prevalence_mild,1,10,True,2199,16,1.125,True,62,SUCCESS,SUCCESS_CONVERGED,SUCCESS_CONVERGED,SUCCESS_CONVERGED,,,8.98738387459329e-06,0.898738387459329,20122.524796398036,12710.37332009412,0.36835096745069995,0,0.0,87.95414708134487,474.60521011364625,0.9532244220621245,False,scenarios/pendigits_fold_0_class_prevalence_mild_X_tgt.npy
candidate,pendigits,0,class_prevalence_mild,2,10,True,2199,16,1.125,True,83,SUCCESS,SUCCESS_CONVERGED,SUCCESS_CONVERGED,SUCCESS_CONVERGED,,,9.381569331041938e-06,0.9381569331041938,18838.20176569496,12267.507357007356,0.3487962646547864,0,0.0,101.28307493093625,471.4628401098616,0.9527534042896307,False,scenarios/pendigits_fold_0_class_prevalence_mild_X_tgt.npy
candidate,pendigits,0,mcar_mild,5,10,False,2199,16,1.125,True,208,SUCCESS,MAX_ITER_NONCONVERGED,SUCCESS_CONVERGED,SUCCESS_CONVERGED,0.006333844902555345,,9.799716848609856e-06,0.9799716848609855,17673.229978640295,12667.359070851664,0.2832459552576796,0,0.0,123.61332073223232,325.9140179850766,0.9206415193002435,False,scenarios/pendigits_fold_0_mcar_mild_X_tgt.npy
candidate,pendigits,0,mcar_severe,1,10,False,2199,16,1.125,True,176,SUCCESS,MAX_ITER_NONCONVERGED,SUCCESS_CONVERGED,SUCCESS_CONVERGED,0.00048070088978469246,,8.843946477339769e-06,0.8843946477339768,21173.338114939816,12793.955294108648,0.3957516181597606,0,0.0,93.05395709027563,343.2326976497247,0.8790223643897069,False,scenarios/pendigits_fold_0_mcar_severe_X_tgt.npy
candidate,pendigits,0,mcar_severe,2,10,False,2199,16,1.125,True,158,SUCCESS,MAX_ITER_NEAR_CONVERGED,SUCCESS_CONVERGED,SUCCESS_CONVERGED,3.3080817535694546e-05,,9.683687290549387e-06,0.9683687290549386,19741.91898216211,12793.955294121333,0.35193963131540745,0,0.0,93.05381884422991,343.2326727317757,0.8790223487872894,False,scenarios/pendigits_fold_0_mcar_severe_X_tgt.npy
candidate,pendigits,0,mcar_severe,3,10,False,2199,16,1.125,True,179,SUCCESS,MAX_ITER_NONCONVERGED,SUCCESS_CONVERGED,SUCCESS_CONVERGED,0.0007920574543110989,,9.20350310928757e-06,0.9203503109287569,20294.79696162875,12793.955294113937,0.3695943192581137,0,0.0,93.05389788233705,343.2326870618573,0.8790223577244529,False,scenarios/pendigits_fold_0_mcar_severe_X_tgt.npy
candidate,pendigits,0,mcar_severe,4,10,False,2199,16,1.125,True,163,SUCCESS,MAX_ITER_NEAR_CONVERGED,SUCCESS_CONVERGED,SUCCESS_CONVERGED,3.1726563367049985e-05,,9.08716773631279e-06,0.9087167736312789,19547.515507057466,12793.955294207988,0.34549455711704957,0,0.0,93.05538463612628,343.23182824121307,0.8790223000680363,False,scenarios/pendigits_fold_0_mcar_severe_X_tgt.npy
candidate,pendigits,0,outliers_severe,1,10,False,2199,16,1.125,True,246,SUCCESS,MAX_ITER_NONCONVERGED,SUCCESS_CONVERGED,SUCCESS_CONVERGED,0.0004946496718383559,,9.786664825761433e-06,0.9786664825761432,122408.59430423588,107794.95596687986,0.11938408753420614,0,0.0,4.099154013102737,506.95497686548845,0.8723430657380451,False,scenarios/pendigits_fold_0_outliers_severe_X_tgt.npy
candidate,pendigits,1,local_overlap_severe,1,10,False,2199,16,1.125,True,153,SUCCESS,MAX_ITER_NEAR_CONVERGED,SUCCESS_CONVERGED,SUCCESS_CONVERGED,1.2401358164108957e-05,,9.817108576978615e-06,0.9817108576978614,13555.262299209879,10320.880864129738,0.23860707109066187,0,0.0,80.9850106017498,430.58349775403735,0.9483691113817071,False,scenarios/pendigits_fold_1_local_overlap_severe_X_tgt.npy
candidate,pendigits,1,mcar_severe,5,10,False,2199,16,1.125,True,196,SUCCESS,MAX_ITER_NONCONVERGED,SUCCESS_CONVERGED,SUCCESS_CONVERGED,0.0002714672421852068,,9.975041611324024e-06,0.9975041611324024,20356.69856388666,12867.757360030351,0.3678858426062218,0,0.0,68.20769816969457,432.7659173253775,0.882431769917446,False,scenarios/pendigits_fold_1_mcar_severe_X_tgt.npy
candidate,pendigits,1,measurement_noise_severe,2,10,False,2199,16,1.125,True,198,SUCCESS,MAX_ITER_NONCONVERGED,SUCCESS_CONVERGED,SUCCESS_CONVERGED,0.00021923186108177846,,9.870711278914961e-06,0.9870711278914961,23220.80703741684,15070.922267395163,0.3509733644007016,0,0.0,137.09195407127595,481.00083533106243,0.9329726147772309,False,scenarios/pendigits_fold_1_measurement_noise_severe_X_tgt.npy
candidate,pendigits,1,outliers_mild,1,10,False,2199,16,1.125,True,156,SUCCESS,MAX_ITER_NEAR_CONVERGED,SUCCESS_CONVERGED,SUCCESS_CONVERGED,1.4709179601931137e-05,,9.80774172282166e-06,0.980774172282166,51954.45535777848,42149.82149919651,0.18871593958715327,0,0.0,1.0000018395476638,492.9778891180928,0.9272528676424918,False,scenarios/pendigits_fold_1_outliers_mild_X_tgt.npy
candidate,pendigits,1,outliers_severe,1,10,False,2199,16,1.125,True,241,SUCCESS,MAX_ITER_NONCONVERGED,SUCCESS_CONVERGED,SUCCESS_CONVERGED,0.00036917894095449375,,9.932011025677615e-06,0.9932011025677614,120021.25887983473,102073.61846530368,0.14953717851351842,0,0.0,1.0000024874000586,507.92097907144455,0.875829158789249,False,scenarios/pendigits_fold_1_outliers_severe_X_tgt.npy
candidate,pendigits,1,outliers_severe,2,10,False,2199,16,1.125,True,281,SUCCESS,MAX_ITER_NONCONVERGED,SUCCESS_CONVERGED,SUCCESS_CONVERGED,0.0016158807099954063,,9.857027453770921e-06,0.985702745377092,116805.9139265403,101059.62140837446,0.13480732258187506,0,0.0,1.000014625141934,566.0286907270763,0.8783056097099282,False,scenarios/pendigits_fold_1_outliers_severe_X_tgt.npy
candidate,pendigits,1,outliers_severe,3,10,False,2199,16,1.125,True,228,SUCCESS,MAX_ITER_NONCONVERGED,SUCCESS_CONVERGED,SUCCESS_CONVERGED,0.00032290743354943544,,9.94132281733061e-06,0.9941322817330609,111785.52228383129,101608.83838836715,0.09103758418397713,0,0.0,1.0000151721426043,478.9010083618794,0.8751132204932429,False,scenarios/pendigits_fold_1_outliers_severe_X_tgt.npy
candidate,pendigits,1,outliers_severe,4,10,False,2199,16,1.125,True,254,SUCCESS,MAX_ITER_NONCONVERGED,SUCCESS_CONVERGED,SUCCESS_CONVERGED,0.003398610823530415,,9.458795070179195e-06,0.9458795070179195,119670.75137703063,102767.2927602731,0.14124970740345777,0,0.0,1.000222012371193,569.2210682201476,0.8865135733843212,False,scenarios/pendigits_fold_1_outliers_severe_X_tgt.npy
candidate,pendigits,2,local_overlap_mild,3,10,False,2198,16,1.125,True,209,SUCCESS,MAX_ITER_NONCONVERGED,SUCCESS_CONVERGED,SUCCESS_CONVERGED,0.01366784372898159,,9.028642539355526e-06,0.9028642539355525,16362.342137406657,10615.418432460938,0.3512286723187036,0,0.0,139.35707630119697,390.4092122867143,0.9422343440549973,False,scenarios/pendigits_fold_2_local_overlap_mild_X_tgt.npy
candidate,pendigits,2,measurement_noise_mild,3,10,False,2198,16,1.125,True,217,SUCCESS,MAX_ITER_NEAR_CONVERGED,SUCCESS_CONVERGED,SUCCESS_CONVERGED,7.67621451983698e-05,,9.935484183466706e-06,0.9935484183466705,19050.163272863723,12136.502790998802,0.3629186995847528,0,0.0,106.6022978772831,504.63050705933756,0.9428691646616508,False,scenarios/pendigits_fold_2_measurement_noise_mild_X_tgt.npy
candidate,pendigits,2,measurement_noise_severe,5,10,False,2198,16,1.125,True,152,SUCCESS,MAX_ITER_NEAR_CONVERGED,SUCCESS_CONVERGED,SUCCESS_CONVERGED,1.1148681088336136e-05,,9.717194822485418e-06,0.9717194822485418,21757.844896165097,14530.493838970413,0.33217219314163476,0,0.0,87.39695638704438,468.8484616152174,0.9410201390854048,False,scenarios/pendigits_fold_2_measurement_noise_severe_X_tgt.npy
candidate,pendigits,2,outliers_severe,1,10,False,2198,16,1.125,True,387,SUCCESS,MAX_ITER_NONCONVERGED,MAX_ITER_NEAR_CONVERGED,SUCCESS_CONVERGED,0.00100442673419566,5.187135133202682e-05,9.854422694411102e-06,0.9854422694411101,129768.12878358077,114217.7223105664,0.11983224709164432,0,0.0,2.000007125862178,510.317941032387,0.8817900797117888,False,scenarios/pendigits_fold_2_outliers_severe_X_tgt.npy
candidate,pendigits,2,outliers_severe,2,10,False,2198,16,1.125,True,211,SUCCESS,MAX_ITER_NONCONVERGED,SUCCESS_CONVERGED,SUCCESS_CONVERGED,0.18091696719964592,,7.506732890898669e-06,0.7506732890898669,135109.79939047055,114147.83260782906,0.15514764197126005,0,0.0,2.0000000834713045,508.39499340838023,0.8739599068343198,False,scenarios/pendigits_fold_2_outliers_severe_X_tgt.npy
candidate,pendigits,2,outliers_severe,3,10,False,2198,16,1.125,True,154,SUCCESS,MAX_ITER_NEAR_CONVERGED,SUCCESS_CONVERGED,SUCCESS_CONVERGED,1.3473884046247714e-05,,9.351562736381465e-06,0.9351562736381465,124224.65108497774,114132.36730891705,0.08124219861287366,0,0.0,1.000270697247629,609.9063553553353,0.8704987974550698,False,scenarios/pendigits_fold_2_outliers_severe_X_tgt.npy
candidate,pendigits,2,outliers_severe,5,10,False,2198,16,1.125,True,156,SUCCESS,MAX_ITER_NEAR_CONVERGED,SUCCESS_CONVERGED,SUCCESS_CONVERGED,1.3728459941675783e-05,,9.502359701084332e-06,0.9502359701084332,128953.3580154541,114044.09747749189,0.1156174664034375,0,0.0,1.0116503412407067,515.164903878095,0.8773732104064554,False,scenarios/pendigits_fold_2_outliers_severe_X_tgt.npy
candidate,pendigits,3,class_prevalence_mild,1,10,False,2198,16,1.125,True,174,SUCCESS,MAX_ITER_NEAR_CONVERGED,SUCCESS_CONVERGED,SUCCESS_CONVERGED,3.839233225635164e-05,,9.938858261799467e-06,0.9938858261799466,16461.881678165475,11159.832693367123,0.3220803726120097,0,0.0,123.53680143656705,389.41397719271777,0.9498323274506033,False,scenarios/pendigits_fold_3_class_prevalence_mild_X_tgt.npy
candidate,pendigits,3,clean,1,10,False,2198,16,1.125,True,255,SUCCESS,MAX_ITER_NONCONVERGED,SUCCESS_CONVERGED,SUCCESS_CONVERGED,0.00631936697167639,,9.704036355694697e-06,0.9704036355694696,19082.829453777078,11956.740152840324,0.3734293867792379,0,0.0,98.46583987762037,499.07043524173366,0.9501202486390716,False,scenarios/pendigits_fold_3_clean_X_tgt.npy
candidate,pendigits,3,location_mild,1,10,False,2198,16,1.125,True,255,SUCCESS,MAX_ITER_NONCONVERGED,SUCCESS_CONVERGED,SUCCESS_CONVERGED,0.00631938139928715,,9.704054441594017e-06,0.9704054441594016,19082.829397074216,11956.740123033456,0.3734293864794145,0,0.0,98.46583940933633,499.0704367027824,0.9501202487740685,False,scenarios/pendigits_fold_3_location_mild_X_tgt.npy
candidate,pendigits,3,location_severe,1,10,False,2198,16,1.125,True,255,SUCCESS,MAX_ITER_NONCONVERGED,SUCCESS_CONVERGED,SUCCESS_CONVERGED,0.006319349949580184,,9.704009407477009e-06,0.9704009407477008,19082.82941404286,11956.74012361871,0.3734293870058982,0,0.0,98.46584006319982,499.0704368235485,0.9501202482707242,False,scenarios/pendigits_fold_3_location_severe_X_tgt.npy
candidate,pendigits,3,mcar_severe,1,10,False,2198,16,1.125,True,247,SUCCESS,MAX_ITER_NONCONVERGED,SUCCESS_CONVERGED,SUCCESS_CONVERGED,0.0020729842441306458,,9.55996851118641e-06,0.955996851118641,20273.9339673676,12677.025326754443,0.3747130997289892,0,0.0,102.97078972952848,277.122801545025,0.8674393509147826,False,scenarios/pendigits_fold_3_mcar_severe_X_tgt.npy
candidate,pendigits,3,mcar_severe,4,10,False,2198,16,1.125,True,186,SUCCESS,MAX_ITER_NEAR_CONVERGED,SUCCESS_CONVERGED,SUCCESS_CONVERGED,3.377138003499196e-05,,9.805304924024237e-06,0.9805304924024236,19677.9129209942,12560.20784381744,0.3617103656141776,0,0.0,120.44981033070206,311.7862247718698,0.8749449312718045,False,scenarios/pendigits_fold_3_mcar_severe_X_tgt.npy
candidate,pendigits,3,measurement_noise_mild,2,10,False,2198,16,1.125,True,281,SUCCESS,MAX_ITER_NONCONVERGED,SUCCESS_CONVERGED,SUCCESS_CONVERGED,0.0002231685068489233,,9.906748263887368e-06,0.9906748263887367,20667.04882589518,12395.074917836992,0.4002494007607733,0,0.0,135.8565717224,303.16882058238394,0.9389317748765131,False,scenarios/pendigits_fold_3_measurement_noise_mild_X_tgt.npy
candidate,pendigits,3,outliers_severe,1,10,False,2198,16,1.125,True,260,SUCCESS,MAX_ITER_NONCONVERGED,SUCCESS_CONVERGED,SUCCESS_CONVERGED,0.002487044822874685,,9.95241895671745e-06,0.9952418956717449,136595.82676421985,111749.407623538,0.1818973516926665,0,0.0,1.0000355150100817,575.4381519547698,0.8853082175877052,False,scenarios/pendigits_fold_3_outliers_severe_X_tgt.npy
candidate,pendigits,3,outliers_severe,3,10,False,2198,16,1.125,True,158,SUCCESS,MAX_ITER_NEAR_CONVERGED,SUCCESS_CONVERGED,SUCCESS_CONVERGED,6.938405097658978e-05,,8.354172705017764e-06,0.8354172705017763,128401.83656078106,113843.25810232644,0.11338294566809475,0,0.0,1.0000835318575567,648.112013774561,0.8742398966822869,False,scenarios/pendigits_fold_3_outliers_severe_X_tgt.npy
candidate,pendigits,3,outliers_severe,5,10,False,2198,16,1.125,True,287,SUCCESS,MAX_ITER_NONCONVERGED,SUCCESS_CONVERGED,SUCCESS_CONVERGED,0.002971983828435601,,9.761733149977712e-06,0.9761733149977712,134609.26214724002,113890.98050568145,0.1539142352544525,0,0.0,1.0006230846946338,638.7815987662926,0.8876638250416693,False,scenarios/pendigits_fold_3_outliers_severe_X_tgt.npy
candidate,pendigits,3,scale_mild,1,10,False,2198,16,1.125,True,259,SUCCESS,MAX_ITER_NONCONVERGED,SUCCESS_CONVERGED,SUCCESS_CONVERGED,0.007899276405785452,,9.544137976783638e-06,0.9544137976783638,29816.920990443185,18682.406401670785,0.3734293890486276,0,0.0,98.46634615873603,499.0700237377043,0.9501201716889407,False,scenarios/pendigits_fold_3_scale_mild_X_tgt.npy
candidate,pendigits,3,scale_severe,1,10,False,2198,16,1.125,True,264,SUCCESS,MAX_ITER_NONCONVERGED,SUCCESS_CONVERGED,SUCCESS_CONVERGED,0.011058972990758132,,9.90176167808401e-06,0.9901761678084009,58441.16524348283,36617.51677505819,0.3734293862468518,0,0.0,98.46682871375445,499.0696306097791,0.9501200992438475,False,scenarios/pendigits_fold_3_scale_severe_X_tgt.npy
candidate,pendigits,4,mcar_severe,1,10,False,2198,16,1.125,True,327,SUCCESS,MAX_ITER_NONCONVERGED,MAX_ITER_NEAR_CONVERGED,SUCCESS_CONVERGED,0.0016498569911550754,2.1616165648680358e-05,9.91014041761771e-06,0.991014041761771,19482.05999170323,12853.362891654397,0.34024621127703014,0,0.0,110.46195051118391,448.5750879485867,0.8900349070374468,False,scenarios/pendigits_fold_4_mcar_severe_X_tgt.npy
candidate,pendigits,4,measurement_noise_severe,2,10,False,2198,16,1.125,True,195,SUCCESS,MAX_ITER_NONCONVERGED,SUCCESS_CONVERGED,SUCCESS_CONVERGED,0.0010479846901206168,,9.501415670614685e-06,0.9501415670614684,27060.133450178386,15042.289993791586,0.4441161932373092,0,0.0,97.20495279511096,456.3124095311808,0.9440788262038464,False,scenarios/pendigits_fold_4_measurement_noise_severe_X_tgt.npy
candidate,pendigits,4,outliers_severe,2,10,False,2198,16,1.125,True,198,SUCCESS,MAX_ITER_NEAR_CONVERGED,SUCCESS_CONVERGED,SUCCESS_CONVERGED,5.4803945409643384e-05,,9.71831314162247e-06,0.9718313141622469,127761.46313912974,113835.85069278869,0.108996970637197,0,0.0,1.0000000160751057,499.24562351310067,0.8684145830274114,False,scenarios/pendigits_fold_4_outliers_severe_X_tgt.npy
candidate,pendigits,4,outliers_severe,3,10,False,2198,16,1.125,True,176,SUCCESS,MAX_ITER_NONCONVERGED,SUCCESS_CONVERGED,SUCCESS_CONVERGED,0.00010040453442312545,,9.776127456458254e-06,0.9776127456458253,142030.57298818365,112151.22585966872,0.21037264371946712,0,0.0,1.0000000005556333,637.3563286314185,0.8939833412744259,False,scenarios/pendigits_fold_4_outliers_severe_X_tgt.npy
candidate,pendigits,4,outliers_severe,4,10,False,2198,16,1.125,True,205,SUCCESS,MAX_ITER_NONCONVERGED,SUCCESS_CONVERGED,SUCCESS_CONVERGED,0.00018303486610359083,,9.664009766689738e-06,0.9664009766689737,137317.13250870732,115157.42965762666,0.16137609667661465,0,0.0,1.000000000025418,704.4187601920568,0.893563988394281,False,scenarios/pendigits_fold_4_outliers_severe_X_tgt.npy
candidate,satimage,0,class_prevalence_mild,1,6,True,1286,36,1.0555555555555556,True,25,SUCCESS,SUCCESS_CONVERGED,SUCCESS_CONVERGED,SUCCESS_CONVERGED,,,7.837739896764264e-06,0.7837739896764263,15236.867487840853,9875.23877303191,0.3518852361935659,0,0.10526315789473684,120.93760469616272,292.776428845037,0.9889170799719581,False,scenarios/satimage_fold_0_class_prevalence_mild_X_tgt.npy
candidate,satimage,0,class_prevalence_mild,2,6,True,1286,36,1.0555555555555556,True,30,SUCCESS,SUCCESS_CONVERGED,SUCCESS_CONVERGED,SUCCESS_CONVERGED,,,8.03254615472913e-06,0.803254615472913,14184.343086017261,9875.238773047515,0.3037930122557177,0,0.0,120.93755397607275,292.7757535567347,0.988916819055153,False,scenarios/satimage_fold_0_class_prevalence_mild_X_tgt.npy
candidate,satimage,0,outliers_severe,2,6,False,1286,36,1.0555555555555556,True,198,SUCCESS,MAX_ITER_NONCONVERGED,SUCCESS_CONVERGED,SUCCESS_CONVERGED,0.00022858136308483696,,9.773044075573455e-06,0.9773044075573454,195048.07122578548,161929.03612101678,0.16979934688218717,0,0.0,7.158670023153127,586.864830372657,0.9495586142177778,False,scenarios/satimage_fold_0_outliers_severe_X_tgt.npy
candidate,satimage,1,outliers_severe,3,6,False,1286,36,1.0555555555555556,False,600,MAX_ITER_REACHED,MAX_ITER_NONCONVERGED,MAX_ITER_NONCONVERGED,MAX_ITER_NONCONVERGED,0.016452507490616948,0.005064739726642395,0.0015308568953749308,153.08568953749307,193727.56992590058,170261.7435895975,0.12112796513825368,0,0.0,1.0000000040125083,564.715443761717,0.9462429720580839,False,scenarios/satimage_fold_1_outliers_severe_X_tgt.npy
candidate,satimage,1,outliers_severe,4,6,False,1286,36,1.0555555555555556,True,541,SUCCESS,MAX_ITER_NONCONVERGED,MAX_ITER_NONCONVERGED,SUCCESS_CONVERGED,0.01109281277364253,0.0016432158645280977,9.90098119769421e-06,0.990098119769421,190245.46285308915,171121.31064486463,0.1005235653004378,0,0.0,1.000000033595656,562.8357587796276,0.9473805724186536,False,scenarios/satimage_fold_1_outliers_severe_X_tgt.npy
candidate,satimage,3,measurement_noise_mild,1,6,False,1286,36,1.0555555555555556,True,152,SUCCESS,MAX_ITER_NEAR_CONVERGED,SUCCESS_CONVERGED,SUCCESS_CONVERGED,1.0846877689164705e-05,,9.71735105375622e-06,0.9717351053756219,14070.286902546728,10114.934994499357,0.28111380638098077,0,0.0,107.91423129616201,293.32384002816076,0.9819312702611122,False,scenarios/satimage_fold_3_measurement_noise_mild_X_tgt.npy
candidate,satimage,3,measurement_noise_mild,3,6,False,1286,36,1.0555555555555556,True,158,SUCCESS,MAX_ITER_NEAR_CONVERGED,SUCCESS_CONVERGED,SUCCESS_CONVERGED,1.533760830750103e-05,,9.87952460120641e-06,0.9879524601206409,17149.754113593972,10114.934994512238,0.4101994158333439,0,0.0,107.91423073920119,293.32374145740414,0.9819312844480699,False,scenarios/satimage_fold_3_measurement_noise_mild_X_tgt.npy
candidate,satimage,3,measurement_noise_mild,4,6,False,1286,36,1.0555555555555556,True,159,SUCCESS,MAX_ITER_NEAR_CONVERGED,SUCCESS_CONVERGED,SUCCESS_CONVERGED,1.6139188133463102e-05,,9.839989250122323e-06,0.9839989250122322,17138.028516611143,10114.934994509042,0.40979588260662086,0,0.0,107.91423084031305,293.3237687279803,0.9819312806159235,False,scenarios/satimage_fold_3_measurement_noise_mild_X_tgt.npy
candidate,satimage,3,outliers_severe,5,6,False,1286,36,1.0555555555555556,True,191,SUCCESS,MAX_ITER_NONCONVERGED,SUCCESS_CONVERGED,SUCCESS_CONVERGED,0.00026729090840545925,,9.704672743242731e-06,0.970467274324273,189343.19857070153,159411.56879046292,0.15808135706053375,0,0.0,1.0,561.9986543386934,0.9558587334949977,False,scenarios/satimage_fold_3_outliers_severe_X_tgt.npy
candidate,satimage,4,mcar_mild,1,6,False,1286,36,1.0555555555555556,True,185,SUCCESS,MAX_ITER_NONCONVERGED,SUCCESS_CONVERGED,SUCCESS_CONVERGED,0.06744792194808273,,7.579048583441363e-06,0.7579048583441362,22620.214325734516,12012.882477354833,0.4689315359983993,0,0.0,113.14256910762751,309.231792534852,0.9842433567638216,False,scenarios/satimage_fold_4_mcar_mild_X_tgt.npy
candidate,satimage,4,outliers_mild,3,6,False,1286,36,1.0555555555555556,True,212,SUCCESS,MAX_ITER_NONCONVERGED,SUCCESS_CONVERGED,SUCCESS_CONVERGED,0.00022076336478215643,,9.800513476563751e-06,0.980051347656375,74315.26919918247,60683.58168752653,0.18343050706201167,0,0.0,1.0000000295410145,428.34461641798976,0.9657119314196666,False,scenarios/satimage_fold_4_outliers_mild_X_tgt.npy
candidate,sonar,0,class_prevalence_mild,1,2,True,42,60,1.0333333333333334,True,6,SUCCESS,SUCCESS_CONVERGED,SUCCESS_CONVERGED,SUCCESS_CONVERGED,,,6.934266453647481e-06,0.6934266453647481,3966.1086042109846,2316.6148830039997,0.41589726500571567,0,,15.007823729734122,26.990507391724353,0.9997811245572089,False,scenarios/sonar_fold_0_class_prevalence_mild_X_tgt.npy
candidate,sonar,0,class_prevalence_mild,2,2,True,42,60,1.0333333333333334,True,5,SUCCESS,SUCCESS_CONVERGED,SUCCESS_CONVERGED,SUCCESS_CONVERGED,,,3.390904537015321e-06,0.33909045370153207,4133.70643249432,2316.614883003963,0.4395792442362449,0,,15.007823960538753,26.990507121517272,0.9997811183301218,False,scenarios/sonar_fold_0_class_prevalence_mild_X_tgt.npy
candidate,sonar,4,measurement_noise_mild,5,2,False,41,60,1.0333333333333334,True,237,SUCCESS,MAX_ITER_NONCONVERGED,SUCCESS_CONVERGED,SUCCESS_CONVERGED,0.00010852248182889334,,2.0458517975512936e-06,0.20458517975512935,3733.409471998107,2406.4477070657276,0.3554289383163199,0,0.631578947368421,9.978665658919281,31.0176068732929,0.9994918153827593,False,scenarios/sonar_fold_4_measurement_noise_mild_X_tgt.npy
candidate,spambase,0,class_prevalence_mild,1,2,True,921,57,1.0350877192982457,True,38,SUCCESS,SUCCESS_CONVERGED,SUCCESS_CONVERGED,SUCCESS_CONVERGED,,,8.496094852757245e-06,0.8496094852757244,56127.47792546949,42751.10833387628,0.23832123027789373,0,0.0,233.5040919974488,685.4742692803583,0.9725552716010833,False,scenarios/spambase_fold_0_class_prevalence_mild_X_tgt.npy
candidate,spambase,0,class_prevalence_mild,2,2,True,921,57,1.0350877192982457,True,9,SUCCESS,SUCCESS_CONVERGED,SUCCESS_CONVERGED,SUCCESS_CONVERGED,,,1.810607134806495e-06,0.18106071348064948,72225.22628805254,43973.9407401115,0.39115537603534445,0,,8.037915646760162,912.9534898451097,0.9999501082735865,False,scenarios/spambase_fold_0_class_prevalence_mild_X_tgt.npy
candidate,waveform,0,class_prevalence_mild,1,3,True,1000,40,1.05,True,17,SUCCESS,SUCCESS_CONVERGED,SUCCESS_CONVERGED,SUCCESS_CONVERGED,,,5.651351807340462e-06,0.5651351807340462,59018.98589021201,30999.831312741553,0.47474815357878397,0,,290.04581444124074,401.7247915234547,0.9609611972195705,False,scenarios/waveform_fold_0_class_prevalence_mild_X_tgt.npy
candidate,waveform,0,class_prevalence_mild,2,3,True,1000,40,1.05,True,25,SUCCESS,SUCCESS_CONVERGED,SUCCESS_CONVERGED,SUCCESS_CONVERGED,,,6.6447209846982465e-06,0.6644720984698246,52970.95933678319,30999.831312749062,0.414776856963157,0,0.0,290.04540606475894,401.7251108501763,0.9609611954309574,False,scenarios/waveform_fold_0_class_prevalence_mild_X_tgt.npy
candidate,waveform,2,outliers_severe,2,3,False,1000,40,1.05,True,163,SUCCESS,MAX_ITER_NEAR_CONVERGED,SUCCESS_CONVERGED,SUCCESS_CONVERGED,2.4111392989165295e-05,,9.953917894571997e-06,0.9953917894571996,209340.69337101304,178051.7807530791,0.14946407272321782,0,0.0,35.26399583041112,499.1798272718726,0.9241145636977804,False,scenarios/waveform_fold_2_outliers_severe_X_tgt.npy
candidate,waveform,2,outliers_severe,4,3,False,1000,40,1.05,True,205,SUCCESS,MAX_ITER_NONCONVERGED,SUCCESS_CONVERGED,SUCCESS_CONVERGED,0.0001371430505537701,,9.64400810895319e-06,0.9644008108953189,221428.86050371686,178087.1831271624,0.1957363519730841,0,0.0,29.360155141577792,496.04608600811224,0.9247309471858323,False,scenarios/waveform_fold_2_outliers_severe_X_tgt.npy
candidate,waveform,3,outliers_severe,4,3,False,1000,40,1.05,True,456,SUCCESS,MAX_ITER_NONCONVERGED,MAX_ITER_NONCONVERGED,SUCCESS_CONVERGED,0.002965858519732997,0.0001595196415909104,9.97251690654552e-06,0.9972516906545519,186643.06920922548,163154.59046037454,0.12584704510254557,0,0.0,35.410607673399944,501.3853804431034,0.9260689890349627,False,scenarios/waveform_fold_3_outliers_severe_X_tgt.npy
source,breast_cancer_wisconsin_diagnostic,0,source,1,2,True,455,30,1.0666666666666667,True,17,SUCCESS,SUCCESS_CONVERGED,SUCCESS_CONVERGED,SUCCESS_CONVERGED,,,4.115323328240908e-06,0.4115323328240908,18320.894685546104,9209.680827130247,0.49731271396936544,0,,149.7777385872716,304.5454902618754,0.9902557827965417,False,datasets/breast_cancer_wisconsin_diagnostic_fold_0_X_src.npy
source,breast_cancer_wisconsin_diagnostic,0,source,2,2,True,455,30,1.0666666666666667,True,12,SUCCESS,SUCCESS_CONVERGED,SUCCESS_CONVERGED,SUCCESS_CONVERGED,,,9.619365521661287e-06,0.9619365521661286,13750.65741740698,9209.680827138607,0.3302370535767943,0,,149.77750636769971,304.5457183159881,0.9902557003999786,False,datasets/breast_cancer_wisconsin_diagnostic_fold_0_X_src.npy
source,glass,0,source,1,6,True,171,9,1.2222222222222223,True,48,SUCCESS,SUCCESS_CONVERGED,SUCCESS_CONVERGED,SUCCESS_CONVERGED,,,9.186273692050214e-06,0.9186273692050213,867.138143327541,563.7305450268118,0.3498953432453543,0,0.0,2.034867018640607,78.09159521917664,0.9279529755940138,False,datasets/glass_fold_0_X_src.npy
source,glass,0,source,2,6,True,171,9,1.2222222222222223,True,57,SUCCESS,SUCCESS_CONVERGED,SUCCESS_CONVERGED,SUCCESS_CONVERGED,,,9.199456192746493e-06,0.9199456192746492,758.419740395741,605.8284270868824,0.2011963892570056,0,0.0,2.003688593374881,88.20262374750664,0.9315427439159163,False,datasets/glass_fold_0_X_src.npy
source,glass,3,source,1,6,False,171,9,1.2222222222222223,True,363,SUCCESS,MAX_ITER_NONCONVERGED,MAX_ITER_NEAR_CONVERGED,SUCCESS_CONVERGED,0.0010350149442952025,3.7336660901152595e-05,9.893206580965237e-06,0.9893206580965236,871.3757950105389,577.2493633535103,0.33754257731415566,0,0.0,2.0266078352466406,74.95883410549817,0.9239527459051655,False,datasets/glass_fold_3_X_src.npy
source,glass,3,source,2,6,False,171,9,1.2222222222222223,True,396,SUCCESS,MAX_ITER_NONCONVERGED,MAX_ITER_NEAR_CONVERGED,SUCCESS_CONVERGED,0.002476907525222945,7.464078992385922e-05,9.819367408188095e-06,0.9819367408188094,842.1843062923871,577.2493633528485,0.31458071702366686,0,0.0,2.026607835731234,74.95883236402123,0.9239527691877305,False,datasets/glass_fold_3_X_src.npy
source,glass,3,source,3,6,False,171,9,1.2222222222222223,True,563,SUCCESS,MAX_ITER_NONCONVERGED,MAX_ITER_NONCONVERGED,SUCCESS_CONVERGED,0.0041098184370586665,0.001607930305309555,9.945335906286761e-06,0.9945335906286761,809.3191695846881,577.2493633541101,0.2867469534295937,0,0.0,2.0266079652494757,74.95836525731279,0.9239590081384195,False,datasets/glass_fold_3_X_src.npy
source,glass,3,source,5,6,False,171,9,1.2222222222222223,True,547,SUCCESS,MAX_ITER_NONCONVERGED,MAX_ITER_NONCONVERGED,SUCCESS_CONVERGED,0.004024112338299212,0.0012829390722024464,9.912777191371145e-06,0.9912777191371144,804.6748061213456,577.2493633538148,0.2826302514226285,0,0.0,2.0266079650364364,74.95836602836683,0.9239589978496303,False,datasets/glass_fold_3_X_src.npy
source,human_activity_recognition,0,source,1,6,True,8232,561,1.01,True,45,SUCCESS,SUCCESS_CONVERGED,SUCCESS_CONVERGED,SUCCESS_CONVERGED,,,9.929079021103347e-06,0.9929079021103346,3487196.104772823,2046739.5874605249,0.4130701211041121,0,0.0,243.40021399421101,2076.0718097546824,0.9937394309206837,False,datasets/human_activity_recognition_fold_0_X_src.npy
source,human_activity_recognition,0,source,2,6,True,8232,561,1.01,True,55,SUCCESS,SUCCESS_CONVERGED,SUCCESS_CONVERGED,SUCCESS_CONVERGED,,,9.56498357085374e-06,0.956498357085374,3310042.6834355667,2046739.5874605442,0.3816576451708509,0,0.0,243.40009708689965,2076.0720748617828,0.9937396784325796,False,datasets/human_activity_recognition_fold_0_X_src.npy
source,human_activity_recognition,1,source,5,6,False,8250,561,1.01,True,189,SUCCESS,MAX_ITER_NONCONVERGED,SUCCESS_CONVERGED,SUCCESS_CONVERGED,0.09290721823355459,,8.53515154177127e-06,0.853515154177127,3456879.4856027965,2079197.4433023878,0.39853343110113487,0,0.0,232.46764121726034,2061.0651560692113,0.9940183672777586,False,datasets/human_activity_recognition_fold_1_X_src.npy
source,human_activity_recognition,4,source,1,6,False,8244,561,1.01,True,384,SUCCESS,MAX_ITER_NONCONVERGED,MAX_ITER_NONCONVERGED,SUCCESS_CONVERGED,0.0017487764006296777,0.010847162847374308,9.86685009360228e-06,0.986685009360228,3340998.347635301,2043733.5206754294,0.38828658142798916,0,0.0,278.6232147833143,2810.8679925314095,0.9902258190377309,False,datasets/human_activity_recognition_fold_4_X_src.npy
source,iris,0,source,1,3,True,120,4,1.5,True,36,SUCCESS,SUCCESS_CONVERGED,SUCCESS_CONVERGED,SUCCESS_CONVERGED,,,5.893373006012593e-06,0.5893373006012592,185.9670351920912,104.69279960799112,0.43703571173326156,0,0.0,29.97357002363118,42.40102111097483,0.932006073148906,False,datasets/iris_fold_0_X_src.npy
source,iris,0,source,2,3,True,120,4,1.5,True,19,SUCCESS,SUCCESS_CONVERGED,SUCCESS_CONVERGED,SUCCESS_CONVERGED,,,7.661715746068564e-06,0.7661715746068564,172.48481534513593,104.69279960916224,0.39303179007569045,0,,29.97312943240645,42.40154089434934,0.9320079149426354,False,datasets/iris_fold_0_X_src.npy
source,iris,1,source,1,3,False,120,4,1.5,True,198,SUCCESS,MAX_ITER_NONCONVERGED,SUCCESS_CONVERGED,SUCCESS_CONVERGED,0.002332499353456807,,7.253629917449511e-06,0.7253629917449511,181.3571175388933,104.16629719151894,0.4256288443204897,0,0.0,32.1494905863404,40.8076889684896,0.9292478072445168,False,datasets/iris_fold_1_X_src.npy
source,letter_recognition,0,source,1,26,False,16000,16,1.125,True,216,SUCCESS,MAX_ITER_NONCONVERGED,SUCCESS_CONVERGED,SUCCESS_CONVERGED,0.0003391050753722602,,9.749596125496257e-06,0.9749596125496256,131897.93905295565,93849.24681327744,0.288470710860782,0,0.0,189.34165109370258,1033.8379258307527,0.8645714301793502,False,datasets/letter_recognition_fold_0_X_src.npy
source,letter_recognition,0,source,2,26,False,16000,16,1.125,True,301,SUCCESS,MAX_ITER_NONCONVERGED,MAX_ITER_NEAR_CONVERGED,SUCCESS_CONVERGED,0.0028801443647500456,1.0042456826350482e-05,9.673594807373522e-06,0.9673594807373521,126496.22007563486,94009.89493836116,0.25681656825673854,0,0.0,188.15585458078996,1033.2968172418068,0.8659802561512453,False,datasets/letter_recognition_fold_0_X_src.npy
source,letter_recognition,0,source,3,26,False,16000,16,1.125,True,408,SUCCESS,MAX_ITER_NONCONVERGED,MAX_ITER_NONCONVERGED,SUCCESS_CONVERGED,0.024431190990919702,0.0005078170379765814,9.667633994448775e-06,0.9667633994448774,132122.1634252418,94048.96720790991,0.288166612098164,0,0.0,178.40890807996766,1017.2159311082786,0.8684356783909455,False,datasets/letter_recognition_fold_0_X_src.npy
source,letter_recognition,0,source,4,26,False,16000,16,1.125,False,600,MAX_ITER_REACHED,MAX_ITER_NONCONVERGED,MAX_ITER_NONCONVERGED,MAX_ITER_NONCONVERGED,0.048724783717901066,0.0012065581752271027,0.010825037486022872,1082.503748602287,127818.89143778286,93854.84907717552,0.26572005107038255,0,0.2631578947368421,191.52499924108454,1161.737258436298,0.8663908507517053,False,datasets/letter_recognition_fold_0_X_src.npy
source,letter_recognition,0,source,5,26,False,16000,16,1.125,True,317,SUCCESS,MAX_ITER_NONCONVERGED,MAX_ITER_NEAR_CONVERGED,SUCCESS_CONVERGED,0.0023881035607677737,1.546730902567915e-05,9.99688927505609e-06,0.9996889275056089,132718.2514006134,94602.76598170787,0.2871909855401348,0,0.0,183.99589828938636,987.2459455919443,0.8657473983625554,False,datasets/letter_recognition_fold_0_X_src.npy
source,letter_recognition,1,source,1,26,False,16000,16,1.125,True,329,SUCCESS,MAX_ITER_NONCONVERGED,MAX_ITER_NEAR_CONVERGED,SUCCESS_CONVERGED,0.0012878049210738314,2.2485502999240274e-05,9.778839324155494e-06,0.9778839324155494,129455.45444693655,94953.6880900953,0.26651458221085184,0,0.0,155.12204619800147,1081.3378386078864,0.8648613298642797,False,datasets/letter_recognition_fold_1_X_src.npy
source,letter_recognition,1,source,2,26,False,16000,16,1.125,True,407,SUCCESS,MAX_ITER_NONCONVERGED,MAX_ITER_NEAR_CONVERGED,SUCCESS_CONVERGED,0.0025086090794538296,9.89907976661983e-05,9.869411221957275e-06,0.9869411221957274,130417.2983994951,94598.26088869598,0.27464943646569046,0,0.0,176.6080378818013,964.3660883008533,0.8676518658131978,False,datasets/letter_recognition_fold_1_X_src.npy
source,letter_recognition,1,source,3,26,False,16000,16,1.125,True,280,SUCCESS,MAX_ITER_NONCONVERGED,SUCCESS_CONVERGED,SUCCESS_CONVERGED,0.0043307662959802835,,9.881292581053493e-06,0.9881292581053492,133712.9187114272,94223.0184581208,0.2953334698985339,0,0.0,189.33193364732242,1073.7194510814127,0.8666150124531842,False,datasets/letter_recognition_fold_1_X_src.npy
source,letter_recognition,1,source,4,26,False,16000,16,1.125,False,600,MAX_ITER_REACHED,MAX_ITER_NONCONVERGED,MAX_ITER_NONCONVERGED,MAX_ITER_NONCONVERGED,0.003799124894090848,0.0016544647350896322,0.038416397344104986,3841.639734410498,130315.1202927004,94489.19561925856,0.27491763498336447,0,0.3684210526315789,151.59866342571246,1004.1431856927954,0.8671125182721695,False,datasets/letter_recognition_fold_1_X_src.npy
source,letter_recognition,1,source,5,26,False,16000,16,1.125,True,247,SUCCESS,MAX_ITER_NONCONVERGED,SUCCESS_CONVERGED,SUCCESS_CONVERGED,0.0003658300974909448,,9.957051402048325e-06,0.9957051402048324,131474.99368489557,94530.50493031359,0.28100011811467634,0,0.0,153.43437787738026,952.5356581158701,0.8673873986362969,False,datasets/letter_recognition_fold_1_X_src.npy
source,letter_recognition,2,source,1,26,False,16000,16,1.125,True,352,SUCCESS,MAX_ITER_NONCONVERGED,MAX_ITER_NEAR_CONVERGED,SUCCESS_CONVERGED,0.012165951815290238,6.233317376767565e-05,9.661504884071682e-06,0.9661504884071681,127814.52548182788,95053.87975643128,0.25631394868382434,0,0.0,153.72447530903818,1405.6894683680273,0.8754584345594149,False,datasets/letter_recognition_fold_2_X_src.npy
source,letter_recognition,2,source,2,26,False,16000,16,1.125,True,260,SUCCESS,MAX_ITER_NONCONVERGED,SUCCESS_CONVERGED,SUCCESS_CONVERGED,0.010800278066442669,,9.797674722944176e-06,0.9797674722944175,134160.91341669214,94340.90168837608,0.29680784599787696,0,0.0,185.88645064646673,962.9175185603831,0.8680096810551359,False,datasets/letter_recognition_fold_2_X_src.npy
source,letter_recognition,2,source,3,26,False,16000,16,1.125,True,483,SUCCESS,MAX_ITER_NONCONVERGED,MAX_ITER_NONCONVERGED,SUCCESS_CONVERGED,0.017695231702790193,0.019277940023303602,9.933284657543235e-06,0.9933284657543234,129847.76068165372,94214.70092978705,0.2744218272599081,0,0.0,183.07853651438808,978.1660602488625,0.8699459802624822,False,datasets/letter_recognition_fold_2_X_src.npy
source,letter_recognition,2,source,4,26,False,16000,16,1.125,True,152,SUCCESS,MAX_ITER_NEAR_CONVERGED,SUCCESS_CONVERGED,SUCCESS_CONVERGED,1.1721232364965877e-05,,9.958696483156581e-06,0.995869648315658,133067.54227342195,95798.97493795588,0.28007256088707255,0,0.0,119.23341215985855,1088.7174232838488,0.8646863189631495,False,datasets/letter_recognition_fold_2_X_src.npy
source,letter_recognition,2,source,5,26,False,16000,16,1.125,True,405,SUCCESS,MAX_ITER_NONCONVERGED,MAX_ITER_NONCONVERGED,SUCCESS_CONVERGED,0.016111765062253574,0.0012957618838580615,9.96661526770217e-06,0.996661526770217,135975.7652711242,93958.65417598569,0.3090044098031729,0,0.0,183.1487181390029,982.7115619281025,0.8701979081192388,False,datasets/letter_recognition_fold_2_X_src.npy
source,letter_recognition,3,source,1,26,False,16000,16,1.125,True,428,SUCCESS,MAX_ITER_NONCONVERGED,MAX_ITER_NONCONVERGED,SUCCESS_CONVERGED,0.006656422112097285,0.0032702012762344367,9.66195589292198e-06,0.966195589292198,128671.47511840629,94147.05124397678,0.2683145105988673,0,0.0,145.06392766789415,1000.7500730549923,0.8649297921360689,False,datasets/letter_recognition_fold_3_X_src.npy
source,letter_recognition,3,source,2,26,False,16000,16,1.125,True,151,SUCCESS,MAX_ITER_NEAR_CONVERGED,SUCCESS_CONVERGED,SUCCESS_CONVERGED,1.0607878707629827e-05,,9.920803120598936e-06,0.9920803120598936,130186.8906155008,94855.31038943454,0.27139122886355715,0,0.0,275.1567230673266,1001.1447729281372,0.8685546836332692,False,datasets/letter_recognition_fold_3_X_src.npy
source,letter_recognition,3,source,3,26,False,16000,16,1.125,True,195,SUCCESS,MAX_ITER_NEAR_CONVERGED,SUCCESS_CONVERGED,SUCCESS_CONVERGED,7.639563356897729e-05,,9.980596366190691e-06,0.998059636619069,130800.94916808697,95470.63267438226,0.2701074932438232,0,0.0,139.65253695585145,1088.65095018036,0.8657350215654885,False,datasets/letter_recognition_fold_3_X_src.npy
source,letter_recognition,3,source,4,26,False,16000,16,1.125,True,214,SUCCESS,MAX_ITER_NONCONVERGED,SUCCESS_CONVERGED,SUCCESS_CONVERGED,0.00014358191090358855,,9.665400042969643e-06,0.9665400042969643,133449.49174851493,94494.48706463576,0.2919082281503907,0,0.0,201.31816720846257,970.0834016278513,0.8622265230980722,False,datasets/letter_recognition_fold_3_X_src.npy
source,letter_recognition,3,source,5,26,False,16000,16,1.125,True,286,SUCCESS,MAX_ITER_NONCONVERGED,SUCCESS_CONVERGED,SUCCESS_CONVERGED,0.046084299406090476,,9.725023729290167e-06,0.9725023729290166,132588.3636964613,93975.30782866939,0.2912250727838379,0,0.0,208.49368171114745,1010.4946017346582,0.8674578550812205,False,datasets/letter_recognition_fold_3_X_src.npy
source,letter_recognition,4,source,1,26,False,16000,16,1.125,True,235,SUCCESS,MAX_ITER_NONCONVERGED,SUCCESS_CONVERGED,SUCCESS_CONVERGED,0.00040431200952826873,,9.825144160662706e-06,0.9825144160662705,129566.70305082972,95234.73912696834,0.2649752067118105,0,0.0,265.89260884138076,953.6481472874193,0.863397427040659,False,datasets/letter_recognition_fold_4_X_src.npy
source,letter_recognition,4,source,2,26,False,16000,16,1.125,True,199,SUCCESS,MAX_ITER_NONCONVERGED,SUCCESS_CONVERGED,SUCCESS_CONVERGED,0.00011250245911674568,,9.705456887029203e-06,0.9705456887029202,130173.16257148035,94264.85990121616,0.27585027482562946,0,0.0,175.29744127472225,1107.3726926649497,0.8650350866964264,False,datasets/letter_recognition_fold_4_X_src.npy
source,letter_recognition,4,source,3,26,False,16000,16,1.125,True,311,SUCCESS,MAX_ITER_NONCONVERGED,MAX_ITER_NEAR_CONVERGED,SUCCESS_CONVERGED,0.0016647162984327834,1.401702693249384e-05,9.828669332804937e-06,0.9828669332804936,127852.32331670409,94555.12885021762,0.2604348016735347,0,0.0,266.15020389329317,977.1704752989325,0.8655467745850645,False,datasets/letter_recognition_fold_4_X_src.npy
source,letter_recognition,4,source,4,26,False,16000,16,1.125,False,600,MAX_ITER_REACHED,MAX_ITER_NONCONVERGED,MAX_ITER_NONCONVERGED,MAX_ITER_NEAR_CONVERGED,0.0059521958146056,0.03486089333014051,1.9364942817927926e-05,1.9364942817927924,131863.37972480123,94366.81017077775,0.28435923326308477,0,0.0,170.8692678788639,969.5678207056495,0.8681155984512363,False,datasets/letter_recognition_fold_4_X_src.npy
source,letter_recognition,4,source,5,26,False,16000,16,1.125,True,224,SUCCESS,MAX_ITER_NONCONVERGED,SUCCESS_CONVERGED,SUCCESS_CONVERGED,0.001285848876084579,,9.548730864520628e-06,0.9548730864520627,130242.5490241331,94122.84026117896,0.2773264884140235,0,0.0,163.8404759963917,945.3230149710686,0.8699249425788105,False,datasets/letter_recognition_fold_4_X_src.npy
source,madelon,0,source,1,2,True,2080,500,1.01,True,35,SUCCESS,SUCCESS_CONVERGED,SUCCESS_CONVERGED,SUCCESS_CONVERGED,,,7.738311218027047e-06,0.7738311218027046,1994434.462439655,1029330.9094655673,0.4838983537185487,0,0.0,1031.1475790225452,1043.330242591442,0.884437679531123,False,datasets/madelon_fold_0_X_src.npy
source,madelon,0,source,2,2,True,2080,500,1.01,True,31,SUCCESS,SUCCESS_CONVERGED,SUCCESS_CONVERGED,SUCCESS_CONVERGED,,,9.35278018598965e-06,0.9352780185989649,1922447.19365892,1029330.9094655998,0.46457259639651594,0,0.0,1031.150329951424,1043.3274903355546,0.8844377762025832,False,datasets/madelon_fold_0_X_src.npy
source,mice_protein_expression,0,source,1,8,True,855,77,1.025974025974026,True,91,SUCCESS,SUCCESS_CONVERGED,SUCCESS_CONVERGED,SUCCESS_CONVERGED,,,9.445070833910908e-06,0.9445070833910907,55238.31910108014,37991.56510192315,0.3122244536007205,0,0.0,63.16221496647703,181.0999563668709,0.9883431450641474,False,datasets/mice_protein_expression_fold_0_X_src.npy
source,mice_protein_expression,0,source,2,8,True,855,77,1.025974025974026,True,96,SUCCESS,SUCCESS_CONVERGED,SUCCESS_CONVERGED,SUCCESS_CONVERGED,,,9.647941458174489e-06,0.9647941458174488,55081.73618800818,37756.48154014232,0.3145371923050918,0,0.0,55.43032868609732,165.26677870446292,0.9892467114966901,False,datasets/mice_protein_expression_fold_0_X_src.npy
source,mice_protein_expression,3,source,3,8,False,870,77,1.025974025974026,True,220,SUCCESS,MAX_ITER_NONCONVERGED,SUCCESS_CONVERGED,SUCCESS_CONVERGED,0.31803666459146135,,8.89629157140231e-06,0.8896291571402308,58538.45057937065,36815.335219982444,0.37109139624278986,0,0.0,15.000000007438096,187.41238589364056,0.9883589995902213,False,datasets/mice_protein_expression_fold_3_X_src.npy
source,mice_protein_expression,4,source,4,8,False,870,77,1.025974025974026,True,168,SUCCESS,MAX_ITER_NONCONVERGED,SUCCESS_CONVERGED,SUCCESS_CONVERGED,0.0022561117437596657,,9.188628353495098e-06,0.9188628353495097,61364.749963136856,38176.40026148256,0.3778773598129878,0,0.0,73.60833080758432,163.61069715586913,0.9888470696583387,False,datasets/mice_protein_expression_fold_4_X_src.npy
source,pendigits,0,source,1,10,True,8793,16,1.125,True,88,SUCCESS,SUCCESS_CONVERGED,SUCCESS_CONVERGED,SUCCESS_CONVERGED,,,9.237670573262935e-06,0.9237670573262934,71395.86971420178,46749.507844539665,0.3452071102757301,0,0.0,551.5087220445101,1196.284611894024,0.9459367200295067,False,datasets/pendigits_fold_0_X_src.npy
source,pendigits,0,source,2,10,True,8793,16,1.125,True,72,SUCCESS,SUCCESS_CONVERGED,SUCCESS_CONVERGED,SUCCESS_CONVERGED,,,8.745405322006991e-06,0.874540532200699,69855.41988304432,46496.44254200785,0.33439033621364417,0,0.0,366.4093727950764,1876.1631177803474,0.9539942022552221,False,datasets/pendigits_fold_0_X_src.npy
source,pendigits,4,source,3,10,False,8794,16,1.125,True,197,SUCCESS,MAX_ITER_NEAR_CONVERGED,SUCCESS_CONVERGED,SUCCESS_CONVERGED,9.479039493776059e-05,,9.701252585827832e-06,0.9701252585827832,73501.48386829431,47227.42336039459,0.35746299428430084,0,0.0,539.2348323398516,1249.7760310756194,0.9430822833860217,False,datasets/pendigits_fold_4_X_src.npy
source,pendigits,4,source,4,10,False,8794,16,1.125,True,162,SUCCESS,MAX_ITER_NEAR_CONVERGED,SUCCESS_CONVERGED,SUCCESS_CONVERGED,1.7781225260188132e-05,,9.89539344990502e-06,0.989539344990502,70662.93281559137,47227.423360464294,0.33165209143365987,0,0.0,539.2363182319081,1249.8716066529896,0.9430834697507454,False,datasets/pendigits_fold_4_X_src.npy
source,satimage,0,source,1,6,True,5144,36,1.0555555555555556,True,53,SUCCESS,SUCCESS_CONVERGED,SUCCESS_CONVERGED,SUCCESS_CONVERGED,,,9.243129704576262e-06,0.9243129704576261,75356.76151370289,38868.08667228762,0.48421235345656616,0,0.0,455.4747501596219,1214.12622156319,0.9853897957309259,False,datasets/satimage_fold_0_X_src.npy
source,satimage,0,source,2,6,True,5144,36,1.0555555555555556,True,50,SUCCESS,SUCCESS_CONVERGED,SUCCESS_CONVERGED,SUCCESS_CONVERGED,,,9.499621765924657e-06,0.9499621765924656,71668.65269070643,45330.251724878355,0.36750238740351654,0,0.0,225.92693958086497,1571.8648450783483,0.9851729535410353,False,datasets/satimage_fold_0_X_src.npy
source,sonar,0,source,1,2,True,166,60,1.0333333333333334,True,75,SUCCESS,SUCCESS_CONVERGED,SUCCESS_CONVERGED,SUCCESS_CONVERGED,,,8.579458803386481e-06,0.857945880338648,14023.464442900211,8616.99140440577,0.38553048431848996,0,0.0,75.54060060469841,90.26950812773315,0.9867438136082194,False,datasets/sonar_fold_0_X_src.npy
source,sonar,0,source,2,2,True,166,60,1.0333333333333334,True,65,SUCCESS,SUCCESS_CONVERGED,SUCCESS_CONVERGED,SUCCESS_CONVERGED,,,8.588442487243394e-06,0.8588442487243394,19368.602457573652,8630.01569330233,0.5544327107644383,0,0.0,36.42621092146731,129.46095343654372,0.9922865085709125,False,datasets/sonar_fold_0_X_src.npy
source,sonar,4,source,4,2,False,167,60,1.0333333333333334,True,167,SUCCESS,MAX_ITER_NONCONVERGED,SUCCESS_CONVERGED,SUCCESS_CONVERGED,0.061826930861479786,,8.873027459607955e-06,0.8873027459607954,14107.37791597523,8603.038215071912,0.3901745408457648,0,0.0,73.18500277169055,93.66865954315017,0.9915988908537684,False,datasets/sonar_fold_4_X_src.npy
source,spambase,0,source,1,2,True,3680,57,1.0350877192982457,True,31,SUCCESS,SUCCESS_CONVERGED,SUCCESS_CONVERGED,SUCCESS_CONVERGED,,,8.427313734521527e-06,0.8427313734521527,232073.03151218337,199487.6189403525,0.14041016467749382,0,0.0,1323.1359000554253,2344.4570913710045,0.9587860169394071,False,datasets/spambase_fold_0_X_src.npy
source,spambase,0,source,2,2,True,3680,57,1.0350877192982457,True,47,SUCCESS,SUCCESS_CONVERGED,SUCCESS_CONVERGED,SUCCESS_CONVERGED,,,9.97075817076046e-06,0.9970758170760459,236435.0489027085,192093.66074741486,0.18754151874301786,0,0.0,27.338779584439077,3652.624791596122,0.9999012230702219,False,datasets/spambase_fold_0_X_src.npy
source,waveform,0,source,1,3,True,4000,40,1.05,True,19,SUCCESS,SUCCESS_CONVERGED,SUCCESS_CONVERGED,SUCCESS_CONVERGED,,,6.020425066419694e-06,0.6020425066419693,236910.0771877913,125868.70792676318,0.4687068215043004,0,,1164.2520222113596,1412.1473197390458,0.963948982678834,False,datasets/waveform_fold_0_X_src.npy
source,waveform,0,source,2,3,True,4000,40,1.05,True,22,SUCCESS,SUCCESS_CONVERGED,SUCCESS_CONVERGED,SUCCESS_CONVERGED,,,5.342087078369387e-06,0.5342087078369386,227286.52363995468,125868.70792675231,0.446211302320144,0,0.0,1164.2520000639008,1412.1475195046958,0.9639489815683678,False,datasets/waveform_fold_0_X_src.npy
