grouping_level,n_rows,source_converged_count,source_convergence_rate,candidate_converged_count,candidate_convergence_rate,both_converged_count,both_convergence_rate,usable_count,usable_nonconverged_count,dataset_id,outer_fold,condition,severity,seed
overall,4500,3945,0.8766666666666667,4071,0.9046666666666666,3865,0.8588888888888889,4500,635,,,,,
dataset,375,375,1.0,375,1.0,375,1.0,375,0,breast_cancer_wisconsin_diagnostic,,,,
dataset,375,315,0.84,371,0.9893333333333333,313,0.8346666666666667,375,62,glass,,,,
dataset,375,345,0.92,363,0.968,334,0.8906666666666667,375,41,human_activity_recognition,,,,
dataset,375,360,0.96,373,0.9946666666666667,358,0.9546666666666667,375,17,iris,,,,
dataset,375,0,0.0,31,0.08266666666666667,0,0.0,375,375,letter_recognition,,,,
dataset,375,375,1.0,362,0.9653333333333334,362,0.9653333333333334,375,13,madelon,,,,
dataset,375,345,0.92,372,0.992,342,0.912,375,33,mice_protein_expression,,,,
dataset,375,345,0.92,337,0.8986666666666666,309,0.824,375,66,pendigits,,,,
dataset,375,375,1.0,366,0.976,366,0.976,375,9,satimage,,,,
dataset,375,360,0.96,374,0.9973333333333333,359,0.9573333333333334,375,16,sonar,,,,
dataset,375,375,1.0,375,1.0,375,1.0,375,0,spambase,,,,
dataset,375,375,1.0,372,0.992,372,0.992,375,3,waveform,,,,
fold,900,825,0.9166666666666666,817,0.9077777777777778,810,0.9,900,90,,0.0,,,
fold,900,795,0.8833333333333333,812,0.9022222222222223,779,0.8655555555555555,900,121,,1.0,,,
fold,900,825,0.9166666666666666,817,0.9077777777777778,810,0.9,900,90,,2.0,,,
fold,900,750,0.8333333333333334,806,0.8955555555555555,731,0.8122222222222222,900,169,,3.0,,,
fold,900,750,0.8333333333333334,819,0.91,735,0.8166666666666667,900,165,,4.0,,,
condition,300,263,0.8766666666666667,267,0.89,251,0.8366666666666667,300,49,,,class_prevalence_mild,,
condition,300,263,0.8766666666666667,278,0.9266666666666666,260,0.8666666666666667,300,40,,,class_prevalence_severe,,
condition,300,263,0.8766666666666667,274,0.9133333333333333,261,0.87,300,39,,,clean,,
condition,300,263,0.8766666666666667,274,0.9133333333333333,260,0.8666666666666667,300,40,,,local_overlap_mild,,
condition,300,263,0.8766666666666667,280,0.9333333333333333,259,0.8633333333333333,300,41,,,local_overlap_severe,,
condition,300,263,0.8766666666666667,274,0.9133333333333333,261,0.87,300,39,,,location_mild,,
condition,300,263,0.8766666666666667,274,0.9133333333333333,261,0.87,300,39,,,location_severe,,
condition,300,263,0.8766666666666667,272,0.9066666666666666,260,0.8666666666666667,300,40,,,mcar_mild,,
condition,300,263,0.8766666666666667,266,0.8866666666666667,254,0.8466666666666667,300,46,,,mcar_severe,,
condition,300,263,0.8766666666666667,269,0.8966666666666666,257,0.8566666666666667,300,43,,,measurement_noise_mild,,
condition,300,263,0.8766666666666667,271,0.9033333333333333,260,0.8666666666666667,300,40,,,measurement_noise_severe,,
condition,300,263,0.8766666666666667,273,0.91,260,0.8666666666666667,300,40,,,outliers_mild,,
condition,300,263,0.8766666666666667,252,0.84,240,0.8,300,60,,,outliers_severe,,
condition,300,263,0.8766666666666667,274,0.9133333333333333,261,0.87,300,39,,,scale_mild,,
condition,300,263,0.8766666666666667,273,0.91,260,0.8666666666666667,300,40,,,scale_severe,,
severity,2100,1841,0.8766666666666667,1903,0.9061904761904762,1810,0.861904761904762,2100,290,,,,mild,
severity,300,263,0.8766666666666667,274,0.9133333333333333,261,0.87,300,39,,,,none,
severity,2100,1841,0.8766666666666667,1894,0.9019047619047619,1794,0.8542857142857143,2100,306,,,,severe,
seed,900,780,0.8666666666666667,807,0.8966666666666666,757,0.8411111111111111,900,143,,,,,1.0
seed,900,810,0.9,811,0.9011111111111111,787,0.8744444444444445,900,113,,,,,2.0
seed,900,780,0.8666666666666667,814,0.9044444444444445,765,0.85,900,135,,,,,3.0
seed,900,780,0.8666666666666667,819,0.91,770,0.8555555555555555,900,130,,,,,4.0
seed,900,795,0.8833333333333333,820,0.9111111111111111,786,0.8733333333333333,900,114,,,,,5.0
dataset_fold,75,75,1.0,75,1.0,75,1.0,75,0,breast_cancer_wisconsin_diagnostic,0.0,,,
dataset_fold,75,75,1.0,75,1.0,75,1.0,75,0,breast_cancer_wisconsin_diagnostic,1.0,,,
dataset_fold,75,75,1.0,75,1.0,75,1.0,75,0,breast_cancer_wisconsin_diagnostic,2.0,,,
dataset_fold,75,75,1.0,75,1.0,75,1.0,75,0,breast_cancer_wisconsin_diagnostic,3.0,,,
dataset_fold,75,75,1.0,75,1.0,75,1.0,75,0,breast_cancer_wisconsin_diagnostic,4.0,,,
dataset_fold,75,75,1.0,74,0.9866666666666667,74,0.9866666666666667,75,1,glass,0.0,,,
dataset_fold,75,75,1.0,75,1.0,75,1.0,75,0,glass,1.0,,,
dataset_fold,75,75,1.0,74,0.9866666666666667,74,0.9866666666666667,75,1,glass,2.0,,,
dataset_fold,75,15,0.2,73,0.9733333333333334,15,0.2,75,60,glass,3.0,,,
dataset_fold,75,75,1.0,75,1.0,75,1.0,75,0,glass,4.0,,,
dataset_fold,75,75,1.0,69,0.92,69,0.92,75,6,human_activity_recognition,0.0,,,
dataset_fold,75,60,0.8,72,0.96,57,0.76,75,18,human_activity_recognition,1.0,,,
dataset_fold,75,75,1.0,75,1.0,75,1.0,75,0,human_activity_recognition,2.0,,,
dataset_fold,75,75,1.0,73,0.9733333333333334,73,0.9733333333333334,75,2,human_activity_recognition,3.0,,,
dataset_fold,75,60,0.8,74,0.9866666666666667,60,0.8,75,15,human_activity_recognition,4.0,,,
dataset_fold,75,75,1.0,75,1.0,75,1.0,75,0,iris,0.0,,,
dataset_fold,75,60,0.8,75,1.0,60,0.8,75,15,iris,1.0,,,
dataset_fold,75,75,1.0,75,1.0,75,1.0,75,0,iris,2.0,,,
dataset_fold,75,75,1.0,75,1.0,75,1.0,75,0,iris,3.0,,,
dataset_fold,75,75,1.0,73,0.9733333333333334,73,0.9733333333333334,75,2,iris,4.0,,,
dataset_fold,75,0,0.0,7,0.09333333333333334,0,0.0,75,75,letter_recognition,0.0,,,
dataset_fold,75,0,0.0,3,0.04,0,0.0,75,75,letter_recognition,1.0,,,
dataset_fold,75,0,0.0,7,0.09333333333333334,0,0.0,75,75,letter_recognition,2.0,,,
dataset_fold,75,0,0.0,2,0.02666666666666667,0,0.0,75,75,letter_recognition,3.0,,,
dataset_fold,75,0,0.0,12,0.16,0,0.0,75,75,letter_recognition,4.0,,,
dataset_fold,75,75,1.0,75,1.0,75,1.0,75,0,madelon,0.0,,,
dataset_fold,75,75,1.0,73,0.9733333333333334,73,0.9733333333333334,75,2,madelon,1.0,,,
dataset_fold,75,75,1.0,71,0.9466666666666667,71,0.9466666666666667,75,4,madelon,2.0,,,
dataset_fold,75,75,1.0,75,1.0,75,1.0,75,0,madelon,3.0,,,
dataset_fold,75,75,1.0,68,0.9066666666666666,68,0.9066666666666666,75,7,madelon,4.0,,,
dataset_fold,75,75,1.0,74,0.9866666666666667,74,0.9866666666666667,75,1,mice_protein_expression,0.0,,,
dataset_fold,75,75,1.0,74,0.9866666666666667,74,0.9866666666666667,75,1,mice_protein_expression,1.0,,,
dataset_fold,75,75,1.0,74,0.9866666666666667,74,0.9866666666666667,75,1,mice_protein_expression,2.0,,,
dataset_fold,75,60,0.8,75,1.0,60,0.8,75,15,mice_protein_expression,3.0,,,
dataset_fold,75,60,0.8,75,1.0,60,0.8,75,15,mice_protein_expression,4.0,,,
dataset_fold,75,75,1.0,69,0.92,69,0.92,75,6,pendigits,0.0,,,
dataset_fold,75,75,1.0,67,0.8933333333333333,67,0.8933333333333333,75,8,pendigits,1.0,,,
dataset_fold,75,75,1.0,68,0.9066666666666666,68,0.9066666666666666,75,7,pendigits,2.0,,,
dataset_fold,75,75,1.0,63,0.84,63,0.84,75,12,pendigits,3.0,,,
dataset_fold,75,45,0.6,70,0.9333333333333333,42,0.56,75,33,pendigits,4.0,,,
dataset_fold,75,75,1.0,74,0.9866666666666667,74,0.9866666666666667,75,1,satimage,0.0,,,
dataset_fold,75,75,1.0,73,0.9733333333333334,73,0.9733333333333334,75,2,satimage,1.0,,,
dataset_fold,75,75,1.0,75,1.0,75,1.0,75,0,satimage,2.0,,,
dataset_fold,75,75,1.0,71,0.9466666666666667,71,0.9466666666666667,75,4,satimage,3.0,,,
dataset_fold,75,75,1.0,73,0.9733333333333334,73,0.9733333333333334,75,2,satimage,4.0,,,
dataset_fold,75,75,1.0,75,1.0,75,1.0,75,0,sonar,0.0,,,
dataset_fold,75,75,1.0,75,1.0,75,1.0,75,0,sonar,1.0,,,
dataset_fold,75,75,1.0,75,1.0,75,1.0,75,0,sonar,2.0,,,
dataset_fold,75,75,1.0,75,1.0,75,1.0,75,0,sonar,3.0,,,
dataset_fold,75,60,0.8,74,0.9866666666666667,59,0.7866666666666666,75,16,sonar,4.0,,,
dataset_fold,75,75,1.0,75,1.0,75,1.0,75,0,spambase,0.0,,,
dataset_fold,75,75,1.0,75,1.0,75,1.0,75,0,spambase,1.0,,,
dataset_fold,75,75,1.0,75,1.0,75,1.0,75,0,spambase,2.0,,,
dataset_fold,75,75,1.0,75,1.0,75,1.0,75,0,spambase,3.0,,,
dataset_fold,75,75,1.0,75,1.0,75,1.0,75,0,spambase,4.0,,,
dataset_fold,75,75,1.0,75,1.0,75,1.0,75,0,waveform,0.0,,,
dataset_fold,75,75,1.0,75,1.0,75,1.0,75,0,waveform,1.0,,,
dataset_fold,75,75,1.0,73,0.9733333333333334,73,0.9733333333333334,75,2,waveform,2.0,,,
dataset_fold,75,75,1.0,74,0.9866666666666667,74,0.9866666666666667,75,1,waveform,3.0,,,
dataset_fold,75,75,1.0,75,1.0,75,1.0,75,0,waveform,4.0,,,
dataset_condition,25,25,1.0,25,1.0,25,1.0,25,0,breast_cancer_wisconsin_diagnostic,,class_prevalence_mild,,
dataset_condition,25,25,1.0,25,1.0,25,1.0,25,0,breast_cancer_wisconsin_diagnostic,,class_prevalence_severe,,
dataset_condition,25,25,1.0,25,1.0,25,1.0,25,0,breast_cancer_wisconsin_diagnostic,,clean,,
dataset_condition,25,25,1.0,25,1.0,25,1.0,25,0,breast_cancer_wisconsin_diagnostic,,local_overlap_mild,,
dataset_condition,25,25,1.0,25,1.0,25,1.0,25,0,breast_cancer_wisconsin_diagnostic,,local_overlap_severe,,
dataset_condition,25,25,1.0,25,1.0,25,1.0,25,0,breast_cancer_wisconsin_diagnostic,,location_mild,,
dataset_condition,25,25,1.0,25,1.0,25,1.0,25,0,breast_cancer_wisconsin_diagnostic,,location_severe,,
dataset_condition,25,25,1.0,25,1.0,25,1.0,25,0,breast_cancer_wisconsin_diagnostic,,mcar_mild,,
dataset_condition,25,25,1.0,25,1.0,25,1.0,25,0,breast_cancer_wisconsin_diagnostic,,mcar_severe,,
dataset_condition,25,25,1.0,25,1.0,25,1.0,25,0,breast_cancer_wisconsin_diagnostic,,measurement_noise_mild,,
dataset_condition,25,25,1.0,25,1.0,25,1.0,25,0,breast_cancer_wisconsin_diagnostic,,measurement_noise_severe,,
dataset_condition,25,25,1.0,25,1.0,25,1.0,25,0,breast_cancer_wisconsin_diagnostic,,outliers_mild,,
dataset_condition,25,25,1.0,25,1.0,25,1.0,25,0,breast_cancer_wisconsin_diagnostic,,outliers_severe,,
dataset_condition,25,25,1.0,25,1.0,25,1.0,25,0,breast_cancer_wisconsin_diagnostic,,scale_mild,,
dataset_condition,25,25,1.0,25,1.0,25,1.0,25,0,breast_cancer_wisconsin_diagnostic,,scale_severe,,
dataset_condition,25,21,0.84,24,0.96,20,0.8,25,5,glass,,class_prevalence_mild,,
dataset_condition,25,21,0.84,25,1.0,21,0.84,25,4,glass,,class_prevalence_severe,,
dataset_condition,25,21,0.84,25,1.0,21,0.84,25,4,glass,,clean,,
dataset_condition,25,21,0.84,23,0.92,20,0.8,25,5,glass,,local_overlap_mild,,
dataset_condition,25,21,0.84,25,1.0,21,0.84,25,4,glass,,local_overlap_severe,,
dataset_condition,25,21,0.84,25,1.0,21,0.84,25,4,glass,,location_mild,,
dataset_condition,25,21,0.84,25,1.0,21,0.84,25,4,glass,,location_severe,,
dataset_condition,25,21,0.84,25,1.0,21,0.84,25,4,glass,,mcar_mild,,
dataset_condition,25,21,0.84,25,1.0,21,0.84,25,4,glass,,mcar_severe,,
dataset_condition,25,21,0.84,25,1.0,21,0.84,25,4,glass,,measurement_noise_mild,,
dataset_condition,25,21,0.84,24,0.96,21,0.84,25,4,glass,,measurement_noise_severe,,
dataset_condition,25,21,0.84,25,1.0,21,0.84,25,4,glass,,outliers_mild,,
dataset_condition,25,21,0.84,25,1.0,21,0.84,25,4,glass,,outliers_severe,,
dataset_condition,25,21,0.84,25,1.0,21,0.84,25,4,glass,,scale_mild,,
dataset_condition,25,21,0.84,25,1.0,21,0.84,25,4,glass,,scale_severe,,
dataset_condition,25,23,0.92,23,0.92,21,0.84,25,4,human_activity_recognition,,class_prevalence_mild,,
dataset_condition,25,23,0.92,25,1.0,23,0.92,25,2,human_activity_recognition,,class_prevalence_severe,,
dataset_condition,25,23,0.92,24,0.96,22,0.88,25,3,human_activity_recognition,,clean,,
dataset_condition,25,23,0.92,24,0.96,22,0.88,25,3,human_activity_recognition,,local_overlap_mild,,
dataset_condition,25,23,0.92,24,0.96,22,0.88,25,3,human_activity_recognition,,local_overlap_severe,,
dataset_condition,25,23,0.92,24,0.96,22,0.88,25,3,human_activity_recognition,,location_mild,,
dataset_condition,25,23,0.92,24,0.96,22,0.88,25,3,human_activity_recognition,,location_severe,,
dataset_condition,25,23,0.92,25,1.0,23,0.92,25,2,human_activity_recognition,,mcar_mild,,
dataset_condition,25,23,0.92,24,0.96,22,0.88,25,3,human_activity_recognition,,mcar_severe,,
dataset_condition,25,23,0.92,25,1.0,23,0.92,25,2,human_activity_recognition,,measurement_noise_mild,,
dataset_condition,25,23,0.92,25,1.0,23,0.92,25,2,human_activity_recognition,,measurement_noise_severe,,
dataset_condition,25,23,0.92,25,1.0,23,0.92,25,2,human_activity_recognition,,outliers_mild,,
dataset_condition,25,23,0.92,23,0.92,22,0.88,25,3,human_activity_recognition,,outliers_severe,,
dataset_condition,25,23,0.92,24,0.96,22,0.88,25,3,human_activity_recognition,,scale_mild,,
dataset_condition,25,23,0.92,24,0.96,22,0.88,25,3,human_activity_recognition,,scale_severe,,
dataset_condition,25,24,0.96,25,1.0,24,0.96,25,1,iris,,class_prevalence_mild,,
dataset_condition,25,24,0.96,25,1.0,24,0.96,25,1,iris,,class_prevalence_severe,,
dataset_condition,25,24,0.96,25,1.0,24,0.96,25,1,iris,,clean,,
dataset_condition,25,24,0.96,25,1.0,24,0.96,25,1,iris,,local_overlap_mild,,
dataset_condition,25,24,0.96,23,0.92,22,0.88,25,3,iris,,local_overlap_severe,,
dataset_condition,25,24,0.96,25,1.0,24,0.96,25,1,iris,,location_mild,,
dataset_condition,25,24,0.96,25,1.0,24,0.96,25,1,iris,,location_severe,,
dataset_condition,25,24,0.96,25,1.0,24,0.96,25,1,iris,,mcar_mild,,
dataset_condition,25,24,0.96,25,1.0,24,0.96,25,1,iris,,mcar_severe,,
dataset_condition,25,24,0.96,25,1.0,24,0.96,25,1,iris,,measurement_noise_mild,,
dataset_condition,25,24,0.96,25,1.0,24,0.96,25,1,iris,,measurement_noise_severe,,
dataset_condition,25,24,0.96,25,1.0,24,0.96,25,1,iris,,outliers_mild,,
dataset_condition,25,24,0.96,25,1.0,24,0.96,25,1,iris,,outliers_severe,,
dataset_condition,25,24,0.96,25,1.0,24,0.96,25,1,iris,,scale_mild,,
dataset_condition,25,24,0.96,25,1.0,24,0.96,25,1,iris,,scale_severe,,
dataset_condition,25,0,0.0,4,0.16,0,0.0,25,25,letter_recognition,,class_prevalence_mild,,
dataset_condition,25,0,0.0,6,0.24,0,0.0,25,25,letter_recognition,,class_prevalence_severe,,
dataset_condition,25,0,0.0,1,0.04,0,0.0,25,25,letter_recognition,,clean,,
dataset_condition,25,0,0.0,3,0.12,0,0.0,25,25,letter_recognition,,local_overlap_mild,,
dataset_condition,25,0,0.0,9,0.36,0,0.0,25,25,letter_recognition,,local_overlap_severe,,
dataset_condition,25,0,0.0,1,0.04,0,0.0,25,25,letter_recognition,,location_mild,,
dataset_condition,25,0,0.0,1,0.04,0,0.0,25,25,letter_recognition,,location_severe,,
dataset_condition,25,0,0.0,0,0.0,0,0.0,25,25,letter_recognition,,mcar_mild,,
dataset_condition,25,0,0.0,0,0.0,0,0.0,25,25,letter_recognition,,mcar_severe,,
dataset_condition,25,0,0.0,0,0.0,0,0.0,25,25,letter_recognition,,measurement_noise_mild,,
dataset_condition,25,0,0.0,0,0.0,0,0.0,25,25,letter_recognition,,measurement_noise_severe,,
dataset_condition,25,0,0.0,1,0.04,0,0.0,25,25,letter_recognition,,outliers_mild,,
dataset_condition,25,0,0.0,3,0.12,0,0.0,25,25,letter_recognition,,outliers_severe,,
dataset_condition,25,0,0.0,1,0.04,0,0.0,25,25,letter_recognition,,scale_mild,,
dataset_condition,25,0,0.0,1,0.04,0,0.0,25,25,letter_recognition,,scale_severe,,
dataset_condition,25,25,1.0,17,0.68,17,0.68,25,8,madelon,,class_prevalence_mild,,
dataset_condition,25,25,1.0,22,0.88,22,0.88,25,3,madelon,,class_prevalence_severe,,
dataset_condition,25,25,1.0,25,1.0,25,1.0,25,0,madelon,,clean,,
dataset_condition,25,25,1.0,25,1.0,25,1.0,25,0,madelon,,local_overlap_mild,,
dataset_condition,25,25,1.0,25,1.0,25,1.0,25,0,madelon,,local_overlap_severe,,
dataset_condition,25,25,1.0,25,1.0,25,1.0,25,0,madelon,,location_mild,,
dataset_condition,25,25,1.0,25,1.0,25,1.0,25,0,madelon,,location_severe,,
dataset_condition,25,25,1.0,24,0.96,24,0.96,25,1,madelon,,mcar_mild,,
dataset_condition,25,25,1.0,25,1.0,25,1.0,25,0,madelon,,mcar_severe,,
dataset_condition,25,25,1.0,25,1.0,25,1.0,25,0,madelon,,measurement_noise_mild,,
dataset_condition,25,25,1.0,25,1.0,25,1.0,25,0,madelon,,measurement_noise_severe,,
dataset_condition,25,25,1.0,24,0.96,24,0.96,25,1,madelon,,outliers_mild,,
dataset_condition,25,25,1.0,25,1.0,25,1.0,25,0,madelon,,outliers_severe,,
dataset_condition,25,25,1.0,25,1.0,25,1.0,25,0,madelon,,scale_mild,,
dataset_condition,25,25,1.0,25,1.0,25,1.0,25,0,madelon,,scale_severe,,
dataset_condition,25,23,0.92,25,1.0,23,0.92,25,2,mice_protein_expression,,class_prevalence_mild,,
dataset_condition,25,23,0.92,25,1.0,23,0.92,25,2,mice_protein_expression,,class_prevalence_severe,,
dataset_condition,25,23,0.92,25,1.0,23,0.92,25,2,mice_protein_expression,,clean,,
dataset_condition,25,23,0.92,25,1.0,23,0.92,25,2,mice_protein_expression,,local_overlap_mild,,
dataset_condition,25,23,0.92,25,1.0,23,0.92,25,2,mice_protein_expression,,local_overlap_severe,,
dataset_condition,25,23,0.92,25,1.0,23,0.92,25,2,mice_protein_expression,,location_mild,,
dataset_condition,25,23,0.92,25,1.0,23,0.92,25,2,mice_protein_expression,,location_severe,,
dataset_condition,25,23,0.92,25,1.0,23,0.92,25,2,mice_protein_expression,,mcar_mild,,
dataset_condition,25,23,0.92,25,1.0,23,0.92,25,2,mice_protein_expression,,mcar_severe,,
dataset_condition,25,23,0.92,25,1.0,23,0.92,25,2,mice_protein_expression,,measurement_noise_mild,,
dataset_condition,25,23,0.92,25,1.0,23,0.92,25,2,mice_protein_expression,,measurement_noise_severe,,
dataset_condition,25,23,0.92,25,1.0,23,0.92,25,2,mice_protein_expression,,outliers_mild,,
dataset_condition,25,23,0.92,23,0.92,21,0.84,25,4,mice_protein_expression,,outliers_severe,,
dataset_condition,25,23,0.92,25,1.0,23,0.92,25,2,mice_protein_expression,,scale_mild,,
dataset_condition,25,23,0.92,24,0.96,22,0.88,25,3,mice_protein_expression,,scale_severe,,
dataset_condition,25,23,0.92,24,0.96,22,0.88,25,3,pendigits,,class_prevalence_mild,,
dataset_condition,25,23,0.92,25,1.0,23,0.92,25,2,pendigits,,class_prevalence_severe,,
dataset_condition,25,23,0.92,24,0.96,22,0.88,25,3,pendigits,,clean,,
dataset_condition,25,23,0.92,24,0.96,22,0.88,25,3,pendigits,,local_overlap_mild,,
dataset_condition,25,23,0.92,24,0.96,22,0.88,25,3,pendigits,,local_overlap_severe,,
dataset_condition,25,23,0.92,24,0.96,22,0.88,25,3,pendigits,,location_mild,,
dataset_condition,25,23,0.92,24,0.96,22,0.88,25,3,pendigits,,location_severe,,
dataset_condition,25,23,0.92,24,0.96,22,0.88,25,3,pendigits,,mcar_mild,,
dataset_condition,25,23,0.92,17,0.68,15,0.6,25,10,pendigits,,mcar_severe,,
dataset_condition,25,23,0.92,23,0.92,21,0.84,25,4,pendigits,,measurement_noise_mild,,
dataset_condition,25,23,0.92,22,0.88,20,0.8,25,5,pendigits,,measurement_noise_severe,,
dataset_condition,25,23,0.92,24,0.96,22,0.88,25,3,pendigits,,outliers_mild,,
dataset_condition,25,23,0.92,10,0.4,10,0.4,25,15,pendigits,,outliers_severe,,
dataset_condition,25,23,0.92,24,0.96,22,0.88,25,3,pendigits,,scale_mild,,
dataset_condition,25,23,0.92,24,0.96,22,0.88,25,3,pendigits,,scale_severe,,
dataset_condition,25,25,1.0,25,1.0,25,1.0,25,0,satimage,,class_prevalence_mild,,
dataset_condition,25,25,1.0,25,1.0,25,1.0,25,0,satimage,,class_prevalence_severe,,
dataset_condition,25,25,1.0,25,1.0,25,1.0,25,0,satimage,,clean,,
dataset_condition,25,25,1.0,25,1.0,25,1.0,25,0,satimage,,local_overlap_mild,,
dataset_condition,25,25,1.0,25,1.0,25,1.0,25,0,satimage,,local_overlap_severe,,
dataset_condition,25,25,1.0,25,1.0,25,1.0,25,0,satimage,,location_mild,,
dataset_condition,25,25,1.0,25,1.0,25,1.0,25,0,satimage,,location_severe,,
dataset_condition,25,25,1.0,24,0.96,24,0.96,25,1,satimage,,mcar_mild,,
dataset_condition,25,25,1.0,25,1.0,25,1.0,25,0,satimage,,mcar_severe,,
dataset_condition,25,25,1.0,22,0.88,22,0.88,25,3,satimage,,measurement_noise_mild,,
dataset_condition,25,25,1.0,25,1.0,25,1.0,25,0,satimage,,measurement_noise_severe,,
dataset_condition,25,25,1.0,24,0.96,24,0.96,25,1,satimage,,outliers_mild,,
dataset_condition,25,25,1.0,21,0.84,21,0.84,25,4,satimage,,outliers_severe,,
dataset_condition,25,25,1.0,25,1.0,25,1.0,25,0,satimage,,scale_mild,,
dataset_condition,25,25,1.0,25,1.0,25,1.0,25,0,satimage,,scale_severe,,
dataset_condition,25,24,0.96,25,1.0,24,0.96,25,1,sonar,,class_prevalence_mild,,
dataset_condition,25,24,0.96,25,1.0,24,0.96,25,1,sonar,,class_prevalence_severe,,
dataset_condition,25,24,0.96,25,1.0,24,0.96,25,1,sonar,,clean,,
dataset_condition,25,24,0.96,25,1.0,24,0.96,25,1,sonar,,local_overlap_mild,,
dataset_condition,25,24,0.96,25,1.0,24,0.96,25,1,sonar,,local_overlap_severe,,
dataset_condition,25,24,0.96,25,1.0,24,0.96,25,1,sonar,,location_mild,,
dataset_condition,25,24,0.96,25,1.0,24,0.96,25,1,sonar,,location_severe,,
dataset_condition,25,24,0.96,25,1.0,24,0.96,25,1,sonar,,mcar_mild,,
dataset_condition,25,24,0.96,25,1.0,24,0.96,25,1,sonar,,mcar_severe,,
dataset_condition,25,24,0.96,24,0.96,23,0.92,25,2,sonar,,measurement_noise_mild,,
dataset_condition,25,24,0.96,25,1.0,24,0.96,25,1,sonar,,measurement_noise_severe,,
dataset_condition,25,24,0.96,25,1.0,24,0.96,25,1,sonar,,outliers_mild,,
dataset_condition,25,24,0.96,25,1.0,24,0.96,25,1,sonar,,outliers_severe,,
dataset_condition,25,24,0.96,25,1.0,24,0.96,25,1,sonar,,scale_mild,,
dataset_condition,25,24,0.96,25,1.0,24,0.96,25,1,sonar,,scale_severe,,
dataset_condition,25,25,1.0,25,1.0,25,1.0,25,0,spambase,,class_prevalence_mild,,
dataset_condition,25,25,1.0,25,1.0,25,1.0,25,0,spambase,,class_prevalence_severe,,
dataset_condition,25,25,1.0,25,1.0,25,1.0,25,0,spambase,,clean,,
dataset_condition,25,25,1.0,25,1.0,25,1.0,25,0,spambase,,local_overlap_mild,,
dataset_condition,25,25,1.0,25,1.0,25,1.0,25,0,spambase,,local_overlap_severe,,
dataset_condition,25,25,1.0,25,1.0,25,1.0,25,0,spambase,,location_mild,,
dataset_condition,25,25,1.0,25,1.0,25,1.0,25,0,spambase,,location_severe,,
dataset_condition,25,25,1.0,25,1.0,25,1.0,25,0,spambase,,mcar_mild,,
dataset_condition,25,25,1.0,25,1.0,25,1.0,25,0,spambase,,mcar_severe,,
dataset_condition,25,25,1.0,25,1.0,25,1.0,25,0,spambase,,measurement_noise_mild,,
dataset_condition,25,25,1.0,25,1.0,25,1.0,25,0,spambase,,measurement_noise_severe,,
dataset_condition,25,25,1.0,25,1.0,25,1.0,25,0,spambase,,outliers_mild,,
dataset_condition,25,25,1.0,25,1.0,25,1.0,25,0,spambase,,outliers_severe,,
dataset_condition,25,25,1.0,25,1.0,25,1.0,25,0,spambase,,scale_mild,,
dataset_condition,25,25,1.0,25,1.0,25,1.0,25,0,spambase,,scale_severe,,
dataset_condition,25,25,1.0,25,1.0,25,1.0,25,0,waveform,,class_prevalence_mild,,
dataset_condition,25,25,1.0,25,1.0,25,1.0,25,0,waveform,,class_prevalence_severe,,
dataset_condition,25,25,1.0,25,1.0,25,1.0,25,0,waveform,,clean,,
dataset_condition,25,25,1.0,25,1.0,25,1.0,25,0,waveform,,local_overlap_mild,,
dataset_condition,25,25,1.0,25,1.0,25,1.0,25,0,waveform,,local_overlap_severe,,
dataset_condition,25,25,1.0,25,1.0,25,1.0,25,0,waveform,,location_mild,,
dataset_condition,25,25,1.0,25,1.0,25,1.0,25,0,waveform,,location_severe,,
dataset_condition,25,25,1.0,25,1.0,25,1.0,25,0,waveform,,mcar_mild,,
dataset_condition,25,25,1.0,25,1.0,25,1.0,25,0,waveform,,mcar_severe,,
dataset_condition,25,25,1.0,25,1.0,25,1.0,25,0,waveform,,measurement_noise_mild,,
dataset_condition,25,25,1.0,25,1.0,25,1.0,25,0,waveform,,measurement_noise_severe,,
dataset_condition,25,25,1.0,25,1.0,25,1.0,25,0,waveform,,outliers_mild,,
dataset_condition,25,25,1.0,22,0.88,22,0.88,25,3,waveform,,outliers_severe,,
dataset_condition,25,25,1.0,25,1.0,25,1.0,25,0,waveform,,scale_mild,,
dataset_condition,25,25,1.0,25,1.0,25,1.0,25,0,waveform,,scale_severe,,
