dataset_id,signal,n,mean,median,std,iqr,q05,q95
breast_cancer_wisconsin_diagnostic,D_X,350,0.03040323285714286,0.014585850000000001,0.03549139273925618,0.0263648,0.0035472,0.1051101
glass,D_X,350,0.03699778,0.018893800000000002,0.040008983991913806,0.0333049,0.007929,0.1447356
human_activity_recognition,D_X,350,0.024907615714285715,0.0086225,0.034526264623638336,0.021467100000000003,0.0028785,0.1055289
iris,D_X,350,0.04920520571428572,0.0273302,0.05550616433303227,0.0408452,0.0030379,0.1707832
letter_recognition,D_X,350,0.017683472857142855,0.0018085,0.03117398486854413,0.012437,0.0003444,0.0935628
madelon,D_X,350,0.018413134285714287,0.0026489,0.03183761697776981,0.013270299999999999,0.0009983,0.1000162
mice_protein_expression,D_X,350,0.04521473571428571,0.030749649999999996,0.039413484761467325,0.0310287,0.0109447,0.1291991
pendigits,D_X,350,0.019465204285714285,0.0051687,0.03323208397822284,0.0129833,0.0004317,0.1048167
satimage,D_X,350,0.021048662857142856,0.00359065,0.035587392504669746,0.0150366,0.0004876,0.1089761
sonar,D_X,350,0.03272579857142857,0.017898400000000002,0.03383770367807207,0.023511999999999998,0.0084771,0.1129233
spambase,D_X,350,0.020944144285714283,0.0038675000000000003,0.03919291952003823,0.0112624,0.0006321,0.1458995
waveform,D_X,350,0.019281377142857145,0.0050042,0.031814004163347516,0.0131813,0.0005315,0.1012272
breast_cancer_wisconsin_diagnostic,D_U_R,350,0.07086913171428572,0.03266435,0.08690500550009449,0.072259075,0.00726189,0.3226186
glass,D_U_R,350,0.23424898542857145,0.23450335,0.11537274461567068,0.165348825,0.077914825,0.47534923500000004
human_activity_recognition,D_U_R,350,0.3712530034285714,0.38536170000000003,0.10868042799969872,0.134519175,0.16754877,0.5260170949999999
iris,D_U_R,350,0.13196409685714283,0.06610005,0.13626919096525011,0.1748959,0.0110083,0.37685812
letter_recognition,D_U_R,350,0.3239626137142857,0.30141515,0.0985767602140358,0.10190024999999997,0.20768314499999999,0.542179115
madelon,D_U_R,350,0.13098457885714287,0.033930100000000005,0.17023402172044697,0.346802025,0.014662244999999999,0.425602155
mice_protein_expression,D_U_R,350,0.5286405017142858,0.52252475,0.08964667683981825,0.12064529999999996,0.40543741,0.68528643
pendigits,D_U_R,350,0.1827010057142857,0.1698414,0.10122080077266683,0.11420992500000002,0.019846239999999998,0.386918055
satimage,D_U_R,350,0.14783462714285714,0.0957022,0.13757138518277306,0.18999254999999998,0.010239705,0.44923149000000007
sonar,D_U_R,350,0.25544160685714284,0.23207485,0.15916512933695273,0.30467857499999995,0.041062625,0.480746125
spambase,D_U_R,350,0.1476096674285714,0.050705150000000004,0.15207687196585876,0.310722825,0.00097877,0.34339570500000005
waveform,D_U_R,350,0.03518983114285715,0.00472965,0.09909294124544586,0.01210785,0.001238,0.264509855
breast_cancer_wisconsin_diagnostic,D_U_C,350,0.06452214342857143,0.034220150000000005,0.08457480872106989,0.045000275000000006,0.0039302,0.2883116350000002
glass,D_U_C,350,0.23783492942857143,0.22375355,0.1134397388639813,0.15151002500000002,0.08684307,0.476715645
human_activity_recognition,D_U_C,350,0.3690981057142857,0.3781907,0.11618877434660885,0.16979270000000002,0.17634097499999998,0.556073455
iris,D_U_C,350,0.13392733171428572,0.07407485,0.13517325431905827,0.1957587,0.0061589,0.39005640500000005
letter_recognition,D_U_C,350,0.31777375314285716,0.29553335000000003,0.09117743719722275,0.09880105,0.20902143,0.5137001050000001
madelon,D_U_C,350,0.1372025462857143,0.05184905,0.16077868393700423,0.302966,0.021336385,0.42638585500000004
mice_protein_expression,D_U_C,350,0.48882358971428574,0.48325015000000004,0.09669306141994508,0.11377780000000004,0.33428722,0.65908795
pendigits,D_U_C,350,0.18035599114285714,0.17220095000000002,0.1004237912720526,0.1108818,0.0199812,0.36608028000000004
satimage,D_U_C,350,0.13983543542857144,0.0953282,0.13087235620729765,0.17207955,0.008505235,0.42788254000000003
sonar,D_U_C,350,0.2581846414285714,0.22263995,0.1649365101144036,0.30723395,0.030155115,0.501352655
spambase,D_U_C,350,0.1623928725714286,0.0741598,0.16898736292593597,0.32194249999999996,2.6e-06,0.430241085
waveform,D_U_C,350,0.034901907428571424,0.00663015,0.09688777004530302,0.008923374999999999,0.0015497,0.269670915
breast_cancer_wisconsin_diagnostic,D_V,350,0.7533466077142856,0.30827689999999996,1.6866337633557154,0.279943725,0.1645676,3.664194165
glass,D_V,350,2.137622128857143,1.7281954000000002,1.212486778153388,1.1582587999999998,1.174823275,5.018902480000006
human_activity_recognition,D_V,350,1.125845217142857,0.83125855,0.8899106628224142,0.6138282749999999,0.398863655,3.108071095
iris,D_V,350,1.7790033385714288,0.6847454,3.340823435430386,0.9931744499999999,0.342680645,5.815801565
letter_recognition,D_V,350,1.5177298314285717,0.61983805,2.189804002374025,0.5347234249999999,0.4099521,7.567761375000001
madelon,D_V,350,0.6315360508571428,0.10769414999999999,1.6189956042898044,0.481168025,0.06793249,2.7880387300000002
mice_protein_expression,D_V,350,1.6629691042857144,1.1333998,1.3472769641943052,0.4611179000000001,0.8262670200000001,5.082475265
pendigits,D_V,350,1.4227208482857143,0.5896316,2.2119840244120343,0.6421977999999999,0.20204766,7.2876421150000015
satimage,D_V,350,1.3218803594285715,0.540894,2.535062651567254,1.0112312,0.10987,6.362498605000002
sonar,D_V,350,1.077244343142857,0.6256294,1.5314398580645783,0.40940792499999995,0.28079978,4.149063625000015
spambase,D_V,350,1.938119904,1.4934375,2.0820524373318765,1.6287816000000002,0.092275605,5.6840511000000005
waveform,D_V,350,0.5938786128571428,0.13195555,1.5954215634916917,0.24347354999999998,0.06290894500000001,3.2394260900000003
breast_cancer_wisconsin_diagnostic,D_H,350,0.028449380857142856,0.017356700000000003,0.03146840435962407,0.024180600000000003,0.001681035,0.104439955
glass,D_H,350,0.10701944799999999,0.09638605,0.051977354168112506,0.071023225,0.031913245,0.20274102500000002
human_activity_recognition,D_H,350,0.013242596285714286,0.00965325,0.013732696038678318,0.0104996,0.0008982549999999998,0.04213667500000001
iris,D_H,350,0.12000377342857145,0.10056425,0.08622387244014232,0.13459835,0.013856044999999999,0.2816681
letter_recognition,D_H,350,0.035320130285714284,0.01846615,0.039765829811409296,0.0305493,0.0030768799999999997,0.135497305
madelon,D_H,350,0.23196166485714287,0.20989524999999998,0.14191614267540736,0.23194235000000002,0.034304045,0.497832555
mice_protein_expression,D_H,350,0.05180287514285714,0.04642655,0.02253645280640418,0.02048465,0.02802544,0.110471435
pendigits,D_H,350,0.021891281428571427,0.013522099999999999,0.021954344132955134,0.02013035,0.001332405,0.07151581000000001
satimage,D_H,350,0.009599360857142858,0.005116300000000001,0.013737594367907871,0.00705335,0.000747455,0.039701680000000045
sonar,D_H,350,0.07453664228571429,0.06483285,0.044848864855158356,0.05955819999999999,0.01415672,0.1708805
spambase,D_H,350,0.07859989485714286,0.04245105,0.08349298204726903,0.14844522500000001,2.15e-05,0.23793530500000012
waveform,D_H,350,0.018723272,0.0070805,0.02792446077809371,0.022677875,0.0002386,0.06456693000000001
breast_cancer_wisconsin_diagnostic,D_M,350,0.01598141542857143,0.0009131,0.0412621961105695,0.0035953499999999998,2.5869999999999998e-05,0.13587672500000003
glass,D_M,350,0.07367568285714286,0.0572018,0.05866640851110452,0.07548127499999999,0.0127455,0.188093015
human_activity_recognition,D_M,350,0.07910295285714286,0.05828525,0.06346597874724463,0.062837125,0.0164959,0.21417733500000005
iris,D_M,350,0.04284622857142857,0.01512895,0.061780288608909995,0.054358025,0.00016433999999999996,0.16954111
letter_recognition,D_M,350,0.05157220057142857,0.0259151,0.06916408907466126,0.024921775,0.009759365,0.23496442000000006
madelon,D_M,350,0.07051286257142858,0.00028675,0.12205881041597637,0.134755425,1.119e-05,0.30417113
mice_protein_expression,D_M,350,0.10851951914285715,0.08851935,0.08320176998240683,0.08291257499999999,0.024557495000000002,0.25807924000000015
pendigits,D_M,350,0.03808371114285715,0.0211615,0.05347933449798915,0.025819574999999997,0.0009743599999999999,0.16886979500000002
satimage,D_M,350,0.03455575914285714,0.005540450000000001,0.06385531592990054,0.028441599999999997,0.0001502,0.20003346000000002
sonar,D_M,350,0.05937316285714286,0.03007455,0.07195054802216604,0.07348065000000001,0.00018666999999999997,0.227616555
spambase,D_M,350,0.08423494171428572,0.018015749999999997,0.09858755620426458,0.1772559,0.0,0.2547516050000001
waveform,D_M,350,0.01804835657142857,0.0002386,0.06546733585930478,0.0005543999999999999,9.2e-06,0.167695155
breast_cancer_wisconsin_diagnostic,FPC,350,0.9745018802857142,0.97837275,0.013820763027254062,0.01370725000000006,0.9398427,0.9887379
glass,FPC,350,0.8444070077142858,0.8550587999999999,0.04179974437344511,0.05540167500000004,0.76332308,0.902624995
human_activity_recognition,FPC,350,0.9776381074285715,0.98342405,0.01836496276388895,0.010901499999999897,0.9182133,0.991528635
iris,FPC,350,0.8348148802857142,0.8400836,0.050051027163337994,0.05947615000000006,0.749093635,0.9046666
letter_recognition,FPC,350,0.7574366285714286,0.77040825,0.05520195255695256,0.09199502500000001,0.64171553,0.8180025000000001
madelon,FPC,350,0.8040318737142856,0.8124721500000001,0.030826570024141353,0.037428050000000046,0.7241062,0.8419254
mice_protein_expression,FPC,350,0.9332863405714287,0.939459,0.028100540669290148,0.024823700000000004,0.857343615,0.9622334
pendigits,FPC,350,0.8913984925714288,0.9033374,0.036729495490818144,0.0534558249999999,0.81270425,0.934424705
satimage,FPC,350,0.9653282745714286,0.97435625,0.024018514953104475,0.016912675000000044,0.887136015,0.981690715
sonar,FPC,350,0.9656648237142857,0.96889165,0.020108885701119,0.023732399999999987,0.922738,0.992342055
spambase,FPC,350,0.9658137208571429,0.99840445,0.039942882387474864,0.06611820000000002,0.88830677,0.999996
waveform,FPC,350,0.9319547914285715,0.9381168,0.02097077951710422,0.018318900000000027,0.8688444,0.9525696
breast_cancer_wisconsin_diagnostic,PE,350,0.041291989714285715,0.036860500000000004,0.020728577444850668,0.019988974999999996,0.0188075,0.090405755
glass,PE,350,0.29408643514285715,0.27575855000000005,0.08244870398004858,0.10994467500000002,0.18138769000000002,0.45145476000000007
human_activity_recognition,PE,350,0.03735493285714285,0.027397699999999997,0.03133810430292413,0.017701624999999995,0.0144158,0.1363502
iris,PE,350,0.2971659588571428,0.28455555,0.08230795165992373,0.08860232500000004,0.189615145,0.4390075
letter_recognition,PE,350,0.52124073,0.47843815,0.14607333843208456,0.20554475,0.36804626,0.8102988050000001
madelon,PE,350,0.31065715714285713,0.29963755000000003,0.044767064669174274,0.056564400000000015,0.255182445,0.4280857
mice_protein_expression,PE,350,0.11778132657142858,0.10166215,0.05840566308745725,0.04412484999999999,0.06513624,0.28767510500000004
pendigits,PE,350,0.21367027942857142,0.1842971,0.083006323777645,0.11386287499999997,0.1245339,0.41973176500000003
satimage,PE,350,0.061078237142857136,0.043653849999999994,0.047741657401458866,0.029499749999999998,0.03065349,0.218295745
sonar,PE,350,0.05518771457142858,0.04851495,0.0302247021145936,0.0365958,0.017046645,0.11882954500000001
spambase,PE,350,0.05535977142857143,0.0028555,0.0641624936583576,0.1085462,1.61e-05,0.1791275
waveform,PE,350,0.1156054382857143,0.10379275,0.035407656128252564,0.0319329,0.081232,0.219219
breast_cancer_wisconsin_diagnostic,XB_soft_m2,350,0.757271058857143,0.52544395,0.5840299421848357,0.3052854,0.3678461,1.847700965
glass,XB_soft_m2,350,0.9892707477142858,0.7773215,0.7494787457845695,0.6076049750000001,0.3804058,2.692273925
human_activity_recognition,XB_soft_m2,350,4.724669093714286,3.35762345,3.395366746753096,2.027494625,2.17639674,13.58382436
iris,XB_soft_m2,350,0.7320861734285716,0.30646589999999996,1.4781412874653954,0.289852275,0.20605820500000002,1.68510297
letter_recognition,XB_soft_m2,350,1.3773235302857143,1.14643275,0.6009359315221596,0.4979944999999999,0.9270228150000001,3.1838188200000004
madelon,XB_soft_m2,350,37.37097825314285,28.198612150000002,21.524010841190115,15.461743050000003,19.039569619999998,90.56812682
mice_protein_expression,XB_soft_m2,350,2.0554368434285717,1.7304308499999999,1.0470989493477665,0.9373236499999997,1.08066612,4.393433610000001
pendigits,XB_soft_m2,350,1.2684779585714285,0.99901855,0.7057263264364149,0.6167443750000001,0.66740539,3.110903770000001
satimage,XB_soft_m2,350,0.7325486537142859,0.47939825,0.591944296486276,0.432493275,0.30177874,2.23998633
sonar,XB_soft_m2,350,1.9254579737142856,1.3477966000000001,1.7716850043581578,1.2009000750000003,0.72691801,5.368004005
spambase,XB_soft_m2,350,3.013642974857143,0.3249736,4.149810934546035,4.660712275,0.0778981,12.807272615
waveform,XB_soft_m2,350,2.166520807714286,1.6425738,1.157721513043712,1.0200699249999998,1.205726645,4.89242181
breast_cancer_wisconsin_diagnostic,silhouette,350,0.3159636471428572,0.31171784999999996,0.05377816489018909,0.07133319999999999,0.2348246,0.4151771
glass,silhouette,350,0.26179149,0.27198415,0.0835950998014307,0.06862750000000001,0.1069551,0.38297475000000003
human_activity_recognition,silhouette,350,0.105376968,0.0982455,0.05227537673614955,0.05715792500000001,0.03949067,0.21913179000000002
iris,silhouette,350,0.4011008388571427,0.4294183,0.0983705575566484,0.09919090000000003,0.2116858,0.5029563
letter_recognition,silhouette,350,0.09782892914285715,0.11938270000000001,0.06457061612105075,0.03292234999999999,-0.102395185,0.14416189499999998
madelon,silhouette,350,0.008092288571428572,0.0078688,0.002714712974878222,0.0015853999999999998,0.0037018,0.0137892
mice_protein_expression,silhouette,350,0.0895102137142857,0.0989738,0.05229564218614,0.0716967,-0.00709393,0.159386305
pendigits,silhouette,350,0.23526536514285715,0.25324095,0.054940351851246655,0.05765832500000001,0.11521303,0.30481598
satimage,silhouette,350,0.2961852782857143,0.3209017,0.07068786989259772,0.08145559999999996,0.1475231,0.38436207000000006
sonar,silhouette,350,0.192516346,0.2040303,0.07868225797030803,0.132343775,0.078098215,0.305277
spambase,silhouette,350,0.38756366571428574,0.52402905,0.2728107288887572,0.5546926,0.0636772,0.700186
waveform,silhouette,350,0.09776030285714286,0.10491320000000001,0.01582824330821524,0.01248160000000001,0.0609675,0.1102488
