evaluation,outer_group,regressor,feature_block,n_test,selected_params,mae,rmse,median_absolute_error,r2,P0,P3,P4,delta_04,delta_34,sensitivity,sum_absolute_error,sum_squared_error,sum_observed,sum_observed_squared
LODO,breast_cancer_wisconsin_diagnostic,HGBR,P0,350,"{""l2_regularization"": 1.0, ""learning_rate"": 0.05, ""max_iter"": 150, ""max_leaf_nodes"": 7}",0.0910328379055074,0.1474746789256352,0.0534580301482537,-0.1909850726877033,0.0910328379055074,0.0988845112344852,0.0876893026919653,0.003343535213542,0.0111952085425199,S0_all_original_rows,,,,
LODO,glass,HGBR,P0,350,"{""l2_regularization"": 0.0, ""learning_rate"": 0.05, ""max_iter"": 150, ""max_leaf_nodes"": 7}",0.0421116218371742,0.0548728111835842,0.0370151848405582,-0.6160187203627157,0.0421116218371742,0.0844480047822226,0.0436407957801225,-0.0015291739429482,0.0408072090021001,S0_all_original_rows,,,,
LODO,human_activity_recognition,HGBR,P0,350,"{""l2_regularization"": 1.0, ""learning_rate"": 0.05, ""max_iter"": 150, ""max_leaf_nodes"": 7}",0.0338796671065022,0.0450601103962773,0.0274420522388014,-4.430054431080139,0.0338796671065022,0.0233528270264006,0.0242135508149728,0.0096661162915293,-0.0008607237885722,S0_all_original_rows,,,,
LODO,iris,HGBR,P0,350,"{""l2_regularization"": 1.0, ""learning_rate"": 0.05, ""max_iter"": 150, ""max_leaf_nodes"": 7}",0.1161985898216668,0.1493348162048343,0.0938504317183675,-0.1434699255366243,0.1161985898216668,0.1219878029553337,0.1152960949734225,0.0009024948482442,0.0066917079819111,S0_all_original_rows,,,,
LODO,letter_recognition,HGBR,P0,350,"{""l2_regularization"": 1.0, ""learning_rate"": 0.05, ""max_iter"": 150, ""max_leaf_nodes"": 7}",0.0247592874453245,0.0413883002674842,0.0166193045367068,-1.8219898841006568,0.0247592874453245,0.0636210043379354,0.0393295366536978,-0.0145702492083733,0.0242914676842375,S0_all_original_rows,,,,
LODO,madelon,HGBR,P0,350,"{""l2_regularization"": 1.0, ""learning_rate"": 0.05, ""max_iter"": 150, ""max_leaf_nodes"": 7}",0.0193571289701171,0.0233909361036992,0.0188197679272754,-9.015385726435584,0.0193571289701171,0.0750592992643681,0.0541261620953309,-0.0347690331252138,0.0209331371690372,S0_all_original_rows,,,,
LODO,mice_protein_expression,HGBR,P0,350,"{""l2_regularization"": 0.0, ""learning_rate"": 0.05, ""max_iter"": 150, ""max_leaf_nodes"": 7}",0.0329183412591549,0.0432965006331146,0.0258174903744011,-1.0350872361396637,0.0329183412591549,0.0235256478966395,0.0232418591581649,0.00967648210099,0.0002837887384745,S0_all_original_rows,,,,
LODO,pendigits,HGBR,P0,350,"{""l2_regularization"": 1.0, ""learning_rate"": 0.05, ""max_iter"": 150, ""max_leaf_nodes"": 7}",0.0510202108044748,0.0738096571400279,0.028423455037603,-0.0069476945490587,0.0510202108044748,0.0561651383370121,0.0510456873359664,-2.5476531491597232e-05,0.0051194510010457,S0_all_original_rows,,,,
LODO,satimage,HGBR,P0,350,"{""l2_regularization"": 1.0, ""learning_rate"": 0.05, ""max_iter"": 150, ""max_leaf_nodes"": 7}",0.0364153262588132,0.0506973342957092,0.023826844560072,-0.1176774374318658,0.0364153262588132,0.0485031727491413,0.0345355592836171,0.001879766975196,0.0139676134655242,S0_all_original_rows,,,,
LODO,sonar,HGBR,P0,350,"{""l2_regularization"": 1.0, ""learning_rate"": 0.05, ""max_iter"": 150, ""max_leaf_nodes"": 7}",0.0382945250933007,0.0592667609128153,0.0293751471808667,-0.6144972660234349,0.0382945250933007,0.0392269700699301,0.0617028552162557,-0.023408330122955,-0.0224758851463256,S0_all_original_rows,,,,
LODO,spambase,HGBR,P0,350,"{""l2_regularization"": 0.0, ""learning_rate"": 0.05, ""max_iter"": 150, ""max_leaf_nodes"": 7}",0.049216149972926,0.0789754239159592,0.0283773647492756,-0.1616584156708083,0.049216149972926,0.0976243223362311,0.0503043260170173,-0.0010881760440913,0.0473199963192138,S0_all_original_rows,,,,
LODO,waveform,HGBR,P0,350,"{""l2_regularization"": 1.0, ""learning_rate"": 0.05, ""max_iter"": 150, ""max_leaf_nodes"": 7}",0.0252522752728171,0.0292516738389707,0.0255708073935285,-3.860726946845543,0.0252522752728171,0.0347118199217416,0.0256107249867153,-0.0003584497138982,0.0091010949350262,S0_all_original_rows,,,,
LODO,breast_cancer_wisconsin_diagnostic,HGBR,P3,350,"{""l2_regularization"": 0.0, ""learning_rate"": 0.05, ""max_iter"": 300, ""max_leaf_nodes"": 15}",0.0988845112344852,0.1546037906983517,0.0571391196390176,-0.3089156965022468,0.0910328379055074,0.0988845112344852,0.0876893026919653,0.003343535213542,0.0111952085425199,S0_all_original_rows,,,,
LODO,glass,HGBR,P3,350,"{""l2_regularization"": 1.0, ""learning_rate"": 0.1, ""max_iter"": 300, ""max_leaf_nodes"": 15}",0.0844480047822226,0.1011079624937682,0.0824780536106604,-4.486592236702954,0.0421116218371742,0.0844480047822226,0.0436407957801225,-0.0015291739429482,0.0408072090021001,S0_all_original_rows,,,,
LODO,human_activity_recognition,HGBR,P3,350,"{""l2_regularization"": 1.0, ""learning_rate"": 0.05, ""max_iter"": 150, ""max_leaf_nodes"": 7}",0.0233528270264006,0.0293375474357202,0.0187901826211237,-1.301798431690275,0.0338796671065022,0.0233528270264006,0.0242135508149728,0.0096661162915293,-0.0008607237885722,S0_all_original_rows,,,,
LODO,iris,HGBR,P3,350,"{""l2_regularization"": 1.0, ""learning_rate"": 0.05, ""max_iter"": 150, ""max_leaf_nodes"": 7}",0.1219878029553337,0.152012055183135,0.1018166365799108,-0.1848371544343301,0.1161985898216668,0.1219878029553337,0.1152960949734225,0.0009024948482442,0.0066917079819111,S0_all_original_rows,,,,
LODO,letter_recognition,HGBR,P3,350,"{""l2_regularization"": 0.0, ""learning_rate"": 0.05, ""max_iter"": 150, ""max_leaf_nodes"": 15}",0.0636210043379354,0.0795244649893733,0.0651860364019492,-9.41841810565508,0.0247592874453245,0.0636210043379354,0.0393295366536978,-0.0145702492083733,0.0242914676842375,S0_all_original_rows,,,,
LODO,madelon,HGBR,P3,350,"{""l2_regularization"": 0.0, ""learning_rate"": 0.05, ""max_iter"": 150, ""max_leaf_nodes"": 7}",0.0750592992643681,0.079157987839433,0.0777434158153474,-113.69961684108203,0.0193571289701171,0.0750592992643681,0.0541261620953309,-0.0347690331252138,0.0209331371690372,S0_all_original_rows,,,,
LODO,mice_protein_expression,HGBR,P3,350,"{""l2_regularization"": 0.0, ""learning_rate"": 0.05, ""max_iter"": 150, ""max_leaf_nodes"": 7}",0.0235256478966395,0.0335073402306018,0.0154924349923926,-0.2188698882384681,0.0329183412591549,0.0235256478966395,0.0232418591581649,0.00967648210099,0.0002837887384745,S0_all_original_rows,,,,
LODO,pendigits,HGBR,P3,350,"{""l2_regularization"": 1.0, ""learning_rate"": 0.05, ""max_iter"": 150, ""max_leaf_nodes"": 7}",0.0561651383370121,0.0793635285062514,0.0357815465389294,-0.1641862689194493,0.0510202108044748,0.0561651383370121,0.0510456873359664,-2.5476531491597232e-05,0.0051194510010457,S0_all_original_rows,,,,
LODO,satimage,HGBR,P3,350,"{""l2_regularization"": 1.0, ""learning_rate"": 0.05, ""max_iter"": 150, ""max_leaf_nodes"": 15}",0.0485031727491413,0.0626543190482317,0.0362151028571828,-0.7070579466572167,0.0364153262588132,0.0485031727491413,0.0345355592836171,0.001879766975196,0.0139676134655242,S0_all_original_rows,,,,
LODO,sonar,HGBR,P3,350,"{""l2_regularization"": 1.0, ""learning_rate"": 0.05, ""max_iter"": 150, ""max_leaf_nodes"": 7}",0.0392269700699301,0.0596294893993691,0.0256843047923246,-0.6343200546929924,0.0382945250933007,0.0392269700699301,0.0617028552162557,-0.023408330122955,-0.0224758851463256,S0_all_original_rows,,,,
LODO,spambase,HGBR,P3,350,"{""l2_regularization"": 1.0, ""learning_rate"": 0.05, ""max_iter"": 150, ""max_leaf_nodes"": 7}",0.0976243223362311,0.1166413354099482,0.1008245069242196,-1.5339583831137733,0.049216149972926,0.0976243223362311,0.0503043260170173,-0.0010881760440913,0.0473199963192138,S0_all_original_rows,,,,
LODO,waveform,HGBR,P3,350,"{""l2_regularization"": 1.0, ""learning_rate"": 0.05, ""max_iter"": 150, ""max_leaf_nodes"": 7}",0.0347118199217416,0.0393083623008118,0.0337631816028335,-7.777476612038708,0.0252522752728171,0.0347118199217416,0.0256107249867153,-0.0003584497138982,0.0091010949350262,S0_all_original_rows,,,,
LODO,breast_cancer_wisconsin_diagnostic,HGBR,P4,350,"{""l2_regularization"": 0.0, ""learning_rate"": 0.05, ""max_iter"": 150, ""max_leaf_nodes"": 7}",0.0876893026919653,0.1377580655996619,0.0557641545889875,-0.0392151542870964,0.0910328379055074,0.0988845112344852,0.0876893026919653,0.003343535213542,0.0111952085425199,S0_all_original_rows,,,,
LODO,glass,HGBR,P4,350,"{""l2_regularization"": 1.0, ""learning_rate"": 0.05, ""max_iter"": 150, ""max_leaf_nodes"": 7}",0.0436407957801225,0.0566658948268379,0.032024864570668,-0.7233578619974004,0.0421116218371742,0.0844480047822226,0.0436407957801225,-0.0015291739429482,0.0408072090021001,S0_all_original_rows,,,,
LODO,human_activity_recognition,HGBR,P4,350,"{""l2_regularization"": 0.0, ""learning_rate"": 0.05, ""max_iter"": 150, ""max_leaf_nodes"": 7}",0.0242135508149728,0.0325218471214132,0.0176265866951819,-1.8285905629498265,0.0338796671065022,0.0233528270264006,0.0242135508149728,0.0096661162915293,-0.0008607237885722,S0_all_original_rows,,,,
LODO,iris,HGBR,P4,350,"{""l2_regularization"": 0.0, ""learning_rate"": 0.05, ""max_iter"": 150, ""max_leaf_nodes"": 7}",0.1152960949734225,0.1477988571721838,0.0798900065539134,-0.1200689421944478,0.1161985898216668,0.1219878029553337,0.1152960949734225,0.0009024948482442,0.0066917079819111,S0_all_original_rows,,,,
LODO,letter_recognition,HGBR,P4,350,"{""l2_regularization"": 1.0, ""learning_rate"": 0.05, ""max_iter"": 300, ""max_leaf_nodes"": 7}",0.0393295366536978,0.0480813861410437,0.0357217577181071,-2.8085023613594737,0.0247592874453245,0.0636210043379354,0.0393295366536978,-0.0145702492083733,0.0242914676842375,S0_all_original_rows,,,,
LODO,madelon,HGBR,P4,350,"{""l2_regularization"": 0.0, ""learning_rate"": 0.05, ""max_iter"": 150, ""max_leaf_nodes"": 7}",0.0541261620953309,0.0697312273851708,0.0433741439606601,-88.00760065267663,0.0193571289701171,0.0750592992643681,0.0541261620953309,-0.0347690331252138,0.0209331371690372,S0_all_original_rows,,,,
LODO,mice_protein_expression,HGBR,P4,350,"{""l2_regularization"": 0.0, ""learning_rate"": 0.05, ""max_iter"": 150, ""max_leaf_nodes"": 7}",0.0232418591581649,0.03352842060901,0.015811947748872,-0.2204040190151561,0.0329183412591549,0.0235256478966395,0.0232418591581649,0.00967648210099,0.0002837887384745,S0_all_original_rows,,,,
LODO,pendigits,HGBR,P4,350,"{""l2_regularization"": 1.0, ""learning_rate"": 0.05, ""max_iter"": 150, ""max_leaf_nodes"": 7}",0.0510456873359664,0.0724719842713999,0.0291394188274317,0.0292199544627226,0.0510202108044748,0.0561651383370121,0.0510456873359664,-2.5476531491597232e-05,0.0051194510010457,S0_all_original_rows,,,,
LODO,satimage,HGBR,P4,350,"{""l2_regularization"": 1.0, ""learning_rate"": 0.05, ""max_iter"": 150, ""max_leaf_nodes"": 7}",0.0345355592836171,0.0492835206064607,0.0195819471589515,-0.0562085626174551,0.0364153262588132,0.0485031727491413,0.0345355592836171,0.001879766975196,0.0139676134655242,S0_all_original_rows,,,,
LODO,sonar,HGBR,P4,350,"{""l2_regularization"": 1.0, ""learning_rate"": 0.05, ""max_iter"": 150, ""max_leaf_nodes"": 7}",0.0617028552162557,0.0871408336361473,0.040551275225808,-2.4902645762064743,0.0382945250933007,0.0392269700699301,0.0617028552162557,-0.023408330122955,-0.0224758851463256,S0_all_original_rows,,,,
LODO,spambase,HGBR,P4,350,"{""l2_regularization"": 1.0, ""learning_rate"": 0.05, ""max_iter"": 150, ""max_leaf_nodes"": 7}",0.0503043260170173,0.078898950342437,0.0301686622856869,-0.1594097880627669,0.049216149972926,0.0976243223362311,0.0503043260170173,-0.0010881760440913,0.0473199963192138,S0_all_original_rows,,,,
LODO,waveform,HGBR,P4,350,"{""l2_regularization"": 0.0, ""learning_rate"": 0.05, ""max_iter"": 150, ""max_leaf_nodes"": 7}",0.0256107249867153,0.0348551207611445,0.0172598068262465,-5.901332693003156,0.0252522752728171,0.0347118199217416,0.0256107249867153,-0.0003584497138982,0.0091010949350262,S0_all_original_rows,,,,
LOSFO,class_prevalence,HGBR,P0,600,"{""l2_regularization"": 0.0, ""learning_rate"": 0.05, ""max_iter"": 150, ""max_leaf_nodes"": 7}",0.0684624743986076,0.096367620888923,0.0468414425183998,-0.1744241829030686,0.0684624743986076,0.0613376014892596,0.0674832523535558,0.0009792220450517,-0.0061456508642962,S0_all_original_rows,,,,
LOSFO,local_overlap,HGBR,P0,600,"{""l2_regularization"": 1.0, ""learning_rate"": 0.05, ""max_iter"": 150, ""max_leaf_nodes"": 7}",0.0684297886405649,0.129906438426671,0.0199372846416422,-0.2283619954491147,0.0684297886405649,0.064553241556901,0.064266091113588,0.0041636975269769,0.0002871504433129,S0_all_original_rows,,,,
LOSFO,location,HGBR,P0,600,"{""l2_regularization"": 0.0, ""learning_rate"": 0.05, ""max_iter"": 150, ""max_leaf_nodes"": 7}",0.0382163933076069,0.0629678460549956,0.019607794356484,-0.4095115917716392,0.0382163933076069,0.0336918754428314,0.0411592762989307,-0.0029428829913238,-0.0074674008560993,S0_all_original_rows,,,,
LOSFO,mcar,HGBR,P0,600,"{""l2_regularization"": 1.0, ""learning_rate"": 0.05, ""max_iter"": 150, ""max_leaf_nodes"": 7}",0.0452505413632033,0.069165030395763,0.0277167451077799,-0.1520068733671,0.0452505413632033,0.0370823877869027,0.0460112076678973,-0.0007606663046939,-0.0089288198809946,S0_all_original_rows,,,,
LOSFO,measurement_noise,HGBR,P0,600,"{""l2_regularization"": 1.0, ""learning_rate"": 0.05, ""max_iter"": 150, ""max_leaf_nodes"": 7}",0.0393586565903594,0.0487225846126756,0.0294878507118338,-2.926997946954103,0.0393586565903594,0.0389242934101617,0.0336514281541972,0.0057072284361621,0.0052728652559645,S0_all_original_rows,,,,
LOSFO,outliers,HGBR,P0,600,"{""l2_regularization"": 0.0, ""learning_rate"": 0.05, ""max_iter"": 150, ""max_leaf_nodes"": 7}",0.0364647657588673,0.057639067762737,0.0209703095047186,-0.3643663597524638,0.0364647657588673,0.0387442653844486,0.0375278689364214,-0.001063103177554,0.0012163964480272,S0_all_original_rows,,,,
LOSFO,scale,HGBR,P0,600,"{""l2_regularization"": 0.0, ""learning_rate"": 0.05, ""max_iter"": 150, ""max_leaf_nodes"": 7}",0.0385190393370609,0.0524021683979838,0.030069054728196,-1.5459194476521263,0.0385190393370609,0.0287608146359778,0.0335886410886438,0.004930398248417,-0.004827826452666,S0_all_original_rows,,,,
LOSFO,class_prevalence,HGBR,P3,600,"{""l2_regularization"": 0.0, ""learning_rate"": 0.05, ""max_iter"": 150, ""max_leaf_nodes"": 7}",0.0613376014892596,0.0936022122917554,0.0345958019811374,-0.1079876957830696,0.0684624743986076,0.0613376014892596,0.0674832523535558,0.0009792220450517,-0.0061456508642962,S0_all_original_rows,,,,
LOSFO,local_overlap,HGBR,P3,600,"{""l2_regularization"": 1.0, ""learning_rate"": 0.05, ""max_iter"": 150, ""max_leaf_nodes"": 7}",0.064553241556901,0.1242729055522627,0.0163051517966533,-0.1241335869393052,0.0684297886405649,0.064553241556901,0.064266091113588,0.0041636975269769,0.0002871504433129,S0_all_original_rows,,,,
LOSFO,location,HGBR,P3,600,"{""l2_regularization"": 0.0, ""learning_rate"": 0.05, ""max_iter"": 150, ""max_leaf_nodes"": 7}",0.0336918754428314,0.0531570692159654,0.0184262456937961,-0.0045071522099819,0.0382163933076069,0.0336918754428314,0.0411592762989307,-0.0029428829913238,-0.0074674008560993,S0_all_original_rows,,,,
LOSFO,mcar,HGBR,P3,600,"{""l2_regularization"": 1.0, ""learning_rate"": 0.05, ""max_iter"": 150, ""max_leaf_nodes"": 7}",0.0370823877869027,0.056069211409233,0.0207982751609589,0.2429390908775613,0.0452505413632033,0.0370823877869027,0.0460112076678973,-0.0007606663046939,-0.0089288198809946,S0_all_original_rows,,,,
LOSFO,measurement_noise,HGBR,P3,600,"{""l2_regularization"": 1.0, ""learning_rate"": 0.05, ""max_iter"": 150, ""max_leaf_nodes"": 7}",0.0389242934101617,0.0622692470043639,0.0176622701893084,-5.41427041744147,0.0393586565903594,0.0389242934101617,0.0336514281541972,0.0057072284361621,0.0052728652559645,S0_all_original_rows,,,,
LOSFO,outliers,HGBR,P3,600,"{""l2_regularization"": 0.0, ""learning_rate"": 0.05, ""max_iter"": 150, ""max_leaf_nodes"": 7}",0.0387442653844486,0.0614792918900717,0.0201278893677589,-0.5522255226461381,0.0364647657588673,0.0387442653844486,0.0375278689364214,-0.001063103177554,0.0012163964480272,S0_all_original_rows,,,,
LOSFO,scale,HGBR,P3,600,"{""l2_regularization"": 1.0, ""learning_rate"": 0.05, ""max_iter"": 150, ""max_leaf_nodes"": 15}",0.0287608146359778,0.0412838011596925,0.0175872237125446,-0.5801761295227172,0.0385190393370609,0.0287608146359778,0.0335886410886438,0.004930398248417,-0.004827826452666,S0_all_original_rows,,,,
LOSFO,class_prevalence,HGBR,P4,600,"{""l2_regularization"": 1.0, ""learning_rate"": 0.05, ""max_iter"": 150, ""max_leaf_nodes"": 7}",0.0674832523535558,0.0959525288170321,0.0437698164771898,-0.1643285874886786,0.0684624743986076,0.0613376014892596,0.0674832523535558,0.0009792220450517,-0.0061456508642962,S0_all_original_rows,,,,
LOSFO,local_overlap,HGBR,P4,600,"{""l2_regularization"": 1.0, ""learning_rate"": 0.05, ""max_iter"": 150, ""max_leaf_nodes"": 7}",0.064266091113588,0.1280211456389028,0.0143549123681147,-0.1929670200039808,0.0684297886405649,0.064553241556901,0.064266091113588,0.0041636975269769,0.0002871504433129,S0_all_original_rows,,,,
LOSFO,location,HGBR,P4,600,"{""l2_regularization"": 0.0, ""learning_rate"": 0.05, ""max_iter"": 150, ""max_leaf_nodes"": 7}",0.0411592762989307,0.0644942973367757,0.0272718593019481,-0.4786779869692732,0.0382163933076069,0.0336918754428314,0.0411592762989307,-0.0029428829913238,-0.0074674008560993,S0_all_original_rows,,,,
LOSFO,mcar,HGBR,P4,600,"{""l2_regularization"": 0.0, ""learning_rate"": 0.05, ""max_iter"": 150, ""max_leaf_nodes"": 7}",0.0460112076678973,0.0680997005185445,0.0255182767211431,-0.1167920920275884,0.0452505413632033,0.0370823877869027,0.0460112076678973,-0.0007606663046939,-0.0089288198809946,S0_all_original_rows,,,,
LOSFO,measurement_noise,HGBR,P4,600,"{""l2_regularization"": 0.0, ""learning_rate"": 0.05, ""max_iter"": 150, ""max_leaf_nodes"": 7}",0.0336514281541972,0.056045015031181,0.0174571004417871,-4.196058323629885,0.0393586565903594,0.0389242934101617,0.0336514281541972,0.0057072284361621,0.0052728652559645,S0_all_original_rows,,,,
LOSFO,outliers,HGBR,P4,600,"{""l2_regularization"": 1.0, ""learning_rate"": 0.05, ""max_iter"": 150, ""max_leaf_nodes"": 7}",0.0375278689364214,0.0571779205732713,0.0235363143651498,-0.3426221903002078,0.0364647657588673,0.0387442653844486,0.0375278689364214,-0.001063103177554,0.0012163964480272,S0_all_original_rows,,,,
LOSFO,scale,HGBR,P4,600,"{""l2_regularization"": 0.0, ""learning_rate"": 0.05, ""max_iter"": 150, ""max_leaf_nodes"": 7}",0.0335886410886438,0.0492858948982702,0.0212538867399393,-1.252119520171885,0.0385190393370609,0.0287608146359778,0.0335886410886438,0.004930398248417,-0.004827826452666,S0_all_original_rows,,,,
LODO,breast_cancer_wisconsin_diagnostic,HGBR,P0,350,"{""l2_regularization"": 0.0, ""learning_rate"": 0.05, ""max_iter"": 150, ""max_leaf_nodes"": 7}",0.09057386114003943,0.14663518526782837,0.04642125231006426,-0.17746439656537794,,,,,,S1_source_converged,31.7008513990138,7.525657145485623,24.81335685233106,8.150560022424632
LODO,glass,HGBR,P0,294,"{""l2_regularization"": 0.0, ""learning_rate"": 0.05, ""max_iter"": 150, ""max_leaf_nodes"": 7}",0.04168907257495862,0.054469315164616804,0.03568431588723761,-0.8031353461153701,,,,,,S1_source_converged,12.256587337037836,0.8722704505836922,-0.2886298318699335,0.4840354246545398
LODO,human_activity_recognition,HGBR,P0,322,"{""l2_regularization"": 1.0, ""learning_rate"": 0.05, ""max_iter"": 150, ""max_leaf_nodes"": 7}",0.0385227952954582,0.0511966629840548,0.029266633264987123,-6.07741676382253,,,,,,S1_source_converged,12.40434008513754,0.8439936528263295,2.777820980173047,0.14321528534452144
LODO,iris,HGBR,P0,336,"{""l2_regularization"": 0.0, ""learning_rate"": 0.05, ""max_iter"": 150, ""max_leaf_nodes"": 7}",0.11801459748243333,0.1513384125954861,0.09766849815431919,-0.17232657176514832,,,,,,S1_source_converged,39.6529047540976,7.695513882645653,18.669571123604978,7.60166879379973
LODO,madelon,HGBR,P0,350,"{""l2_regularization"": 1.0, ""learning_rate"": 0.05, ""max_iter"": 150, ""max_leaf_nodes"": 7}",0.021839250386272428,0.026289317331468023,0.02174876759967273,-11.651181672960409,,,,,,S1_source_converged,7.64373763519535,0.24189487201411874,1.5764049038391699,0.026220487957843482
LODO,mice_protein_expression,HGBR,P0,322,"{""l2_regularization"": 1.0, ""learning_rate"": 0.05, ""max_iter"": 150, ""max_leaf_nodes"": 7}",0.035373672576309745,0.046043116431122445,0.027566196386911324,-1.1749206110758421,,,,,,S1_source_converged,11.390322569571738,0.682629879762147,0.9108895493663361,0.31644104400858597
LODO,pendigits,HGBR,P0,322,"{""l2_regularization"": 1.0, ""learning_rate"": 0.05, ""max_iter"": 150, ""max_leaf_nodes"": 7}",0.05075430758054161,0.07516071688182661,0.026711565639458014,-0.021729883235668046,,,,,,S1_source_converged,16.3428870409344,1.8190209426252113,10.245958960786023,2.1063583176912504
LODO,satimage,HGBR,P0,350,"{""l2_regularization"": 1.0, ""learning_rate"": 0.05, ""max_iter"": 150, ""max_leaf_nodes"": 7}",0.036473160132704796,0.04938082858878746,0.02290279173919018,-0.06038354799027856,,,,,,S1_source_converged,12.765606046446678,0.853463181240323,13.371230849515484,1.3156907561028328
LODO,sonar,HGBR,P0,336,"{""l2_regularization"": 1.0, ""learning_rate"": 0.05, ""max_iter"": 150, ""max_leaf_nodes"": 7}",0.039035024748252184,0.05994553783422278,0.02767636423188443,-0.614656837399755,,,,,,S1_source_converged,13.115768315412733,1.2074050820947029,-5.200522244792784,0.828270493211824
LODO,spambase,HGBR,P0,350,"{""l2_regularization"": 1.0, ""learning_rate"": 0.05, ""max_iter"": 150, ""max_leaf_nodes"": 7}",0.049737291652128306,0.07732524102566891,0.030759130920011354,-0.11362013922735614,,,,,,S1_source_converged,17.408052078244907,2.0927175148872266,10.472972957680964,2.192582753649192
LODO,waveform,HGBR,P0,350,"{""l2_regularization"": 1.0, ""learning_rate"": 0.05, ""max_iter"": 150, ""max_leaf_nodes"": 7}",0.029555141901847628,0.034435679668192734,0.02687697786970404,-5.736232973643231,,,,,,S1_source_converged,10.34429966564667,0.41503561197363387,0.6403875566110456,0.0627841230158548
LODO,breast_cancer_wisconsin_diagnostic,HGBR,P3,350,"{""l2_regularization"": 0.0, ""learning_rate"": 0.05, ""max_iter"": 150, ""max_leaf_nodes"": 15}",0.09820329635529675,0.15622756865461532,0.05447649779815196,-0.3365547310439685,,,,,,S1_source_converged,34.37115372435386,8.54246862270639,24.81335685233106,8.150560022424632
LODO,glass,HGBR,P3,294,"{""l2_regularization"": 1.0, ""learning_rate"": 0.1, ""max_iter"": 300, ""max_leaf_nodes"": 15}",0.09077354035544381,0.10631949206212561,0.08894597631080489,-5.869897905857763,,,,,,S1_source_converged,26.68742086450048,3.323327311350427,-0.2886298318699335,0.4840354246545398
LODO,human_activity_recognition,HGBR,P3,322,"{""l2_regularization"": 0.0, ""learning_rate"": 0.05, ""max_iter"": 150, ""max_leaf_nodes"": 7}",0.01925772949561156,0.026556826677084984,0.015266613280194439,-0.9043370628400111,,,,,,S1_source_converged,6.200988897586922,0.2270953438964679,2.777820980173047,0.14321528534452144
LODO,iris,HGBR,P3,336,"{""l2_regularization"": 0.0, ""learning_rate"": 0.1, ""max_iter"": 150, ""max_leaf_nodes"": 15}",0.12834973177260645,0.16231404870124475,0.1081127425127228,-0.3485358043278446,,,,,,S1_source_converged,43.12550987559577,8.852205736345457,18.669571123604978,7.60166879379973
LODO,madelon,HGBR,P3,350,"{""l2_regularization"": 0.0, ""learning_rate"": 0.05, ""max_iter"": 150, ""max_leaf_nodes"": 15}",0.091593642965592,0.09663580129974984,0.08381293575909138,-169.94192064197773,,,,,,S1_source_converged,32.0577750379572,3.268467332495657,1.5764049038391699,0.026220487957843482
LODO,mice_protein_expression,HGBR,P3,322,"{""l2_regularization"": 0.0, ""learning_rate"": 0.05, ""max_iter"": 150, ""max_leaf_nodes"": 15}",0.02627318610244897,0.03722107988517779,0.01977005348537182,-0.42132018797434934,,,,,,S1_source_converged,8.459965924988568,0.4461016296776493,0.9108895493663361,0.31644104400858597
LODO,pendigits,HGBR,P3,322,"{""l2_regularization"": 0.0, ""learning_rate"": 0.05, ""max_iter"": 150, ""max_leaf_nodes"": 7}",0.05593851945929883,0.07886830234716223,0.03359695134827201,-0.12501743637940366,,,,,,S1_source_converged,18.01220326589422,2.0029073350697333,10.245958960786023,2.1063583176912504
LODO,satimage,HGBR,P3,350,"{""l2_regularization"": 0.0, ""learning_rate"": 0.05, ""max_iter"": 150, ""max_leaf_nodes"": 15}",0.04482601349351882,0.05807685845598635,0.03452740336953597,-0.4667377417645644,,,,,,S1_source_converged,15.689104722731587,1.1805225208408354,13.371230849515484,1.3156907561028328
LODO,sonar,HGBR,P3,336,"{""l2_regularization"": 1.0, ""learning_rate"": 0.1, ""max_iter"": 150, ""max_leaf_nodes"": 15}",0.04570839477859402,0.0723892656791141,0.02568557850779912,-1.3545876194398208,,,,,,S1_source_converged,15.358020645607592,1.7607091439486195,-5.200522244792784,0.828270493211824
LODO,spambase,HGBR,P3,350,"{""l2_regularization"": 1.0, ""learning_rate"": 0.05, ""max_iter"": 150, ""max_leaf_nodes"": 15}",0.05165861551229555,0.08220207725257093,0.027253012323044157,-0.2585199263908329,,,,,,S1_source_converged,18.080515429303443,2.3650135266231738,10.472972957680964,2.192582753649192
LODO,waveform,HGBR,P3,350,"{""l2_regularization"": 1.0, ""learning_rate"": 0.05, ""max_iter"": 150, ""max_leaf_nodes"": 15}",0.032004381637505665,0.039510376412938725,0.027887645066603364,-7.867927111714971,,,,,,S1_source_converged,11.201533573126982,0.5463744455022366,0.6403875566110456,0.0627841230158548
LODO,breast_cancer_wisconsin_diagnostic,HGBR,P4,350,"{""l2_regularization"": 1.0, ""learning_rate"": 0.05, ""max_iter"": 150, ""max_leaf_nodes"": 7}",0.08759554533691455,0.13957485986369209,0.0503115661163562,-0.06680686211193798,,,,,,S1_source_converged,30.658440867920092,6.81839952708925,24.81335685233106,8.150560022424632
LODO,glass,HGBR,P4,294,"{""l2_regularization"": 0.0, ""learning_rate"": 0.05, ""max_iter"": 150, ""max_leaf_nodes"": 7}",0.04394025053318775,0.05744901719540872,0.034282569832534984,-1.0058095912091538,,,,,,S1_source_converged,12.918433656757198,0.9703145355551999,-0.2886298318699335,0.4840354246545398
LODO,human_activity_recognition,HGBR,P4,322,"{""l2_regularization"": 1.0, ""learning_rate"": 0.05, ""max_iter"": 150, ""max_leaf_nodes"": 7}",0.026908661048170354,0.03650669645048114,0.0204960664751438,-2.598624488489062,,,,,,S1_source_converged,8.664588857510854,0.42914192120427813,2.777820980173047,0.14321528534452144
LODO,iris,HGBR,P4,336,"{""l2_regularization"": 0.0, ""learning_rate"": 0.05, ""max_iter"": 150, ""max_leaf_nodes"": 7}",0.11805308598436562,0.14912504310206712,0.0957433658627077,-0.1382860790313849,,,,,,S1_source_converged,39.665836890746846,7.472061569344976,18.669571123604978,7.60166879379973
LODO,madelon,HGBR,P4,350,"{""l2_regularization"": 0.0, ""learning_rate"": 0.05, ""max_iter"": 150, ""max_leaf_nodes"": 7}",0.05973822115362039,0.072945837171031,0.05501544328636784,-96.40326181903914,,,,,,S1_source_converged,20.908377403767137,1.8623833062038986,1.5764049038391699,0.026220487957843482
LODO,mice_protein_expression,HGBR,P4,322,"{""l2_regularization"": 1.0, ""learning_rate"": 0.05, ""max_iter"": 150, ""max_leaf_nodes"": 7}",0.025933315207440022,0.037309321864550014,0.017435334651872334,-0.42806737409202955,,,,,,S1_source_converged,8.350527496795687,0.448219330353614,0.9108895493663361,0.31644104400858597
LODO,pendigits,HGBR,P4,322,"{""l2_regularization"": 0.0, ""learning_rate"": 0.05, ""max_iter"": 150, ""max_leaf_nodes"": 7}",0.05449892049048575,0.07529898652141957,0.03699245217405794,-0.02549259802492987,,,,,,S1_source_converged,17.54865239793641,1.8257198335112423,10.245958960786023,2.1063583176912504
LODO,satimage,HGBR,P4,350,"{""l2_regularization"": 0.0, ""learning_rate"": 0.05, ""max_iter"": 150, ""max_leaf_nodes"": 7}",0.03423044781285491,0.04823275615564426,0.022654991245326342,-0.011650251881325513,,,,,,S1_source_converged,11.98065673449922,0.8142395682294439,13.371230849515484,1.3156907561028328
LODO,sonar,HGBR,P4,336,"{""l2_regularization"": 1.0, ""learning_rate"": 0.05, ""max_iter"": 150, ""max_leaf_nodes"": 7}",0.058428421916077056,0.0829330533976631,0.03677875515932053,-2.090450732953136,,,,,,S1_source_converged,19.63194976380189,2.310971492208839,-5.200522244792784,0.828270493211824
LODO,spambase,HGBR,P4,350,"{""l2_regularization"": 1.0, ""learning_rate"": 0.05, ""max_iter"": 150, ""max_leaf_nodes"": 7}",0.04883137542458584,0.07760180714161281,0.028473515769098658,-0.12160046698383509,,,,,,S1_source_converged,17.090981398605045,2.107714165075424,10.472972957680964,2.192582753649192
LODO,waveform,HGBR,P4,350,"{""l2_regularization"": 1.0, ""learning_rate"": 0.05, ""max_iter"": 150, ""max_leaf_nodes"": 7}",0.024089273595837152,0.0327606751828338,0.01892859698836953,-5.096849407365233,,,,,,S1_source_converged,8.431245758543003,0.3756416434522999,0.6403875566110456,0.0627841230158548
LOSFO,class_prevalence,HGBR,P0,526,"{""l2_regularization"": 0.0, ""learning_rate"": 0.05, ""max_iter"": 150, ""max_leaf_nodes"": 7}",0.07024912365090902,0.09812870113119028,0.0464402296909533,-0.13870799332801798,,,,,,S1_source_converged,36.95103904037814,5.064981284475288,-0.7516043838352084,4.4490811115720135
LOSFO,local_overlap,HGBR,P0,526,"{""l2_regularization"": 1.0, ""learning_rate"": 0.05, ""max_iter"": 150, ""max_leaf_nodes"": 7}",0.07639565359374009,0.1379878432345185,0.02249080923474306,-0.25960891300178623,,,,,,S1_source_converged,40.184113790307286,10.015379207150392,38.584541547192174,10.78153681725291
LOSFO,location,HGBR,P0,526,"{""l2_regularization"": 0.0, ""learning_rate"": 0.05, ""max_iter"": 150, ""max_leaf_nodes"": 7}",0.04105084195825081,0.06670084503947263,0.02141757108955817,-0.4520512023775989,,,,,,S1_source_converged,21.592742870039928,2.340175435443343,4.131297973422713,1.6440821919943474
LOSFO,mcar,HGBR,P0,526,"{""l2_regularization"": 1.0, ""learning_rate"": 0.05, ""max_iter"": 150, ""max_leaf_nodes"": 7}",0.0484539574528478,0.07149421574249712,0.028202807568737217,-0.11434991328019706,,,,,,S1_source_converged,25.48678162019794,2.6886084373178645,20.29068981874498,3.19543732936433
LOSFO,measurement_noise,HGBR,P0,526,"{""l2_regularization"": 1.0, ""learning_rate"": 0.05, ""max_iter"": 150, ""max_leaf_nodes"": 7}",0.04701530459226117,0.05850087347848988,0.039135688932318675,-4.04941848587842,,,,,,S1_source_converged,24.730050215529378,1.8001572560145436,-0.5716781938033433,0.3571291588266345
LOSFO,outliers,HGBR,P0,526,"{""l2_regularization"": 1.0, ""learning_rate"": 0.05, ""max_iter"": 150, ""max_leaf_nodes"": 7}",0.038472043321476884,0.059911559431930876,0.021928490417875687,-0.3596675970254104,,,,,,S1_source_converged,20.236294787096842,1.8880217455756032,20.425359015238612,2.181737615322957
LOSFO,scale,HGBR,P0,526,"{""l2_regularization"": 0.0, ""learning_rate"": 0.05, ""max_iter"": 150, ""max_leaf_nodes"": 7}",0.043225596756417954,0.056974122043341596,0.038016065447456976,-1.9108806691908544,,,,,,S1_source_converged,22.736663893875843,1.7074226064526403,-4.11916411971453,0.6188232775276136
LOSFO,class_prevalence,HGBR,P3,526,"{""l2_regularization"": 1.0, ""learning_rate"": 0.05, ""max_iter"": 150, ""max_leaf_nodes"": 15}",0.0658327529191804,0.1023341456334713,0.032175249016696064,-0.2384013153662381,,,,,,S1_source_converged,34.628028035488896,5.508417892692103,-0.7516043838352084,4.4490811115720135
LOSFO,local_overlap,HGBR,P3,526,"{""l2_regularization"": 1.0, ""learning_rate"": 0.05, ""max_iter"": 150, ""max_leaf_nodes"": 15}",0.07208772677339183,0.13511973329923904,0.020746825146441307,-0.20779055893056442,,,,,,S1_source_converged,37.9181442828041,9.603362063927037,38.584541547192174,10.78153681725291
LOSFO,location,HGBR,P3,526,"{""l2_regularization"": 1.0, ""learning_rate"": 0.05, ""max_iter"": 150, ""max_leaf_nodes"": 7}",0.03715515489258615,0.05737993445962517,0.023213250997746536,-0.0745814872607724,,,,,,S1_source_converged,19.543611473500313,1.7318323181388031,4.131297973422713,1.6440821919943474
LOSFO,mcar,HGBR,P3,526,"{""l2_regularization"": 0.0, ""learning_rate"": 0.05, ""max_iter"": 150, ""max_leaf_nodes"": 7}",0.041974154648648745,0.06111209771676321,0.019232987235097775,0.18579427178487662,,,,,,S1_source_converged,22.07840534518924,1.964446144342531,20.29068981874498,3.19543732936433
LOSFO,measurement_noise,HGBR,P3,526,"{""l2_regularization"": 0.0, ""learning_rate"": 0.05, ""max_iter"": 150, ""max_leaf_nodes"": 7}",0.041247996178621064,0.06343411884238681,0.01953969648937331,-4.936937643130314,,,,,,S1_source_converged,21.69644598995468,2.116564789921088,-0.5716781938033433,0.3571291588266345
LOSFO,outliers,HGBR,P3,526,"{""l2_regularization"": 1.0, ""learning_rate"": 0.05, ""max_iter"": 150, ""max_leaf_nodes"": 15}",0.04067762510517841,0.06397923158942066,0.02306952144966893,-0.5505634388548575,,,,,,S1_source_converged,21.396430805323842,2.153097931330452,20.425359015238612,2.181737615322957
LOSFO,scale,HGBR,P3,526,"{""l2_regularization"": 1.0, ""learning_rate"": 0.05, ""max_iter"": 150, ""max_leaf_nodes"": 15}",0.025720254478337506,0.040808601407205033,0.01692213305521542,-0.493387599182991,,,,,,S1_source_converged,13.528853855605528,0.8759698650751837,-4.11916411971453,0.6188232775276136
LOSFO,class_prevalence,HGBR,P4,526,"{""l2_regularization"": 1.0, ""learning_rate"": 0.05, ""max_iter"": 150, ""max_leaf_nodes"": 7}",0.07027247256357114,0.10004126964261426,0.043288600707984806,-0.1835283300622279,,,,,,S1_source_converged,36.96332056843842,5.264342462277488,-0.7516043838352084,4.4490811115720135
LOSFO,local_overlap,HGBR,P4,526,"{""l2_regularization"": 0.0, ""learning_rate"": 0.05, ""max_iter"": 150, ""max_leaf_nodes"": 7}",0.07109243577700446,0.13519106177229612,0.017615383001402907,-0.20906605871284367,,,,,,S1_source_converged,37.394621218704344,9.613503794321531,38.584541547192174,10.78153681725291
LOSFO,location,HGBR,P4,526,"{""l2_regularization"": 0.0, ""learning_rate"": 0.05, ""max_iter"": 150, ""max_leaf_nodes"": 7}",0.04447830415783077,0.06819686273301787,0.027167492789115746,-0.5179170914930731,,,,,,S1_source_converged,23.395587987018985,2.4463271575653187,4.131297973422713,1.6440821919943474
LOSFO,mcar,HGBR,P4,526,"{""l2_regularization"": 1.0, ""learning_rate"": 0.05, ""max_iter"": 150, ""max_leaf_nodes"": 7}",0.04867464021119393,0.0725968423846267,0.026556357472594157,-0.14898731312717195,,,,,,S1_source_converged,25.602860751088006,2.772178601738843,20.29068981874498,3.19543732936433
LOSFO,measurement_noise,HGBR,P4,526,"{""l2_regularization"": 1.0, ""learning_rate"": 0.05, ""max_iter"": 150, ""max_leaf_nodes"": 7}",0.03452223696550552,0.055529218963581706,0.01594141658928825,-3.549459408741856,,,,,,S1_source_converged,18.158696643855905,1.6219179274790414,-0.5716781938033433,0.3571291588266345
LOSFO,outliers,HGBR,P4,526,"{""l2_regularization"": 1.0, ""learning_rate"": 0.05, ""max_iter"": 150, ""max_leaf_nodes"": 7}",0.04091273053863842,0.062051347593417766,0.02400548790709864,-0.4585251935960477,,,,,,S1_source_converged,21.520096263323808,2.0252944822717143,20.425359015238612,2.181737615322957
LOSFO,scale,HGBR,P4,526,"{""l2_regularization"": 1.0, ""learning_rate"": 0.05, ""max_iter"": 150, ""max_leaf_nodes"": 7}",0.03728348425062662,0.05246845071309923,0.025013591994800327,-1.4686845555556691,,,,,,S1_source_converged,19.611112715829602,1.4480455564425174,-4.11916411971453,0.6188232775276136
LODO,breast_cancer_wisconsin_diagnostic,HGBR,P0,350,"{""l2_regularization"": 0.0, ""learning_rate"": 0.05, ""max_iter"": 150, ""max_leaf_nodes"": 7}",0.09149378348862659,0.14767029075693908,0.053503957614481804,-0.1941466361527957,,,,,,S2_candidate_converged,32.022824221019306,7.632280170283623,24.81335685233106,8.150560022424632
LODO,glass,HGBR,P0,346,"{""l2_regularization"": 1.0, ""learning_rate"": 0.05, ""max_iter"": 150, ""max_leaf_nodes"": 7}",0.04328996332827863,0.055625381673805284,0.036438260182131116,-0.6451156947428454,,,,,,S2_candidate_converged,14.978327311584405,1.0705873478793535,-0.7160140918921185,0.6522489312906585
LODO,human_activity_recognition,HGBR,P0,339,"{""l2_regularization"": 0.0, ""learning_rate"": 0.05, ""max_iter"": 150, ""max_leaf_nodes"": 7}",0.03724081693909406,0.05025379851582715,0.029483646883691813,-5.736062172979139,,,,,,S2_candidate_converged,12.624636942352886,0.8561256059263099,2.9339635936309842,0.1524886090198586
LODO,iris,HGBR,P0,348,"{""l2_regularization"": 1.0, ""learning_rate"": 0.05, ""max_iter"": 150, ""max_leaf_nodes"": 7}",0.11426937695763832,0.1483889487195779,0.09262403907698391,-0.15559566478188191,,,,,,S2_candidate_converged,39.76574318125814,7.662709475531327,17.412766212243085,7.502237821800401
LODO,letter_recognition,HGBR,P0,30,"{""l2_regularization"": 1.0, ""learning_rate"": 0.05, ""max_iter"": 150, ""max_leaf_nodes"": 7}",0.025730443975713328,0.03535522722282284,0.016672631076191918,-0.9636335632011344,,,,,,S2_candidate_converged,0.7719133192713998,0.03749976275932299,-0.023267650248885025,0.019115174758804546
LODO,madelon,HGBR,P0,337,"{""l2_regularization"": 0.0, ""learning_rate"": 0.05, ""max_iter"": 150, ""max_leaf_nodes"": 7}",0.020882955874777138,0.02558761709087779,0.017416382804274474,-12.524311817647648,,,,,,S2_candidate_converged,7.037556129799896,0.22064271200722146,1.588298479467792,0.023800257283565298
LODO,mice_protein_expression,HGBR,P0,347,"{""l2_regularization"": 0.0, ""learning_rate"": 0.05, ""max_iter"": 150, ""max_leaf_nodes"": 7}",0.03404943342655579,0.04510629684179014,0.02518820660005447,-1.2257327991307179,,,,,,S2_candidate_converged,11.815153399014857,0.7059985711285516,0.6615863015652546,0.31845963301854996
LODO,pendigits,HGBR,P0,313,"{""l2_regularization"": 1.0, ""learning_rate"": 0.05, ""max_iter"": 150, ""max_leaf_nodes"": 7}",0.048509798160018554,0.07347875383461813,0.025638626155511376,-0.026630195452594485,,,,,,S2_candidate_converged,15.183566824085807,1.6899268339726718,8.653123320689678,1.8853132888422464
LODO,satimage,HGBR,P0,341,"{""l2_regularization"": 0.0, ""learning_rate"": 0.05, ""max_iter"": 150, ""max_leaf_nodes"": 7}",0.038138998970460025,0.05063795103852928,0.026871788637720627,-0.10100153626141073,,,,,,S2_candidate_converged,13.00539864892687,0.8743929111147466,13.031138926037922,1.292157801384303
LODO,sonar,HGBR,P0,349,"{""l2_regularization"": 1.0, ""learning_rate"": 0.05, ""max_iter"": 150, ""max_leaf_nodes"": 7}",0.03693099506824462,0.05820836421994091,0.029356700018934652,-0.553368149946263,,,,,,S2_candidate_converged,12.888917278817372,1.1824865691412927,-5.302399587978038,0.8418003893897215
LODO,spambase,HGBR,P0,350,"{""l2_regularization"": 1.0, ""learning_rate"": 0.05, ""max_iter"": 150, ""max_leaf_nodes"": 7}",0.049502738190914164,0.0768207869720754,0.029613672715366787,-0.09913747485901303,,,,,,S2_candidate_converged,17.325958366819957,2.0655016588531456,10.472972957680964,2.192582753649192
LODO,waveform,HGBR,P0,347,"{""l2_regularization"": 1.0, ""learning_rate"": 0.05, ""max_iter"": 150, ""max_leaf_nodes"": 7}",0.02608585225851612,0.029949157999993935,0.02652412874613537,-4.487332472179004,,,,,,S2_candidate_converged,9.051790733705094,0.3112423665232844,0.51732563866462,0.057491414265407714
LODO,breast_cancer_wisconsin_diagnostic,HGBR,P3,350,"{""l2_regularization"": 1.0, ""learning_rate"": 0.05, ""max_iter"": 150, ""max_leaf_nodes"": 7}",0.0941293638576198,0.1519503293159233,0.05345447897124425,-0.26437147959712237,,,,,,S2_candidate_converged,32.94527735016693,8.08111590272614,24.81335685233106,8.150560022424632
LODO,glass,HGBR,P3,346,"{""l2_regularization"": 1.0, ""learning_rate"": 0.05, ""max_iter"": 150, ""max_leaf_nodes"": 15}",0.08104580526281013,0.09779125004635496,0.07999755023277327,-4.0845255396916915,,,,,,S2_candidate_converged,28.041848620932306,3.3088424906275367,-0.7160140918921185,0.6522489312906585
LODO,human_activity_recognition,HGBR,P3,339,"{""l2_regularization"": 0.0, ""learning_rate"": 0.05, ""max_iter"": 150, ""max_leaf_nodes"": 15}",0.02239522068539097,0.028654737713163694,0.016429834367239545,-1.1900860238865603,,,,,,S2_candidate_converged,7.591979812347539,0.2783508637660597,2.9339635936309842,0.1524886090198586
LODO,iris,HGBR,P3,348,"{""l2_regularization"": 1.0, ""learning_rate"": 0.05, ""max_iter"": 150, ""max_leaf_nodes"": 7}",0.11965626523179294,0.15054126449941008,0.09742573548349101,-0.18936158496353883,,,,,,S2_candidate_converged,41.64038030066394,7.8866099663443086,17.412766212243085,7.502237821800401
LODO,letter_recognition,HGBR,P3,30,"{""l2_regularization"": 1.0, ""learning_rate"": 0.05, ""max_iter"": 150, ""max_leaf_nodes"": 7}",0.052024326529551516,0.06287789805690851,0.0427010046023043,-5.2108238444756205,,,,,,S2_candidate_converged,1.5607297958865456,0.11860890192164933,-0.023267650248885025,0.019115174758804546
LODO,madelon,HGBR,P3,337,"{""l2_regularization"": 0.0, ""learning_rate"": 0.1, ""max_iter"": 300, ""max_leaf_nodes"": 15}",0.09774721524140484,0.1081756420941489,0.09494161247283793,-240.7210391893687,,,,,,S2_candidate_converged,32.94081153635343,3.9435637358162317,1.588298479467792,0.023800257283565298
LODO,mice_protein_expression,HGBR,P3,347,"{""l2_regularization"": 0.0, ""learning_rate"": 0.05, ""max_iter"": 150, ""max_leaf_nodes"": 15}",0.026301787686391704,0.036286344129141376,0.0195905334732192,-0.4404066190878919,,,,,,S2_candidate_converged,9.126720327177921,0.4568944732796901,0.6615863015652546,0.31845963301854996
LODO,pendigits,HGBR,P3,313,"{""l2_regularization"": 0.0, ""learning_rate"": 0.05, ""max_iter"": 150, ""max_leaf_nodes"": 7}",0.052829129969537654,0.07729929506922967,0.03217827943102395,-0.1361653384695094,,,,,,S2_candidate_converged,16.535517680465286,1.8702316586965482,8.653123320689678,1.8853132888422464
LODO,satimage,HGBR,P3,341,"{""l2_regularization"": 1.0, ""learning_rate"": 0.05, ""max_iter"": 150, ""max_leaf_nodes"": 7}",0.043806081053157725,0.05597269504359264,0.032383467747808856,-0.3452038841879086,,,,,,S2_candidate_converged,14.937873639126785,1.0683334233410697,13.031138926037922,1.292157801384303
LODO,sonar,HGBR,P3,349,"{""l2_regularization"": 0.0, ""learning_rate"": 0.05, ""max_iter"": 150, ""max_leaf_nodes"": 15}",0.04145819221414636,0.06549805248026058,0.02494703463382212,-0.9668008179462764,,,,,,S2_candidate_converged,14.46890908273708,1.4972082126687327,-5.302399587978038,0.8418003893897215
LODO,spambase,HGBR,P3,350,"{""l2_regularization"": 0.0, ""learning_rate"": 0.05, ""max_iter"": 150, ""max_leaf_nodes"": 7}",0.07686659520697292,0.09748284101714284,0.06878612864228953,-0.7699087116177499,,,,,,S2_candidate_converged,26.903308322440523,3.326016502470741,10.472972957680964,2.192582753649192
LODO,waveform,HGBR,P3,347,"{""l2_regularization"": 1.0, ""learning_rate"": 0.1, ""max_iter"": 150, ""max_leaf_nodes"": 15}",0.03088897274670314,0.0392679092204229,0.029185937127585906,-8.433385818130123,,,,,,S2_candidate_converged,10.71847354310599,0.5350631370065507,0.51732563866462,0.057491414265407714
LODO,breast_cancer_wisconsin_diagnostic,HGBR,P4,350,"{""l2_regularization"": 0.0, ""learning_rate"": 0.05, ""max_iter"": 150, ""max_leaf_nodes"": 7}",0.08916760993579664,0.13904186728841167,0.05546013103340722,-0.05867481763626681,,,,,,S2_candidate_converged,31.208663477528827,6.766424300666899,24.81335685233106,8.150560022424632
LODO,glass,HGBR,P4,346,"{""l2_regularization"": 0.0, ""learning_rate"": 0.05, ""max_iter"": 150, ""max_leaf_nodes"": 7}",0.04526352483066366,0.05958802159841494,0.033981464027149286,-0.887853853881825,,,,,,S2_candidate_converged,15.661179591409628,1.2285533820325554,-0.7160140918921185,0.6522489312906585
LODO,human_activity_recognition,HGBR,P4,339,"{""l2_regularization"": 0.0, ""learning_rate"": 0.05, ""max_iter"": 150, ""max_leaf_nodes"": 7}",0.02270328389559726,0.031642585736764366,0.016431375308892122,-1.6706208151696136,,,,,,S2_candidate_converged,7.6964132406074715,0.33942484568477604,2.9339635936309842,0.1524886090198586
LODO,iris,HGBR,P4,348,"{""l2_regularization"": 0.0, ""learning_rate"": 0.05, ""max_iter"": 150, ""max_leaf_nodes"": 7}",0.11438903582932698,0.1472008724421335,0.09386349127558079,-0.13716518729036475,,,,,,S2_candidate_converged,39.80738446860579,7.5404977030083895,17.412766212243085,7.502237821800401
LODO,letter_recognition,HGBR,P4,30,"{""l2_regularization"": 1.0, ""learning_rate"": 0.05, ""max_iter"": 150, ""max_leaf_nodes"": 7}",0.037519708761379875,0.04682491173737601,0.037160765843306506,-2.444348729828264,,,,,,S2_candidate_converged,1.1255912628413962,0.06577717077639161,-0.023267650248885025,0.019115174758804546
LODO,madelon,HGBR,P4,337,"{""l2_regularization"": 1.0, ""learning_rate"": 0.05, ""max_iter"": 150, ""max_leaf_nodes"": 7}",0.06704493067502174,0.0825776493739468,0.0547441650163909,-139.85767697929978,,,,,,S2_candidate_converged,22.594141637482323,2.298025975354629,1.588298479467792,0.023800257283565298
LODO,mice_protein_expression,HGBR,P4,347,"{""l2_regularization"": 1.0, ""learning_rate"": 0.05, ""max_iter"": 150, ""max_leaf_nodes"": 7}",0.02450903709109483,0.03526580629802736,0.016563869446506584,-0.36052433438352405,,,,,,S2_candidate_converged,8.504635870609906,0.43155595156594523,0.6615863015652546,0.31845963301854996
LODO,pendigits,HGBR,P4,313,"{""l2_regularization"": 0.0, ""learning_rate"": 0.05, ""max_iter"": 150, ""max_leaf_nodes"": 7}",0.04990946057204196,0.07214944467817606,0.028834500259253496,0.010179476115482644,,,,,,S2_candidate_converged,15.621661159049133,1.6293347609865556,8.653123320689678,1.8853132888422464
LODO,satimage,HGBR,P4,341,"{""l2_regularization"": 0.0, ""learning_rate"": 0.05, ""max_iter"": 150, ""max_leaf_nodes"": 7}",0.035583152318507186,0.04997645558768832,0.023853421822658354,-0.07242413663406921,,,,,,S2_candidate_converged,12.13385494061095,0.8516973245698902,13.031138926037922,1.292157801384303
LODO,sonar,HGBR,P4,349,"{""l2_regularization"": 1.0, ""learning_rate"": 0.05, ""max_iter"": 150, ""max_leaf_nodes"": 7}",0.057850281900190655,0.0839120772945873,0.035839268919519385,-2.228141413619911,,,,,,S2_candidate_converged,20.18974838316654,2.457391613846585,-5.302399587978038,0.8418003893897215
LODO,spambase,HGBR,P4,350,"{""l2_regularization"": 1.0, ""learning_rate"": 0.05, ""max_iter"": 150, ""max_leaf_nodes"": 7}",0.04729660750315373,0.07516505615109773,0.027190352158474623,-0.05226829201894878,,,,,,S2_candidate_converged,16.553812626103806,1.9774249831691857,10.472972957680964,2.192582753649192
LODO,waveform,HGBR,P4,347,"{""l2_regularization"": 0.0, ""learning_rate"": 0.05, ""max_iter"": 150, ""max_leaf_nodes"": 7}",0.023128464589016035,0.030594675898972915,0.020482494072935356,-4.726427336822206,,,,,,S2_candidate_converged,8.025577212388564,0.32480386509702835,0.51732563866462,0.057491414265407714
LOSFO,class_prevalence,HGBR,P0,545,"{""l2_regularization"": 1.0, ""learning_rate"": 0.05, ""max_iter"": 150, ""max_leaf_nodes"": 7}",0.06949391207345602,0.09705499383558036,0.04496320619342417,-0.10009580817980579,,,,,,S2_candidate_converged,37.874182080033535,5.133721146491375,-0.8072508795637114,4.6678084652136
LOSFO,local_overlap,HGBR,P0,554,"{""l2_regularization"": 0.0, ""learning_rate"": 0.05, ""max_iter"": 150, ""max_leaf_nodes"": 7}",0.07271119186603359,0.1329537656180086,0.020987667107351594,-0.2406916202571665,,,,,,S2_candidate_converged,40.28200029378261,9.792893900772631,38.570375045796084,10.578424468778056
LOSFO,location,HGBR,P0,548,"{""l2_regularization"": 1.0, ""learning_rate"": 0.05, ""max_iter"": 150, ""max_leaf_nodes"": 7}",0.040394135811815904,0.06640015614280802,0.020641825236743405,-0.443956316190776,,,,,,S2_candidate_converged,22.135986424875114,2.416121443212528,3.3282375895016774,1.693478720942145
LOSFO,mcar,HGBR,P0,538,"{""l2_regularization"": 0.0, ""learning_rate"": 0.05, ""max_iter"": 150, ""max_leaf_nodes"": 7}",0.04625904630113544,0.07137381633801512,0.026704923024426744,-0.14610617598545694,,,,,,S2_candidate_converged,24.88736691001087,2.74069125235516,20.04546023363561,3.1381847989071128
LOSFO,measurement_noise,HGBR,P0,540,"{""l2_regularization"": 1.0, ""learning_rate"": 0.05, ""max_iter"": 150, ""max_leaf_nodes"": 7}",0.04442089948222024,0.0543415981250802,0.0407234061791674,-3.4261640985523965,,,,,,S2_candidate_converged,23.98728572039893,1.5946250148653687,-0.6769746486665267,0.3611211508412803
LOSFO,outliers,HGBR,P0,525,"{""l2_regularization"": 1.0, ""learning_rate"": 0.05, ""max_iter"": 150, ""max_leaf_nodes"": 7}",0.037261014534924704,0.05924026966765424,0.022260464711041605,-0.39368298585436445,,,,,,S2_candidate_converged,19.56203263083547,1.8424400139056076,18.441127474241945,1.9697558712041963
LOSFO,scale,HGBR,P0,547,"{""l2_regularization"": 1.0, ""learning_rate"": 0.05, ""max_iter"": 150, ""max_leaf_nodes"": 7}",0.04194838381856502,0.05718470432278849,0.030894609979814098,-1.8109996993589115,,,,,,S2_candidate_converged,22.945765948755067,1.7887394534411556,-4.858123862752764,0.6794826212409498
LOSFO,class_prevalence,HGBR,P3,545,"{""l2_regularization"": 1.0, ""learning_rate"": 0.05, ""max_iter"": 150, ""max_leaf_nodes"": 15}",0.06677568095730038,0.10296147555902382,0.03372302386770905,-0.23806729952245376,,,,,,S2_candidate_converged,36.392746121728706,5.7775806698638466,-0.8072508795637114,4.6678084652136
LOSFO,local_overlap,HGBR,P3,554,"{""l2_regularization"": 1.0, ""learning_rate"": 0.05, ""max_iter"": 150, ""max_leaf_nodes"": 7}",0.06892551758472264,0.12991112725813206,0.020326202383698998,-0.18455510003283138,,,,,,S2_candidate_converged,38.18473674193634,9.349803145955134,38.570375045796084,10.578424468778056
LOSFO,location,HGBR,P3,548,"{""l2_regularization"": 0.0, ""learning_rate"": 0.05, ""max_iter"": 150, ""max_leaf_nodes"": 7}",0.034445641438483096,0.053952541340094126,0.0226313329252575,0.04667788926250138,,,,,,S2_candidate_converged,18.876211508288737,1.595160440945902,3.3282375895016774,1.693478720942145
LOSFO,mcar,HGBR,P3,538,"{""l2_regularization"": 1.0, ""learning_rate"": 0.05, ""max_iter"": 150, ""max_leaf_nodes"": 7}",0.03815210386422751,0.05740110945891158,0.019809547685448053,0.25871094474038125,,,,,,S2_candidate_converged,20.5258318789544,1.7726494035073044,20.04546023363561,3.1381847989071128
LOSFO,measurement_noise,HGBR,P3,540,"{""l2_regularization"": 0.0, ""learning_rate"": 0.05, ""max_iter"": 150, ""max_leaf_nodes"": 15}",0.037879931862173484,0.05975169535005534,0.013526111786414257,-4.351347612169934,,,,,,S2_candidate_converged,20.45516320557368,1.9279431524911455,-0.6769746486665267,0.3611211508412803
LOSFO,outliers,HGBR,P3,525,"{""l2_regularization"": 0.0, ""learning_rate"": 0.05, ""max_iter"": 150, ""max_leaf_nodes"": 15}",0.039434398905795844,0.06233701534386862,0.02230214312982495,-0.543199073773748,,,,,,S2_candidate_converged,20.70305942554282,2.0400993280403985,18.441127474241945,1.9697558712041963
LOSFO,scale,HGBR,P3,547,"{""l2_regularization"": 1.0, ""learning_rate"": 0.05, ""max_iter"": 300, ""max_leaf_nodes"": 15}",0.03068840823915465,0.04871947906043809,0.015820575316540672,-1.0403576992570427,,,,,,S2_candidate_converged,16.786559306817594,1.2983524390364947,-4.858123862752764,0.6794826212409498
LOSFO,class_prevalence,HGBR,P4,545,"{""l2_regularization"": 0.0, ""learning_rate"": 0.05, ""max_iter"": 150, ""max_leaf_nodes"": 7}",0.06751081184102745,0.09778767818252261,0.040292299925471425,-0.11676811627673511,,,,,,S2_candidate_converged,36.79339245335996,5.211524352359092,-0.8072508795637114,4.6678084652136
LOSFO,local_overlap,HGBR,P4,554,"{""l2_regularization"": 1.0, ""learning_rate"": 0.05, ""max_iter"": 150, ""max_leaf_nodes"": 7}",0.06784347603270949,0.13133162081055352,0.015151112936218536,-0.21060140221471335,,,,,,S2_candidate_converged,37.58528572212106,9.555389022098767,38.570375045796084,10.578424468778056
LOSFO,location,HGBR,P4,548,"{""l2_regularization"": 0.0, ""learning_rate"": 0.05, ""max_iter"": 150, ""max_leaf_nodes"": 7}",0.044051821417843154,0.06747230691285329,0.02904534046336249,-0.4909633631579482,,,,,,S2_candidate_converged,24.14039813697805,2.4947766856779636,3.3282375895016774,1.693478720942145
LOSFO,mcar,HGBR,P4,538,"{""l2_regularization"": 1.0, ""learning_rate"": 0.05, ""max_iter"": 150, ""max_leaf_nodes"": 7}",0.04568838363710969,0.06936771495661664,0.02338175335688142,-0.08258446847424761,,,,,,S2_candidate_converged,24.580350396765013,2.5887913745267,20.04546023363561,3.1381847989071128
LOSFO,measurement_noise,HGBR,P4,540,"{""l2_regularization"": 1.0, ""learning_rate"": 0.05, ""max_iter"": 150, ""max_leaf_nodes"": 7}",0.03340797696276355,0.05567498379351468,0.017146911421994794,-3.646039491789244,,,,,,S2_candidate_converged,18.040307559892316,1.6738400630203862,-0.6769746486665267,0.3611211508412803
LOSFO,outliers,HGBR,P4,525,"{""l2_regularization"": 0.0, ""learning_rate"": 0.05, ""max_iter"": 150, ""max_leaf_nodes"": 7}",0.03743693289170751,0.0585095259688394,0.02225606869064513,-0.3595121827678882,,,,,,S2_candidate_converged,19.654389768146444,1.797266430276603,18.441127474241945,1.9697558712041963
LOSFO,scale,HGBR,P4,547,"{""l2_regularization"": 1.0, ""learning_rate"": 0.05, ""max_iter"": 150, ""max_leaf_nodes"": 7}",0.036987061670623815,0.05363993343676449,0.024895263627285596,-1.4733039999533095,,,,,,S2_candidate_converged,20.231922733831226,1.5738516251279875,-4.858123862752764,0.6794826212409498
LODO,breast_cancer_wisconsin_diagnostic,HGBR,P0,350,"{""l2_regularization"": 1.0, ""learning_rate"": 0.05, ""max_iter"": 150, ""max_leaf_nodes"": 7}",0.09014893433282413,0.14736902310916142,0.047247089490591025,-0.18927916052506277,,,,,,S3_both_converged,31.552127016488445,7.601170140251993,24.81335685233106,8.150560022424632
LODO,glass,HGBR,P0,292,"{""l2_regularization"": 1.0, ""learning_rate"": 0.05, ""max_iter"": 150, ""max_leaf_nodes"": 7}",0.040998489479688316,0.05358544546078524,0.033178253822252146,-0.7344635421075016,,,,,,S3_both_converged,11.971558928068989,0.8384487898473905,-0.26907959069254866,0.48365321272444584
LODO,human_activity_recognition,HGBR,P0,312,"{""l2_regularization"": 1.0, ""learning_rate"": 0.05, ""max_iter"": 150, ""max_leaf_nodes"": 7}",0.03786563988529805,0.049065356734709485,0.02852825586246168,-5.502127424591995,,,,,,S3_both_converged,11.814079644212992,0.751111680229342,2.6641090774252243,0.13826615885989577
LODO,iris,HGBR,P0,334,"{""l2_regularization"": 1.0, ""learning_rate"": 0.05, ""max_iter"": 150, ""max_leaf_nodes"": 7}",0.11660147197611417,0.14963758502282296,0.09160313962899913,-0.17333807757239472,,,,,,S3_both_converged,38.944891640022135,7.478729888388497,17.94316419901696,7.337835283755016
LODO,madelon,HGBR,P0,337,"{""l2_regularization"": 0.0, ""learning_rate"": 0.05, ""max_iter"": 150, ""max_leaf_nodes"": 7}",0.02173024437892398,0.02683418744313877,0.020998467270719468,-13.874157897614952,,,,,,S3_both_converged,7.323092355697382,0.2426648085021917,1.588298479467792,0.023800257283565298
LODO,mice_protein_expression,HGBR,P0,319,"{""l2_regularization"": 1.0, ""learning_rate"": 0.05, ""max_iter"": 150, ""max_leaf_nodes"": 7}",0.03613262184583296,0.04822604693625885,0.026635856480165573,-1.4025597304884991,,,,,,S3_both_converged,11.526306368820714,0.741914761388339,0.7816643487347152,0.3107171545224948
LODO,pendigits,HGBR,P0,287,"{""l2_regularization"": 1.0, ""learning_rate"": 0.05, ""max_iter"": 150, ""max_leaf_nodes"": 7}",0.04815485289360427,0.0727986501060301,0.025283012077374364,0.015881621775859278,,,,,,S3_both_converged,13.820442780464425,1.520997672233676,7.334712211284302,1.7329928966586208
LODO,satimage,HGBR,P0,341,"{""l2_regularization"": 0.0, ""learning_rate"": 0.05, ""max_iter"": 150, ""max_leaf_nodes"": 7}",0.03714952341389574,0.050292322640301805,0.0235710240613077,-0.08602309759387583,,,,,,S3_both_converged,12.667987484138447,0.8624973413456687,13.031138926037922,1.292157801384303
LODO,sonar,HGBR,P0,335,"{""l2_regularization"": 1.0, ""learning_rate"": 0.05, ""max_iter"": 150, ""max_leaf_nodes"": 7}",0.03834583732253968,0.06030780646367128,0.027018095962189227,-0.6298914370509792,,,,,,S3_both_converged,12.845855503050794,1.2184055593539764,-5.200522244792784,0.8282704932118239
LODO,spambase,HGBR,P0,350,"{""l2_regularization"": 1.0, ""learning_rate"": 0.05, ""max_iter"": 150, ""max_leaf_nodes"": 7}",0.05004186597084409,0.07819525256509537,0.029927909111877704,-0.1388205227558852,,,,,,S3_both_converged,17.51465308979543,2.140074133301669,10.472972957680964,2.192582753649192
LODO,waveform,HGBR,P0,347,"{""l2_regularization"": 0.0, ""learning_rate"": 0.05, ""max_iter"": 150, ""max_leaf_nodes"": 7}",0.02629757608431851,0.030474186152752172,0.024460587957294024,-4.681411849335901,,,,,,S3_both_converged,9.125258901258523,0.3222505795203895,0.51732563866462,0.057491414265407714
LODO,breast_cancer_wisconsin_diagnostic,HGBR,P3,350,"{""l2_regularization"": 0.0, ""learning_rate"": 0.05, ""max_iter"": 150, ""max_leaf_nodes"": 7}",0.09425517065564033,0.1512014206734649,0.04596398532897698,-0.2519389265307037,,,,,,S3_both_converged,32.989309729474115,8.001654364785933,24.81335685233106,8.150560022424632
LODO,glass,HGBR,P3,292,"{""l2_regularization"": 0.0, ""learning_rate"": 0.05, ""max_iter"": 150, ""max_leaf_nodes"": 7}",0.08473302638792889,0.09913799270929405,0.07928355408241944,-4.93679055104462,,,,,,S3_both_converged,24.742043705275236,2.869875746740987,-0.26907959069254866,0.48365321272444584
LODO,human_activity_recognition,HGBR,P3,312,"{""l2_regularization"": 1.0, ""learning_rate"": 0.05, ""max_iter"": 150, ""max_leaf_nodes"": 7}",0.0257796696668876,0.03255010224077958,0.021782629821955155,-1.8616088402979072,,,,,,S3_both_converged,8.04325693606893,0.3305668566361836,2.6641090774252243,0.13826615885989577
LODO,iris,HGBR,P3,334,"{""l2_regularization"": 0.0, ""learning_rate"": 0.05, ""max_iter"": 150, ""max_leaf_nodes"": 15}",0.12503326631749231,0.1582713497426694,0.11120797324357556,-0.3126423012438788,,,,,,S3_both_converged,41.76111095004243,8.36663992988837,17.94316419901696,7.337835283755016
LODO,madelon,HGBR,P3,337,"{""l2_regularization"": 1.0, ""learning_rate"": 0.05, ""max_iter"": 150, ""max_leaf_nodes"": 15}",0.11607172885063965,0.12707376831140785,0.11772441486338724,-332.55488628978225,,,,,,S3_both_converged,39.116172622665566,5.441789253794278,1.588298479467792,0.023800257283565298
LODO,mice_protein_expression,HGBR,P3,319,"{""l2_regularization"": 1.0, ""learning_rate"": 0.05, ""max_iter"": 150, ""max_leaf_nodes"": 7}",0.025558028227092997,0.03541141522105426,0.019495457000568078,-0.2953807294150743,,,,,,S3_both_converged,8.153011004442666,0.4000158966185744,0.7816643487347152,0.3107171545224948
LODO,pendigits,HGBR,P3,287,"{""l2_regularization"": 0.0, ""learning_rate"": 0.05, ""max_iter"": 150, ""max_leaf_nodes"": 15}",0.05702933267285864,0.08146639326276968,0.03687202060183778,-0.23241696571604042,,,,,,S3_both_converged,16.36741847711043,1.9047539173670982,7.334712211284302,1.7329928966586208
LODO,satimage,HGBR,P3,341,"{""l2_regularization"": 1.0, ""learning_rate"": 0.05, ""max_iter"": 150, ""max_leaf_nodes"": 7}",0.05007840248314269,0.06252074617900993,0.04244783947182565,-0.6783555969724322,,,,,,S3_both_converged,17.076735246751657,1.3329157026480432,13.031138926037922,1.292157801384303
LODO,sonar,HGBR,P3,335,"{""l2_regularization"": 0.0, ""learning_rate"": 0.05, ""max_iter"": 150, ""max_leaf_nodes"": 15}",0.04240343111900019,0.0679918412218631,0.024632041345600257,-1.0716921350711033,,,,,,S3_both_converged,14.205149424865063,1.5486683083675785,-5.200522244792784,0.8282704932118239
LODO,spambase,HGBR,P3,350,"{""l2_regularization"": 1.0, ""learning_rate"": 0.05, ""max_iter"": 150, ""max_leaf_nodes"": 7}",0.08283652820085742,0.1013234566865708,0.09440921838112143,-0.9121171929992553,,,,,,S3_both_converged,28.9927848703001,3.5932550062203865,10.472972957680964,2.192582753649192
LODO,waveform,HGBR,P3,347,"{""l2_regularization"": 1.0, ""learning_rate"": 0.05, ""max_iter"": 150, ""max_leaf_nodes"": 15}",0.023921413066640928,0.029137800601764557,0.022671236785345574,-4.194043403130002,,,,,,S3_both_converged,8.300730334124403,0.2946069640961423,0.51732563866462,0.057491414265407714
LODO,breast_cancer_wisconsin_diagnostic,HGBR,P4,350,"{""l2_regularization"": 0.0, ""learning_rate"": 0.05, ""max_iter"": 150, ""max_leaf_nodes"": 7}",0.08882660351983813,0.14086938710220834,0.053003580190466484,-0.08668744565840703,,,,,,S3_both_converged,31.08931123194335,6.945464477893138,24.81335685233106,8.150560022424632
LODO,glass,HGBR,P4,292,"{""l2_regularization"": 0.0, ""learning_rate"": 0.05, ""max_iter"": 150, ""max_leaf_nodes"": 7}",0.04383595306068288,0.05823788658760648,0.03216635280796629,-1.048720426054591,,,,,,S3_both_converged,12.800098293719401,0.990362218783747,-0.26907959069254866,0.48365321272444584
LODO,human_activity_recognition,HGBR,P4,312,"{""l2_regularization"": 0.0, ""learning_rate"": 0.05, ""max_iter"": 150, ""max_leaf_nodes"": 7}",0.026646244810351598,0.03628394203647711,0.01998955338552519,-2.555776731915706,,,,,,S3_both_converged,8.313628380829698,0.41075562830840634,2.6641090774252243,0.13826615885989577
LODO,iris,HGBR,P4,334,"{""l2_regularization"": 0.0, ""learning_rate"": 0.05, ""max_iter"": 150, ""max_leaf_nodes"": 7}",0.1157357847235491,0.14738397636410513,0.08914500749196762,-0.13826222282110878,,,,,,S3_both_converged,38.6557520976654,7.255160187290964,17.94316419901696,7.337835283755016
LODO,madelon,HGBR,P4,337,"{""l2_regularization"": 0.0, ""learning_rate"": 0.05, ""max_iter"": 150, ""max_leaf_nodes"": 7}",0.06055332532555312,0.07360448765146534,0.05318471146523846,-110.90875836757324,,,,,,S3_both_converged,20.4064706347114,1.8257381430204984,1.588298479467792,0.023800257283565298
LODO,mice_protein_expression,HGBR,P4,319,"{""l2_regularization"": 0.0, ""learning_rate"": 0.05, ""max_iter"": 150, ""max_leaf_nodes"": 7}",0.026139393855069408,0.03746900201550555,0.018338903627646577,-0.4502908809652473,,,,,,S3_both_converged,8.338466639767141,0.44785242974010886,0.7816643487347152,0.3107171545224948
LODO,pendigits,HGBR,P4,287,"{""l2_regularization"": 0.0, ""learning_rate"": 0.05, ""max_iter"": 150, ""max_leaf_nodes"": 7}",0.05069809083505909,0.07322386413004094,0.03072923054840158,0.0043516540649353175,,,,,,S3_both_converged,14.55035206966196,1.5388177378246577,7.334712211284302,1.7329928966586208
LODO,satimage,HGBR,P4,341,"{""l2_regularization"": 1.0, ""learning_rate"": 0.05, ""max_iter"": 150, ""max_leaf_nodes"": 7}",0.03592527968042949,0.05101454091371857,0.02301901757892401,-0.11743852831141921,,,,,,S3_both_converged,12.250520371026456,0.8874468341613757,13.031138926037922,1.292157801384303
LODO,sonar,HGBR,P4,335,"{""l2_regularization"": 1.0, ""learning_rate"": 0.05, ""max_iter"": 150, ""max_leaf_nodes"": 7}",0.060665292909067456,0.08597095346249044,0.03857178018543371,-2.312188918608284,,,,,,S3_both_converged,20.322873124537598,2.4759866211486483,-5.200522244792784,0.8282704932118239
LODO,spambase,HGBR,P4,350,"{""l2_regularization"": 0.0, ""learning_rate"": 0.05, ""max_iter"": 150, ""max_leaf_nodes"": 7}",0.04926972233536649,0.07652691913750828,0.03006444091044671,-0.09074434682452859,,,,,,S3_both_converged,17.244402817378273,2.049729273437556,10.472972957680964,2.192582753649192
LODO,waveform,HGBR,P4,347,"{""l2_regularization"": 0.0, ""learning_rate"": 0.05, ""max_iter"": 150, ""max_leaf_nodes"": 7}",0.02438155026650848,0.03471948911795078,0.01585452438482543,-6.3746037969745455,,,,,,S3_both_converged,8.460397942478442,0.4182886948401914,0.51732563866462,0.057491414265407714
LOSFO,class_prevalence,HGBR,P0,511,"{""l2_regularization"": 1.0, ""learning_rate"": 0.05, ""max_iter"": 150, ""max_leaf_nodes"": 7}",0.07219852182710927,0.09971311471390092,0.046396866919216136,-0.14535493533759203,,,,,,S3_both_converged,36.893444653652836,5.080722380679205,-0.652858019146628,4.436771136237809
LOSFO,local_overlap,HGBR,P0,519,"{""l2_regularization"": 0.0, ""learning_rate"": 0.05, ""max_iter"": 150, ""max_leaf_nodes"": 7}",0.0759437243403711,0.1374726897865553,0.019584889537834587,-0.26339665096540155,,,,,,S3_both_converged,39.4147929326526,9.808446286881093,37.601573012799754,10.487788178586637
LOSFO,location,HGBR,P0,522,"{""l2_regularization"": 1.0, ""learning_rate"": 0.05, ""max_iter"": 150, ""max_leaf_nodes"": 7}",0.04032836941209891,0.06662988709286366,0.019893378123037937,-0.4450828676299179,,,,,,S3_both_converged,21.051408833115634,2.3174408477920503,3.988687915785955,1.6341515462483192
LOSFO,mcar,HGBR,P0,514,"{""l2_regularization"": 1.0, ""learning_rate"": 0.05, ""max_iter"": 150, ""max_leaf_nodes"": 7}",0.04723836991345519,0.07287722960232347,0.024391111848137702,-0.16602208982390754,,,,,,S3_both_converged,24.280522135515966,2.7299005655780233,19.217405537537235,3.059707643902697
LOSFO,measurement_noise,HGBR,P0,517,"{""l2_regularization"": 1.0, ""learning_rate"": 0.05, ""max_iter"": 150, ""max_leaf_nodes"": 7}",0.04567581925309513,0.05515053454368573,0.039737928743407466,-3.4175671998066663,,,,,,S3_both_converged,23.61439855385018,1.572497615054859,-0.5996593477608587,0.3566601512005275
LOSFO,outliers,HGBR,P0,500,"{""l2_regularization"": 1.0, ""learning_rate"": 0.05, ""max_iter"": 150, ""max_leaf_nodes"": 7}",0.035981386538515146,0.058706617323470774,0.01851086577583251,-0.3375889035781654,,,,,,S3_both_converged,17.990693269257573,1.7232334587822193,18.28021365682093,1.9566456362314928
LOSFO,scale,HGBR,P0,521,"{""l2_regularization"": 1.0, ""learning_rate"": 0.05, ""max_iter"": 150, ""max_leaf_nodes"": 7}",0.040908712525358444,0.05594789671754519,0.03373957908462121,-1.7952930639557056,,,,,,S3_both_converged,21.31343922571175,1.630817083648011,-4.158221900878155,0.6166031563319145
LOSFO,class_prevalence,HGBR,P3,511,"{""l2_regularization"": 0.0, ""learning_rate"": 0.1, ""max_iter"": 150, ""max_leaf_nodes"": 15}",0.06799377114460932,0.10219418349534405,0.03541766843391731,-0.2030616497797877,,,,,,S3_both_converged,34.744817054895364,5.3367057326831056,-0.652858019146628,4.436771136237809
LOSFO,local_overlap,HGBR,P3,519,"{""l2_regularization"": 1.0, ""learning_rate"": 0.05, ""max_iter"": 150, ""max_leaf_nodes"": 7}",0.07263849422906271,0.13488778341686208,0.020098131739949142,-0.21633190078218245,,,,,,S3_both_converged,37.69937850488355,9.44305662574432,37.601573012799754,10.487788178586637
LOSFO,location,HGBR,P3,522,"{""l2_regularization"": 0.0, ""learning_rate"": 0.05, ""max_iter"": 150, ""max_leaf_nodes"": 7}",0.03753302624968504,0.056942048178762444,0.02130162999446211,-0.05540893479979725,,,,,,S3_both_converged,19.59223970233559,1.6925311561136867,3.988687915785955,1.6341515462483192
LOSFO,mcar,HGBR,P3,514,"{""l2_regularization"": 0.0, ""learning_rate"": 0.05, ""max_iter"": 150, ""max_leaf_nodes"": 7}",0.041147666869156156,0.06046422590321177,0.02110399590755664,0.19736136094073675,,,,,,S3_both_converged,21.149900770746264,1.8791442236343574,19.217405537537235,3.059707643902697
LOSFO,measurement_noise,HGBR,P3,517,"{""l2_regularization"": 1.0, ""learning_rate"": 0.05, ""max_iter"": 150, ""max_leaf_nodes"": 7}",0.04044848702060781,0.064674915483105,0.01578946501028011,-5.075128270213674,,,,,,S3_both_converged,20.911867789654238,2.1625307061500827,-0.5996593477608587,0.3566601512005275
LOSFO,outliers,HGBR,P3,500,"{""l2_regularization"": 1.0, ""learning_rate"": 0.05, ""max_iter"": 150, ""max_leaf_nodes"": 15}",0.04026568392912488,0.06397299778987016,0.021979669437903117,-0.588334421772561,,,,,,S3_both_converged,20.132841964562438,2.046272223111366,18.28021365682093,1.9566456362314928
LOSFO,scale,HGBR,P3,521,"{""l2_regularization"": 0.0, ""learning_rate"": 0.05, ""max_iter"": 150, ""max_leaf_nodes"": 15}",0.02617682645947448,0.04106608048515965,0.016206793135370517,-0.5060046953892627,,,,,,S3_both_converged,13.638126585386203,0.878626365501491,-4.158221900878155,0.6166031563319145
LOSFO,class_prevalence,HGBR,P4,511,"{""l2_regularization"": 1.0, ""learning_rate"": 0.05, ""max_iter"": 150, ""max_leaf_nodes"": 7}",0.06983736709073558,0.09910046371617033,0.043462552380958946,-0.13132373860215285,,,,,,S3_both_converged,35.686894583365884,5.018480875376357,-0.652858019146628,4.436771136237809
LOSFO,local_overlap,HGBR,P4,519,"{""l2_regularization"": 0.0, ""learning_rate"": 0.05, ""max_iter"": 150, ""max_leaf_nodes"": 7}",0.06920838844828578,0.13313092176888752,0.015605232718488963,-0.18485372703721858,,,,,,S3_both_converged,35.919153604660316,9.198674169806463,37.601573012799754,10.487788178586637
LOSFO,location,HGBR,P4,522,"{""l2_regularization"": 0.0, ""learning_rate"": 0.05, ""max_iter"": 150, ""max_leaf_nodes"": 15}",0.045116124034226456,0.07014488925725484,0.029666665511500868,-0.6015727296532298,,,,,,S3_both_converged,23.55061674586621,2.568399465212349,3.988687915785955,1.6341515462483192
LOSFO,mcar,HGBR,P4,514,"{""l2_regularization"": 1.0, ""learning_rate"": 0.05, ""max_iter"": 150, ""max_leaf_nodes"": 7}",0.04963199031624168,0.07288384261819834,0.027641699445619096,-0.1662337134677887,,,,,,S3_both_converged,25.510843022548222,2.7303960206042728,19.217405537537235,3.059707643902697
LOSFO,measurement_noise,HGBR,P4,517,"{""l2_regularization"": 1.0, ""learning_rate"": 0.05, ""max_iter"": 150, ""max_leaf_nodes"": 7}",0.03370443308250519,0.054755014758893605,0.016645068903649987,-3.3544320018809097,,,,,,S3_both_converged,17.425191903655183,1.5500237185245214,-0.5996593477608587,0.3566601512005275
LOSFO,outliers,HGBR,P4,500,"{""l2_regularization"": 1.0, ""learning_rate"": 0.05, ""max_iter"": 150, ""max_leaf_nodes"": 7}",0.03944364060365716,0.060611634313613404,0.022812422510535925,-0.4258063084031176,,,,,,S3_both_converged,19.72182030182858,1.836885107083599,18.28021365682093,1.9566456362314928
LOSFO,scale,HGBR,P4,521,"{""l2_regularization"": 0.0, ""learning_rate"": 0.05, ""max_iter"": 150, ""max_leaf_nodes"": 7}",0.03805951425027854,0.05283681150364245,0.0276894536670833,-1.4930616688055496,,,,,,S3_both_converged,19.829006924395117,1.454490626583022,-4.158221900878155,0.6166031563319145
