evaluation,outer_group,regressor,feature_block,n_test,selected_params,sum_absolute_error,sum_squared_error,sum_observed,sum_observed_squared,mae,rmse,median_absolute_error,r2,replication_arm
LODO,breast_cancer_wisconsin_diagnostic,HGBR,P0,350,"{""l2_regularization"": 1.0, ""learning_rate"": 0.05, ""max_iter"": 150, ""max_leaf_nodes"": 7}",33.72242310038474,7.309095309029309,24.79551718695425,7.546388230070681,0.09634978028681354,0.14450996316645248,0.055439490365688196,-0.2624162910282921,duplicate_corrected_150_all
LODO,glass,HGBR,P0,350,"{""l2_regularization"": 1.0, ""learning_rate"": 0.05, ""max_iter"": 150, ""max_leaf_nodes"": 7}",13.130002132300437,0.9159861486234321,-2.1507952148775282,0.6455073899146908,0.037514291806572675,0.0511576317061417,0.029778725680024085,-0.44867933989586506,duplicate_corrected_150_all
LODO,human_activity_recognition,HGBR,P0,350,"{""l2_regularization"": 1.0, ""learning_rate"": 0.05, ""max_iter"": 150, ""max_leaf_nodes"": 7}",11.530348422418498,0.6482706840687833,2.4165597112779986,0.22375468477406557,0.03294385263548143,0.04303721592392145,0.02365055920714986,-2.1306889838639242,duplicate_corrected_150_all
LODO,iris,HGBR,P0,350,"{""l2_regularization"": 1.0, ""learning_rate"": 0.05, ""max_iter"": 150, ""max_leaf_nodes"": 7}",35.97272460409938,7.203938157992015,5.0524634655900345,7.096598107036339,0.10277921315456967,0.14346665275040663,0.0675973770110877,-0.025666870675903564,duplicate_corrected_150_all
LODO,letter_recognition,HGBR,P0,350,"{""l2_regularization"": 1.0, ""learning_rate"": 0.05, ""max_iter"": 150, ""max_leaf_nodes"": 7}",5.280462658780604,0.12378800197316699,4.008861788898388,0.16713290886603743,0.015087036167944583,0.018806382045402033,0.013542894026295119,-0.021219654914381936,duplicate_corrected_150_all
LODO,madelon,HGBR,P0,350,"{""l2_regularization"": 1.0, ""learning_rate"": 0.05, ""max_iter"": 150, ""max_leaf_nodes"": 7}",6.735920544893452,0.20121537108439344,1.180246735970682,0.02543812325876131,0.01924548727112415,0.02397709449122483,0.017572619683619475,-8.37709677554397,duplicate_corrected_150_all
LODO,mice_protein_expression,HGBR,P0,350,"{""l2_regularization"": 1.0, ""learning_rate"": 0.05, ""max_iter"": 150, ""max_leaf_nodes"": 7}",7.800447369028315,0.3400748623360833,1.4002453872461536,0.19820238128583126,0.022286992482938042,0.031171180019649254,0.014768476713781627,-0.765701579672329,duplicate_corrected_150_all
LODO,pendigits,HGBR,P0,350,"{""l2_regularization"": 0.0, ""learning_rate"": 0.05, ""max_iter"": 150, ""max_leaf_nodes"": 7}",17.53461063011548,1.8286099841484482,8.03474265761787,2.1078684154484226,0.05009888751461566,0.0722813942499026,0.02647039051434668,0.04929221087908364,duplicate_corrected_150_all
LODO,satimage,HGBR,P0,350,"{""l2_regularization"": 1.0, ""learning_rate"": 0.05, ""max_iter"": 150, ""max_leaf_nodes"": 7}",13.291604349036271,1.060657801992106,12.417326661806172,1.305452097329984,0.03797601242581792,0.05504953099559149,0.02089550566005026,-0.22632266798193235,duplicate_corrected_150_all
LODO,sonar,HGBR,P0,350,"{""l2_regularization"": 0.0, ""learning_rate"": 0.05, ""max_iter"": 150, ""max_leaf_nodes"": 7}",10.444393028928818,0.9020974621670376,-3.0232963202821077,0.6857004758673672,0.029841122939796624,0.050768310199151304,0.02117683125235396,-0.36767374541912745,duplicate_corrected_150_all
LODO,spambase,HGBR,P0,350,"{""l2_regularization"": 0.0, ""learning_rate"": 0.05, ""max_iter"": 150, ""max_leaf_nodes"": 7}",14.588488916997823,1.6356915897808355,6.705295519242272,1.474987699041809,0.04168139690570807,0.06836230351758898,0.020660243323226184,-0.21474779115022002,duplicate_corrected_150_all
LODO,waveform,HGBR,P0,350,"{""l2_regularization"": 1.0, ""learning_rate"": 0.05, ""max_iter"": 150, ""max_leaf_nodes"": 7}",9.102483849828122,0.42489313601299494,0.44455259891158244,0.06296780453922166,0.026007096713794635,0.034842221350088416,0.019652897926329436,-5.808840509429662,duplicate_corrected_150_all
LODO,breast_cancer_wisconsin_diagnostic,HGBR,P3,350,"{""l2_regularization"": 1.0, ""learning_rate"": 0.05, ""max_iter"": 150, ""max_leaf_nodes"": 7}",33.704449231843796,7.304744060728021,24.79551718695425,7.546388230070681,0.09629842637669656,0.1444669419499346,0.05499403210636986,-0.26166474976229326,duplicate_corrected_150_all
LODO,glass,HGBR,P3,350,"{""l2_regularization"": 1.0, ""learning_rate"": 0.05, ""max_iter"": 150, ""max_leaf_nodes"": 7}",20.04441256313917,1.93518763220107,-2.1507952148775282,0.6455073899146908,0.05726975018039762,0.07435796877655068,0.042785202630643136,-2.060599055787918,duplicate_corrected_150_all
LODO,human_activity_recognition,HGBR,P3,350,"{""l2_regularization"": 1.0, ""learning_rate"": 0.05, ""max_iter"": 150, ""max_leaf_nodes"": 7}",7.347881414696877,0.27395122232511027,2.4165597112779986,0.22375468477406557,0.020993946899133933,0.027977093810325326,0.01786604403561646,-0.3229906810937633,duplicate_corrected_150_all
LODO,iris,HGBR,P3,350,"{""l2_regularization"": 1.0, ""learning_rate"": 0.05, ""max_iter"": 150, ""max_leaf_nodes"": 15}",36.76856778563479,6.867375762020065,5.0524634655900345,7.096598107036339,0.10505305081609939,0.14007524265826424,0.07803213712516836,0.022251488961980148,duplicate_corrected_150_all
LODO,letter_recognition,HGBR,P3,350,"{""l2_regularization"": 1.0, ""learning_rate"": 0.05, ""max_iter"": 150, ""max_leaf_nodes"": 7}",7.763129363786301,0.2572310591555739,4.008861788898388,0.16713290886603743,0.022180369610818002,0.02710988534283463,0.018502437066762502,-1.1220910692221873,duplicate_corrected_150_all
LODO,madelon,HGBR,P3,350,"{""l2_regularization"": 1.0, ""learning_rate"": 0.05, ""max_iter"": 150, ""max_leaf_nodes"": 7}",40.82896382751352,4.959685870430184,1.180246735970682,0.02543812325876131,0.11665418236432434,0.11904003972769815,0.12877371102125645,-230.1327118434495,duplicate_corrected_150_all
LODO,mice_protein_expression,HGBR,P3,350,"{""l2_regularization"": 0.0, ""learning_rate"": 0.05, ""max_iter"": 150, ""max_leaf_nodes"": 7}",5.616865599202004,0.17595304657334088,1.4002453872461536,0.19820238128583126,0.01604818742629144,0.022421485013476367,0.012407922215575483,0.08643476277975282,duplicate_corrected_150_all
LODO,pendigits,HGBR,P3,350,"{""l2_regularization"": 0.0, ""learning_rate"": 0.05, ""max_iter"": 150, ""max_leaf_nodes"": 7}",18.283598250084943,1.9575132757301739,8.03474265761787,2.1078684154484226,0.05223885214309983,0.07478566088171437,0.031779107385872654,-0.01772555912786533,duplicate_corrected_150_all
LODO,satimage,HGBR,P3,350,"{""l2_regularization"": 0.0, ""learning_rate"": 0.05, ""max_iter"": 150, ""max_leaf_nodes"": 7}",20.676266429376817,1.7485150108963055,12.417326661806172,1.305452097329984,0.05907504694107662,0.07068067044100136,0.05221166894505982,-1.0216167638059512,duplicate_corrected_150_all
LODO,sonar,HGBR,P3,350,"{""l2_regularization"": 0.0, ""learning_rate"": 0.05, ""max_iter"": 150, ""max_leaf_nodes"": 7}",14.395539598826723,1.2264117079603947,-3.0232963202821077,0.6857004758673672,0.041130113139504924,0.05919487690092288,0.030629604044839737,-0.8593679335076965,duplicate_corrected_150_all
LODO,spambase,HGBR,P3,350,"{""l2_regularization"": 0.0, ""learning_rate"": 0.05, ""max_iter"": 150, ""max_leaf_nodes"": 7}",48.30229369887821,8.543466139640056,6.705295519242272,1.474987699041809,0.1380065534253663,0.15623668985265415,0.14601911002220508,-5.344812608154948,duplicate_corrected_150_all
LODO,waveform,HGBR,P3,350,"{""l2_regularization"": 1.0, ""learning_rate"": 0.05, ""max_iter"": 150, ""max_leaf_nodes"": 7}",9.938650347438225,0.3902664863369927,0.44455259891158244,0.06296780453922166,0.0283961438498235,0.03339232103073968,0.028476682263065288,-5.253954315616018,duplicate_corrected_150_all
LODO,breast_cancer_wisconsin_diagnostic,HGBR,P3_delta,350,"{""l2_regularization"": 1.0, ""learning_rate"": 0.05, ""max_iter"": 150, ""max_leaf_nodes"": 7}",32.1648538498539,6.920977585157317,24.79551718695425,7.546388230070681,0.09189958242815399,0.1406208436608103,0.05348211271218831,-0.19538116332274114,duplicate_corrected_150_all
LODO,glass,HGBR,P3_delta,350,"{""l2_regularization"": 1.0, ""learning_rate"": 0.05, ""max_iter"": 150, ""max_leaf_nodes"": 7}",18.429229986313686,1.5679383919202974,-2.1507952148775282,0.6455073899146908,0.052654942818039105,0.06693148718589133,0.041995164836862,-1.4797754398557879,duplicate_corrected_150_all
LODO,human_activity_recognition,HGBR,P3_delta,350,"{""l2_regularization"": 1.0, ""learning_rate"": 0.05, ""max_iter"": 150, ""max_leaf_nodes"": 7}",9.759353827950104,0.5440209768703972,2.4165597112779986,0.22375468477406557,0.02788386807985744,0.03942519052840626,0.018648738654831243,-1.6272366175644204,duplicate_corrected_150_all
LODO,iris,HGBR,P3_delta,350,"{""l2_regularization"": 1.0, ""learning_rate"": 0.05, ""max_iter"": 150, ""max_leaf_nodes"": 7}",31.459727175747748,5.158157415177885,5.0524634655900345,7.096598107036339,0.08988493478785071,0.12139848687192917,0.05977899330619434,0.2656029162868513,duplicate_corrected_150_all
LODO,letter_recognition,HGBR,P3_delta,350,"{""l2_regularization"": 0.0, ""learning_rate"": 0.05, ""max_iter"": 150, ""max_leaf_nodes"": 7}",11.177178261789026,0.6494496955872624,4.008861788898388,0.16713290886603743,0.03193479503368293,0.04307633409217583,0.02539487456703553,-4.3577954522251705,duplicate_corrected_150_all
LODO,madelon,HGBR,P3_delta,350,"{""l2_regularization"": 1.0, ""learning_rate"": 0.05, ""max_iter"": 150, ""max_leaf_nodes"": 7}",7.748173955521732,0.3250572671486439,1.180246735970682,0.02543812325876131,0.022137639872919234,0.030475154618083984,0.016558614165332337,-14.148412545323175,duplicate_corrected_150_all
LODO,mice_protein_expression,HGBR,P3_delta,350,"{""l2_regularization"": 1.0, ""learning_rate"": 0.05, ""max_iter"": 150, ""max_leaf_nodes"": 7}",5.759322321612023,0.18766696768029556,1.4002453872461536,0.19820238128583126,0.01645520663317721,0.023155805670056397,0.01163112750953624,0.0256149513399222,duplicate_corrected_150_all
LODO,pendigits,HGBR,P3_delta,350,"{""l2_regularization"": 1.0, ""learning_rate"": 0.05, ""max_iter"": 150, ""max_leaf_nodes"": 7}",16.222265477974656,1.6989428808495948,8.03474265761787,2.1078684154484226,0.046349329937070444,0.06967153304408572,0.018718133292658347,0.11670709221933495,duplicate_corrected_150_all
LODO,satimage,HGBR,P3_delta,350,"{""l2_regularization"": 1.0, ""learning_rate"": 0.05, ""max_iter"": 150, ""max_leaf_nodes"": 7}",12.308635009583234,1.0435395464174475,12.417326661806172,1.305452097329984,0.03516752859880924,0.05460349403831871,0.019644513200622174,-0.20653070038589516,duplicate_corrected_150_all
LODO,sonar,HGBR,P3_delta,350,"{""l2_regularization"": 0.0, ""learning_rate"": 0.05, ""max_iter"": 150, ""max_leaf_nodes"": 7}",12.00772602218032,0.9512757238085323,-3.0232963202821077,0.6857004758673672,0.03430778863480091,0.05213377637820753,0.023012518775924466,-0.4422331141273066,duplicate_corrected_150_all
LODO,spambase,HGBR,P3_delta,350,"{""l2_regularization"": 1.0, ""learning_rate"": 0.05, ""max_iter"": 150, ""max_leaf_nodes"": 7}",18.609355531443896,2.2626914080731186,6.705295519242272,1.474987699041809,0.053169587232696845,0.08040418269278424,0.029823993683720306,-0.6803897551247322,duplicate_corrected_150_all
LODO,waveform,HGBR,P3_delta,350,"{""l2_regularization"": 1.0, ""learning_rate"": 0.05, ""max_iter"": 150, ""max_leaf_nodes"": 7}",9.445727547663898,0.6370163458654851,0.44455259891158244,0.06296780453922166,0.026987792993325422,0.04266200537331566,0.012137469862605325,-9.208079004517309,duplicate_corrected_150_all
LODO,breast_cancer_wisconsin_diagnostic,HGBR,P4,350,"{""l2_regularization"": 1.0, ""learning_rate"": 0.05, ""max_iter"": 150, ""max_leaf_nodes"": 7}",33.61960759683722,7.161099581148295,24.79551718695425,7.546388230070681,0.0960560217052492,0.14303945091325873,0.06418056879532923,-0.236854684566713,duplicate_corrected_150_all
LODO,glass,HGBR,P4,350,"{""l2_regularization"": 0.0, ""learning_rate"": 0.05, ""max_iter"": 150, ""max_leaf_nodes"": 7}",12.799854755488752,0.8806140365569214,-2.1507952148775282,0.6455073899146908,0.03657101358711072,0.05016014458161327,0.026426158945310172,-0.3927365201968507,duplicate_corrected_150_all
LODO,human_activity_recognition,HGBR,P4,350,"{""l2_regularization"": 1.0, ""learning_rate"": 0.05, ""max_iter"": 150, ""max_leaf_nodes"": 7}",9.099536488778384,0.4361579156847279,2.4165597112779986,0.22375468477406557,0.025998675682223953,0.035301069011928476,0.018084051171982477,-1.1063343066649414,duplicate_corrected_150_all
LODO,iris,HGBR,P4,350,"{""l2_regularization"": 1.0, ""learning_rate"": 0.05, ""max_iter"": 150, ""max_leaf_nodes"": 7}",35.507080542933224,6.836426344223609,5.0524634655900345,7.096598107036339,0.10144880155123778,0.13975924548229982,0.0633270459572655,0.026657938851519458,duplicate_corrected_150_all
LODO,letter_recognition,HGBR,P4,350,"{""l2_regularization"": 1.0, ""learning_rate"": 0.05, ""max_iter"": 150, ""max_leaf_nodes"": 7}",8.517542656334513,0.297906744296217,4.008861788898388,0.16713290886603743,0.024335836160955752,0.02917468297275259,0.022817664948321294,-1.457655166554801,duplicate_corrected_150_all
LODO,madelon,HGBR,P4,350,"{""l2_regularization"": 1.0, ""learning_rate"": 0.05, ""max_iter"": 150, ""max_leaf_nodes"": 7}",18.738468682880672,1.394335451163939,1.180246735970682,0.02543812325876131,0.05353848195108764,0.0631174744009463,0.0504297731709166,-63.97922297224599,duplicate_corrected_150_all
LODO,mice_protein_expression,HGBR,P4,350,"{""l2_regularization"": 1.0, ""learning_rate"": 0.05, ""max_iter"": 150, ""max_leaf_nodes"": 7}",6.6122625905245895,0.25588511557039584,1.4002453872461536,0.19820238128583126,0.018892178830070255,0.027038867028800057,0.013155221947029637,-0.3285802710427057,duplicate_corrected_150_all
LODO,pendigits,HGBR,P4,350,"{""l2_regularization"": 1.0, ""learning_rate"": 0.05, ""max_iter"": 150, ""max_leaf_nodes"": 7}",17.807582280847303,1.9063609009854021,8.03474265761787,2.1078684154484226,0.05087880651670658,0.07380206928932863,0.025532084637652074,0.00886893697761959,duplicate_corrected_150_all
LODO,satimage,HGBR,P4,350,"{""l2_regularization"": 1.0, ""learning_rate"": 0.05, ""max_iter"": 150, ""max_leaf_nodes"": 7}",13.470727477696446,1.2510809867631163,12.417326661806172,1.305452097329984,0.038487792793418414,0.059787265408592444,0.018212171694456915,-0.4464881799457425,duplicate_corrected_150_all
LODO,sonar,HGBR,P4,350,"{""l2_regularization"": 1.0, ""learning_rate"": 0.05, ""max_iter"": 150, ""max_leaf_nodes"": 7}",8.990866078705466,0.7839951108866614,-3.0232963202821077,0.6857004758673672,0.02568818879630133,0.047328490691176145,0.015050021102050646,-0.18861827537000697,duplicate_corrected_150_all
LODO,spambase,HGBR,P4,350,"{""l2_regularization"": 1.0, ""learning_rate"": 0.05, ""max_iter"": 150, ""max_leaf_nodes"": 7}",19.892090266411145,2.464990728491564,6.705295519242272,1.474987699041809,0.05683454361831756,0.0839215744182212,0.03561972808174836,-0.8306275225405468,duplicate_corrected_150_all
LODO,waveform,HGBR,P4,350,"{""l2_regularization"": 1.0, ""learning_rate"": 0.05, ""max_iter"": 150, ""max_leaf_nodes"": 7}",10.290426888367831,0.6976773866943977,0.44455259891158244,0.06296780453922166,0.029401219681050944,0.044647104743577644,0.019282485159052586,-10.180161905210332,duplicate_corrected_150_all
LOSFO,class_prevalence,HGBR,P0,600,"{""l2_regularization"": 1.0, ""learning_rate"": 0.05, ""max_iter"": 150, ""max_leaf_nodes"": 7}",41.68552541124216,6.21496113974357,-15.632863879779176,5.122553528381552,0.0694758756854036,0.10177557941981605,0.04478297513282055,-0.31805749877330713,duplicate_corrected_150_all
LOSFO,local_overlap,HGBR,P0,600,"{""l2_regularization"": 0.0, ""learning_rate"": 0.05, ""max_iter"": 150, ""max_leaf_nodes"": 7}",39.3975129118103,9.614405644904298,38.24255648921,10.178412391861063,0.06566252151968384,0.12658597634877977,0.01522299292703868,-0.24202302396397912,duplicate_corrected_150_all
LOSFO,location,HGBR,P0,600,"{""l2_regularization"": 1.0, ""learning_rate"": 0.05, ""max_iter"": 150, ""max_leaf_nodes"": 7}",19.02420059798341,1.5803207642922725,4.142716688693984,1.1596629528110336,0.03170700099663901,0.05132122310006963,0.015387039499254008,-0.39720397898085547,duplicate_corrected_150_all
LOSFO,mcar,HGBR,P0,600,"{""l2_regularization"": 1.0, ""learning_rate"": 0.05, ""max_iter"": 150, ""max_leaf_nodes"": 7}",28.342051119360185,2.9911841803915986,17.067292267842003,2.7209592989592393,0.04723675186560031,0.0706067062489062,0.025303211511114594,-0.3380549486353468,duplicate_corrected_150_all
LOSFO,measurement_noise,HGBR,P0,600,"{""l2_regularization"": 1.0, ""learning_rate"": 0.05, ""max_iter"": 150, ""max_leaf_nodes"": 7}",19.66549266340146,1.00939135088954,1.1093054054955327,0.24931980116186048,0.032775821105669095,0.041016081213948674,0.024190080289537137,-3.082161047731062,duplicate_corrected_150_all
LOSFO,outliers,HGBR,P0,600,"{""l2_regularization"": 1.0, ""learning_rate"": 0.05, ""max_iter"": 150, ""max_leaf_nodes"": 7}",21.067783170855023,1.7099480707236183,19.97479839243106,1.726474493557994,0.035112971951425036,0.053384580650277944,0.020001243224203574,-0.6108989288009696,duplicate_corrected_150_all
LOSFO,scale,HGBR,P0,600,"{""l2_regularization"": 1.0, ""learning_rate"": 0.05, ""max_iter"": 150, ""max_leaf_nodes"": 7}",14.923589430190562,0.574073886303036,-3.622085185537635,0.3826158507004681,0.024872649050317604,0.030932019179243053,0.021768937000432746,-0.5913343355799494,duplicate_corrected_150_all
LOSFO,class_prevalence,HGBR,P3,600,"{""l2_regularization"": 1.0, ""learning_rate"": 0.05, ""max_iter"": 150, ""max_leaf_nodes"": 7}",38.70035796411749,6.452045777601743,-15.632863879779176,5.122553528381552,0.06450059660686248,0.10369864815577992,0.03206789101444096,-0.36833797161079485,duplicate_corrected_150_all
LOSFO,local_overlap,HGBR,P3,600,"{""l2_regularization"": 1.0, ""learning_rate"": 0.05, ""max_iter"": 150, ""max_leaf_nodes"": 7}",40.65408882606919,9.745501896213781,38.24255648921,10.178412391861063,0.06775681471011531,0.1274460794232459,0.014010525133940605,-0.2589585027127923,duplicate_corrected_150_all
LOSFO,location,HGBR,P3,600,"{""l2_regularization"": 0.0, ""learning_rate"": 0.05, ""max_iter"": 150, ""max_leaf_nodes"": 7}",21.619410514152623,1.9954970863529686,4.142716688693984,1.1596629528110336,0.03603235085692104,0.057669996334792216,0.019418836082570952,-0.7642725022003338,duplicate_corrected_150_all
LOSFO,mcar,HGBR,P3,600,"{""l2_regularization"": 1.0, ""learning_rate"": 0.05, ""max_iter"": 150, ""max_leaf_nodes"": 7}",28.542316884297087,3.5720460942367858,17.067292267842003,2.7209592989592393,0.047570528140495144,0.07715834470140809,0.021215686672451953,-0.5978935648560968,duplicate_corrected_150_all
LOSFO,measurement_noise,HGBR,P3,600,"{""l2_regularization"": 1.0, ""learning_rate"": 0.05, ""max_iter"": 150, ""max_leaf_nodes"": 7}",18.231600650466888,1.3173781178773663,1.1093054054955327,0.24931980116186048,0.03038600108411148,0.046857552181716416,0.014637607436618792,-4.327715195095567,duplicate_corrected_150_all
LOSFO,outliers,HGBR,P3,600,"{""l2_regularization"": 1.0, ""learning_rate"": 0.05, ""max_iter"": 150, ""max_leaf_nodes"": 7}",20.273274833253986,1.5825396033375227,19.97479839243106,1.726474493557994,0.033788791388756644,0.051357239076517125,0.020925589403894357,-0.49087062668675396,duplicate_corrected_150_all
LOSFO,scale,HGBR,P3,600,"{""l2_regularization"": 1.0, ""learning_rate"": 0.05, ""max_iter"": 150, ""max_leaf_nodes"": 7}",16.10544950388285,0.7547312238401078,-3.622085185537635,0.3826158507004681,0.026842415839804748,0.03546667975814548,0.018931244773979623,-1.0921169544316345,duplicate_corrected_150_all
LOSFO,class_prevalence,HGBR,P3_delta,600,"{""l2_regularization"": 1.0, ""learning_rate"": 0.05, ""max_iter"": 150, ""max_leaf_nodes"": 7}",38.09187401817485,5.433211080507633,-15.632863879779176,5.122553528381552,0.06348645669695809,0.09515961223568566,0.03630423487145862,-0.1522653876765483,duplicate_corrected_150_all
LOSFO,local_overlap,HGBR,P3_delta,600,"{""l2_regularization"": 1.0, ""learning_rate"": 0.05, ""max_iter"": 150, ""max_leaf_nodes"": 7}",41.08600677435937,9.576094665471093,38.24255648921,10.178412391861063,0.06847667795726561,0.1263335180218819,0.0184608398531103,-0.2370738757499269,duplicate_corrected_150_all
LOSFO,location,HGBR,P3_delta,600,"{""l2_regularization"": 0.0, ""learning_rate"": 0.05, ""max_iter"": 150, ""max_leaf_nodes"": 7}",19.24733819666555,1.5032577968054912,4.142716688693984,1.1596629528110336,0.03207889699444258,0.05005426716417378,0.01964322183501366,-0.3290705422523803,duplicate_corrected_150_all
LOSFO,mcar,HGBR,P3_delta,600,"{""l2_regularization"": 0.0, ""learning_rate"": 0.05, ""max_iter"": 150, ""max_leaf_nodes"": 7}",33.08163675236864,3.622851305655969,17.067292267842003,2.7209592989592393,0.05513606125394773,0.07770511893965941,0.032929104642045064,-0.6206204049489068,duplicate_corrected_150_all
LOSFO,measurement_noise,HGBR,P3_delta,600,"{""l2_regularization"": 1.0, ""learning_rate"": 0.05, ""max_iter"": 150, ""max_leaf_nodes"": 7}",16.07024913650234,0.7377865121092992,1.1093054054955327,0.24931980116186048,0.026783748560837234,0.03506628276348709,0.0199644502736444,-1.9837419932514626,duplicate_corrected_150_all
LOSFO,outliers,HGBR,P3_delta,600,"{""l2_regularization"": 1.0, ""learning_rate"": 0.05, ""max_iter"": 150, ""max_leaf_nodes"": 7}",20.14696172976071,1.419514262194096,19.97479839243106,1.726474493557994,0.033578269549601185,0.04864007713456905,0.022481224537394706,-0.3372885665577443,duplicate_corrected_150_all
LOSFO,scale,HGBR,P3_delta,600,"{""l2_regularization"": 1.0, ""learning_rate"": 0.05, ""max_iter"": 150, ""max_leaf_nodes"": 7}",13.872025289018488,0.6044406456254906,-3.622085185537635,0.3826158507004681,0.023120042148364148,0.031739582165530855,0.01587878996464057,-0.6755110729705192,duplicate_corrected_150_all
LOSFO,class_prevalence,HGBR,P4,600,"{""l2_regularization"": 1.0, ""learning_rate"": 0.05, ""max_iter"": 150, ""max_leaf_nodes"": 7}",40.4435502168184,5.86968423479603,-15.632863879779176,5.122553528381552,0.06740591702803067,0.09890807377556891,0.03962467570225395,-0.24483180942682137,duplicate_corrected_150_all
LOSFO,local_overlap,HGBR,P4,600,"{""l2_regularization"": 1.0, ""learning_rate"": 0.05, ""max_iter"": 150, ""max_leaf_nodes"": 7}",37.98117721891878,9.112136530261148,38.24255648921,10.178412391861063,0.0633019620315313,0.1232351176292777,0.013661666869365426,-0.17713811816187897,duplicate_corrected_150_all
LOSFO,location,HGBR,P4,600,"{""l2_regularization"": 1.0, ""learning_rate"": 0.05, ""max_iter"": 150, ""max_leaf_nodes"": 7}",22.330674950200574,1.715608069589968,4.142716688693984,1.1596629528110336,0.03721779158366762,0.053472860243771764,0.025373769613082027,-0.5168151146050781,duplicate_corrected_150_all
LOSFO,mcar,HGBR,P4,600,"{""l2_regularization"": 0.0, ""learning_rate"": 0.05, ""max_iter"": 150, ""max_leaf_nodes"": 7}",31.233494623994254,3.7157985212818208,17.067292267842003,2.7209592989592393,0.052055824373323754,0.07869560048357024,0.027351054231606754,-0.6621987479494258,duplicate_corrected_150_all
LOSFO,measurement_noise,HGBR,P4,600,"{""l2_regularization"": 0.0, ""learning_rate"": 0.05, ""max_iter"": 150, ""max_leaf_nodes"": 7}",14.112823629173615,0.7127202981337828,1.1093054054955327,0.24931980116186048,0.023521372715289358,0.034465448837296526,0.015863875635655996,-1.882369693781321,duplicate_corrected_150_all
LOSFO,outliers,HGBR,P4,600,"{""l2_regularization"": 1.0, ""learning_rate"": 0.05, ""max_iter"": 150, ""max_leaf_nodes"": 7}",20.20097933003,1.5130520664259355,19.97479839243106,1.726474493557994,0.03366829888338333,0.05021706327577535,0.019652617057062484,-0.42540817160265076,duplicate_corrected_150_all
LOSFO,scale,HGBR,P4,600,"{""l2_regularization"": 1.0, ""learning_rate"": 0.05, ""max_iter"": 150, ""max_leaf_nodes"": 7}",15.408752642841375,0.7578834143797318,-3.622085185537635,0.3826158507004681,0.025681254404735624,0.03554066718515875,0.016801372653935616,-1.1008548349687506,duplicate_corrected_150_all
LODO,breast_cancer_wisconsin_diagnostic,HGBR,P0,350,"{""l2_regularization"": 1.0, ""learning_rate"": 0.05, ""max_iter"": 150, ""max_leaf_nodes"": 7}",33.23857674701263,7.2180138523748765,24.79551718695425,7.546388230070681,0.0949673621343218,0.14360674329943937,0.05644510105780484,-0.24668483455800927,fully_corrected_600
LODO,glass,HGBR,P0,350,"{""l2_regularization"": 1.0, ""learning_rate"": 0.05, ""max_iter"": 150, ""max_leaf_nodes"": 7}",13.295354729038298,0.9259539849580349,-2.1507952148775282,0.6455073899146908,0.03798672779725228,0.05143522930993712,0.029364411982814077,-0.4644439871922281,fully_corrected_600
LODO,human_activity_recognition,HGBR,P0,349,"{""l2_regularization"": 1.0, ""learning_rate"": 0.05, ""max_iter"": 150, ""max_leaf_nodes"": 7}",11.594506332331513,0.6835245214003935,2.4108697516040163,0.22372230913297403,0.03322208118146565,0.044255202902656346,0.023039834699994485,-2.3009636695199376,fully_corrected_600
LODO,iris,HGBR,P0,350,"{""l2_regularization"": 1.0, ""learning_rate"": 0.05, ""max_iter"": 150, ""max_leaf_nodes"": 7}",35.68629531277655,7.10001923037099,5.0524634655900345,7.096598107036339,0.10196084375079015,0.14242811951869405,0.06953671863789962,-0.010871324273439509,fully_corrected_600
LODO,letter_recognition,HGBR,P0,296,"{""l2_regularization"": 1.0, ""learning_rate"": 0.05, ""max_iter"": 150, ""max_leaf_nodes"": 7}",4.45606579765019,0.10327525075463287,3.440029388405006,0.1424060653959364,0.015054276343412804,0.01867894199817155,0.013394668121164802,-0.008281476459033543,fully_corrected_600
LODO,madelon,HGBR,P0,350,"{""l2_regularization"": 1.0, ""learning_rate"": 0.05, ""max_iter"": 150, ""max_leaf_nodes"": 7}",6.4832594490119675,0.19376925294140163,1.180246735970682,0.02543812325876131,0.018523598425748477,0.023529267667639665,0.016373952247966707,-8.030090629578696,fully_corrected_600
LODO,mice_protein_expression,HGBR,P0,350,"{""l2_regularization"": 1.0, ""learning_rate"": 0.05, ""max_iter"": 150, ""max_leaf_nodes"": 7}",7.604364148261469,0.3261873505082625,1.4730447006798033,0.20220494714804643,0.021726754709318483,0.030528083113668236,0.015071447167354365,-0.6641757918147302,fully_corrected_600
LODO,pendigits,HGBR,P0,350,"{""l2_regularization"": 1.0, ""learning_rate"": 0.05, ""max_iter"": 150, ""max_leaf_nodes"": 7}",17.953341414234522,1.8494065365695698,8.03474265761787,2.1078684154484226,0.05129526118352721,0.07269125584217855,0.029227497012280453,0.0384799302150749,fully_corrected_600
LODO,satimage,HGBR,P0,350,"{""l2_regularization"": 1.0, ""learning_rate"": 0.05, ""max_iter"": 150, ""max_leaf_nodes"": 7}",13.169374150690079,1.0448453500836163,12.417447334371666,1.30536511783394,0.03762678328768594,0.05463764662584153,0.01977986020573684,-0.20817391907023963,fully_corrected_600
LODO,sonar,HGBR,P0,350,"{""l2_regularization"": 1.0, ""learning_rate"": 0.05, ""max_iter"": 150, ""max_leaf_nodes"": 7}",10.138578602775773,0.8833780197455146,-3.0232963202821077,0.6857004758673672,0.02896736743650221,0.05023880173006617,0.02037965178377559,-0.3392931202621736,fully_corrected_600
LODO,spambase,HGBR,P0,350,"{""l2_regularization"": 1.0, ""learning_rate"": 0.05, ""max_iter"": 150, ""max_leaf_nodes"": 7}",14.848074753635368,1.6267910698792143,6.705295519242272,1.474987699041809,0.04242307072467248,0.0681760550733847,0.021978731250993165,-0.20813781225313988,fully_corrected_600
LODO,waveform,HGBR,P0,350,"{""l2_regularization"": 1.0, ""learning_rate"": 0.05, ""max_iter"": 150, ""max_leaf_nodes"": 7}",8.772972019444806,0.33797288628827993,0.44455259891158244,0.06296780453922166,0.025065634341270873,0.031074697391390863,0.019783107587684437,-4.415958235621216,fully_corrected_600
LODO,breast_cancer_wisconsin_diagnostic,HGBR,P3,350,"{""l2_regularization"": 1.0, ""learning_rate"": 0.05, ""max_iter"": 150, ""max_leaf_nodes"": 7}",34.18429722919875,7.482176343361655,24.79551718695425,7.546388230070681,0.09766942065485357,0.1462109663989641,0.059738290756130644,-0.29231059506606494,fully_corrected_600
LODO,glass,HGBR,P3,350,"{""l2_regularization"": 1.0, ""learning_rate"": 0.05, ""max_iter"": 150, ""max_leaf_nodes"": 15}",22.62285321377774,2.3698636273935527,-2.1507952148775282,0.6455073899146908,0.0646367234679364,0.08228632289396672,0.047879660603680166,-2.7480615624321105,fully_corrected_600
LODO,human_activity_recognition,HGBR,P3,349,"{""l2_regularization"": 1.0, ""learning_rate"": 0.05, ""max_iter"": 150, ""max_leaf_nodes"": 7}",7.195015822913247,0.27282507824583413,2.4108697516040163,0.22372230913297403,0.020616091183132512,0.02795950193682639,0.015245447095348813,-0.31756161370528146,fully_corrected_600
LODO,iris,HGBR,P3,350,"{""l2_regularization"": 1.0, ""learning_rate"": 0.05, ""max_iter"": 150, ""max_leaf_nodes"": 15}",36.1605220446063,6.659601816248257,5.0524634655900345,7.096598107036339,0.10331577727030372,0.13793996433488484,0.07290574946095725,0.0518334826012975,fully_corrected_600
LODO,letter_recognition,HGBR,P3,296,"{""l2_regularization"": 0.0, ""learning_rate"": 0.05, ""max_iter"": 150, ""max_leaf_nodes"": 7}",7.131507431097637,0.2662512590070247,3.440029388405006,0.1424060653959364,0.024092930510464988,0.02999162377473673,0.02002236491287033,-1.5994244562861697,fully_corrected_600
LODO,madelon,HGBR,P3,350,"{""l2_regularization"": 0.0, ""learning_rate"": 0.05, ""max_iter"": 150, ""max_leaf_nodes"": 7}",44.37525675542064,5.939841007097492,1.180246735970682,0.02543812325876131,0.12678644787263038,0.1302726920962058,0.13976264185108134,-275.8101843051383,fully_corrected_600
LODO,mice_protein_expression,HGBR,P3,350,"{""l2_regularization"": 1.0, ""learning_rate"": 0.05, ""max_iter"": 150, ""max_leaf_nodes"": 7}",5.994056141373161,0.19491853748763363,1.4730447006798033,0.20220494714804643,0.017125874689637603,0.023598942923519363,0.012790415359537146,0.005544785972210087,fully_corrected_600
LODO,pendigits,HGBR,P3,350,"{""l2_regularization"": 0.0, ""learning_rate"": 0.05, ""max_iter"": 150, ""max_leaf_nodes"": 7}",18.15986104227928,1.9247616959064915,8.03474265761787,2.1078684154484226,0.05188531726365509,0.07415739431210758,0.030670175928421403,-0.0006977717296190455,fully_corrected_600
LODO,satimage,HGBR,P3,350,"{""l2_regularization"": 1.0, ""learning_rate"": 0.05, ""max_iter"": 150, ""max_leaf_nodes"": 7}",19.614395202487557,1.8117646412745303,12.417447334371666,1.30536511783394,0.05604112914996445,0.07194769213561694,0.04740895919177551,-1.0949768182500517,fully_corrected_600
LODO,sonar,HGBR,P3,350,"{""l2_regularization"": 0.0, ""learning_rate"": 0.05, ""max_iter"": 150, ""max_leaf_nodes"": 7}",14.417847279638908,1.1714980891710063,-3.0232963202821077,0.6857004758673672,0.04119384937039688,0.0578544501108726,0.03412510840247025,-0.7761131657758544,fully_corrected_600
LODO,spambase,HGBR,P3,350,"{""l2_regularization"": 1.0, ""learning_rate"": 0.05, ""max_iter"": 150, ""max_leaf_nodes"": 7}",48.914742165014815,8.983304840573428,6.705295519242272,1.474987699041809,0.1397564061857566,0.1602079438067327,0.14394508349225268,-5.6714592044688565,fully_corrected_600
LODO,waveform,HGBR,P3,350,"{""l2_regularization"": 1.0, ""learning_rate"": 0.05, ""max_iter"": 150, ""max_leaf_nodes"": 7}",8.46786093634972,0.28643346053116314,0.44455259891158244,0.06296780453922166,0.024193888389570626,0.028607364712663123,0.021915661399270002,-3.590047670859664,fully_corrected_600
LODO,breast_cancer_wisconsin_diagnostic,HGBR,P3_delta,350,"{""l2_regularization"": 1.0, ""learning_rate"": 0.05, ""max_iter"": 150, ""max_leaf_nodes"": 7}",31.85644828898021,6.749343557280104,24.79551718695425,7.546388230070681,0.09101842368280061,0.1388662620476479,0.0540055510589275,-0.1657367841313344,fully_corrected_600
LODO,glass,HGBR,P3_delta,350,"{""l2_regularization"": 0.0, ""learning_rate"": 0.05, ""max_iter"": 150, ""max_leaf_nodes"": 7}",18.240123596451795,1.5983035773180856,-2.1507952148775282,0.6455073899146908,0.05211463884700513,0.0675764874011682,0.041061673462254464,-1.527799546774863,fully_corrected_600
LODO,human_activity_recognition,HGBR,P3_delta,349,"{""l2_regularization"": 1.0, ""learning_rate"": 0.05, ""max_iter"": 150, ""max_leaf_nodes"": 7}",9.337859719748757,0.5043163942959329,2.4108697516040163,0.22372230913297403,0.02675604504226005,0.038013585050773825,0.017617959561301876,-1.4355089589229295,fully_corrected_600
LODO,iris,HGBR,P3_delta,350,"{""l2_regularization"": 1.0, ""learning_rate"": 0.05, ""max_iter"": 150, ""max_leaf_nodes"": 7}",31.45391597968154,5.242962423231393,5.0524634655900345,7.096598107036339,0.08986833137051868,0.12239237164874281,0.05850576287000789,0.2535287305678373,fully_corrected_600
LODO,letter_recognition,HGBR,P3_delta,296,"{""l2_regularization"": 0.0, ""learning_rate"": 0.05, ""max_iter"": 150, ""max_leaf_nodes"": 7}",9.172846508569851,0.4976489507854903,3.440029388405006,0.1424060653959364,0.030989346312735984,0.04100300544297194,0.025358218093358247,-3.8585717796843406,fully_corrected_600
LODO,madelon,HGBR,P3_delta,350,"{""l2_regularization"": 0.0, ""learning_rate"": 0.05, ""max_iter"": 150, ""max_leaf_nodes"": 7}",7.164096902362054,0.29540983185976877,1.180246735970682,0.02543812325876131,0.020468848292463013,0.029052161555173664,0.015402417139977188,-12.766774212465105,fully_corrected_600
LODO,mice_protein_expression,HGBR,P3_delta,350,"{""l2_regularization"": 0.0, ""learning_rate"": 0.05, ""max_iter"": 150, ""max_leaf_nodes"": 7}",6.129603991183281,0.2104592875881454,1.4730447006798033,0.20220494714804643,0.017513154260523658,0.02452166899401107,0.012362618833059495,-0.07374259308652786,fully_corrected_600
LODO,pendigits,HGBR,P3_delta,350,"{""l2_regularization"": 0.0, ""learning_rate"": 0.05, ""max_iter"": 150, ""max_leaf_nodes"": 7}",15.85605419933841,1.6377662781701057,8.03474265761787,2.1078684154484226,0.04530301199810974,0.0684056446745673,0.01811109773314637,0.1485132582052603,fully_corrected_600
LODO,satimage,HGBR,P3_delta,350,"{""l2_regularization"": 0.0, ""learning_rate"": 0.05, ""max_iter"": 150, ""max_leaf_nodes"": 7}",12.98971372125298,1.0961227089171137,12.417447334371666,1.30536511783394,0.03711346777500851,0.05596230131378275,0.02516272801643494,-0.26746687335910124,fully_corrected_600
LODO,sonar,HGBR,P3_delta,350,"{""l2_regularization"": 1.0, ""learning_rate"": 0.05, ""max_iter"": 150, ""max_leaf_nodes"": 7}",11.522646928076277,0.9247201133790228,-3.0232963202821077,0.6857004758673672,0.03292184836593222,0.05140094811185109,0.02174551115023186,-0.4019720417917618,fully_corrected_600
LODO,spambase,HGBR,P3_delta,350,"{""l2_regularization"": 0.0, ""learning_rate"": 0.05, ""max_iter"": 150, ""max_leaf_nodes"": 7}",18.02221636888696,2.2090535479959335,6.705295519242272,1.474987699041809,0.05149204676824845,0.07944546283899835,0.028759155746369475,-0.6405555513800547,fully_corrected_600
LODO,waveform,HGBR,P3_delta,350,"{""l2_regularization"": 0.0, ""learning_rate"": 0.05, ""max_iter"": 150, ""max_leaf_nodes"": 7}",9.740319924233908,0.6053927389878526,0.44455259891158244,0.06296780453922166,0.02782948549781117,0.04158958451301591,0.013852215509051823,-8.701316062702883,fully_corrected_600
LODO,breast_cancer_wisconsin_diagnostic,HGBR,P4,350,"{""l2_regularization"": 0.0, ""learning_rate"": 0.05, ""max_iter"": 150, ""max_leaf_nodes"": 7}",32.94073652415457,6.962638005996764,24.79551718695425,7.546388230070681,0.09411639006901307,0.14104343815188652,0.06193030516620455,-0.20257669050294402,fully_corrected_600
LODO,glass,HGBR,P4,350,"{""l2_regularization"": 1.0, ""learning_rate"": 0.05, ""max_iter"": 150, ""max_leaf_nodes"": 7}",12.702807905151726,0.8613676831783816,-2.1507952148775282,0.6455073899146908,0.036293736871862076,0.04960897623784233,0.028264975117024155,-0.36229741961686157,fully_corrected_600
LODO,human_activity_recognition,HGBR,P4,349,"{""l2_regularization"": 0.0, ""learning_rate"": 0.05, ""max_iter"": 150, ""max_leaf_nodes"": 7}",8.542468587528921,0.3866612703074465,2.4108697516040163,0.22372230913297403,0.02447698735681639,0.033285311314527374,0.01702739676699091,-0.8673138501020194,fully_corrected_600
LODO,iris,HGBR,P4,350,"{""l2_regularization"": 1.0, ""learning_rate"": 0.05, ""max_iter"": 150, ""max_leaf_nodes"": 7}",35.659923420707926,6.958556196404448,5.0524634655900345,7.096598107036339,0.10188549548773693,0.1410020891071623,0.06325182591999585,0.009269596453901352,fully_corrected_600
LODO,letter_recognition,HGBR,P4,296,"{""l2_regularization"": 1.0, ""learning_rate"": 0.05, ""max_iter"": 150, ""max_leaf_nodes"": 7}",7.234759178402022,0.25206694661387546,3.440029388405006,0.1424060653959364,0.024441753981087912,0.029181801218296548,0.023994545296331205,-1.4609422997402648,fully_corrected_600
LODO,madelon,HGBR,P4,350,"{""l2_regularization"": 1.0, ""learning_rate"": 0.05, ""max_iter"": 150, ""max_leaf_nodes"": 7}",27.09776310974365,2.904432746615412,1.180246735970682,0.02543812325876131,0.07742218031355329,0.09109544047889573,0.07790859394766118,-134.35321281021209,fully_corrected_600
LODO,mice_protein_expression,HGBR,P4,350,"{""l2_regularization"": 0.0, ""learning_rate"": 0.05, ""max_iter"": 150, ""max_leaf_nodes"": 7}",6.78779854571298,0.27315724097400745,1.4730447006798033,0.20220494714804643,0.019393710130608515,0.027936521972603094,0.012720311829889567,-0.3936213868487557,fully_corrected_600
LODO,pendigits,HGBR,P4,350,"{""l2_regularization"": 0.0, ""learning_rate"": 0.05, ""max_iter"": 150, ""max_leaf_nodes"": 7}",17.810531892133547,1.8684617284646698,8.03474265761787,2.1078684154484226,0.05088723397752442,0.07306478003338975,0.0259094557719777,0.028572995704760684,fully_corrected_600
LODO,satimage,HGBR,P4,350,"{""l2_regularization"": 0.0, ""learning_rate"": 0.05, ""max_iter"": 150, ""max_leaf_nodes"": 7}",13.873264485925487,1.277887781901307,12.417447334371666,1.30536511783394,0.03963789853121568,0.0604243986175241,0.02163171808445589,-0.47764517444435417,fully_corrected_600
LODO,sonar,HGBR,P4,350,"{""l2_regularization"": 1.0, ""learning_rate"": 0.05, ""max_iter"": 150, ""max_leaf_nodes"": 7}",9.182080444643653,0.8142574329872114,-3.0232963202821077,0.6857004758673672,0.026234515556124723,0.04823328527619583,0.017103973072842386,-0.23449910881444858,fully_corrected_600
LODO,spambase,HGBR,P4,350,"{""l2_regularization"": 1.0, ""learning_rate"": 0.05, ""max_iter"": 150, ""max_leaf_nodes"": 7}",18.485558412031757,2.158242624075217,6.705295519242272,1.474987699041809,0.05281588117723359,0.07852647640992025,0.03559377640138899,-0.6028207742468772,fully_corrected_600
LODO,waveform,HGBR,P4,350,"{""l2_regularization"": 1.0, ""learning_rate"": 0.05, ""max_iter"": 150, ""max_leaf_nodes"": 7}",10.246352669994186,0.6894493412329568,0.44455259891158244,0.06296780453922166,0.02927529334284053,0.044383051502410134,0.01730534098372124,-10.04830887087566,fully_corrected_600
LOSFO,class_prevalence,HGBR,P0,594,"{""l2_regularization"": 1.0, ""learning_rate"": 0.05, ""max_iter"": 150, ""max_leaf_nodes"": 7}",41.522766078622766,6.159923613861986,-15.572056236653747,5.121869426666818,0.06990364659700803,0.10183438404673752,0.044979105861012586,-0.3068297657625907,fully_corrected_600
LOSFO,local_overlap,HGBR,P0,594,"{""l2_regularization"": 1.0, ""learning_rate"": 0.05, ""max_iter"": 150, ""max_leaf_nodes"": 7}",39.29742369038934,9.650712068531455,38.23435021698634,10.178305903323121,0.06615727894004939,0.12746368115805662,0.01507226083868832,-0.2505372448200496,fully_corrected_600
LOSFO,location,HGBR,P0,594,"{""l2_regularization"": 1.0, ""learning_rate"": 0.05, ""max_iter"": 150, ""max_leaf_nodes"": 7}",19.14872010877339,1.633991425244808,4.11539489610647,1.1575540727720108,0.03223690254002254,0.052448329956510054,0.014199452288266908,-0.447237716342066,fully_corrected_600
LOSFO,mcar,HGBR,P0,589,"{""l2_regularization"": 1.0, ""learning_rate"": 0.05, ""max_iter"": 150, ""max_leaf_nodes"": 7}",28.45565527017604,3.0130719905580055,16.710222294897356,2.7058730315121444,0.04831180860810873,0.07152322797641611,0.02734755350574477,-0.35006620307679825,fully_corrected_600
LOSFO,measurement_noise,HGBR,P0,589,"{""l2_regularization"": 1.0, ""learning_rate"": 0.05, ""max_iter"": 150, ""max_leaf_nodes"": 7}",19.925963893209197,1.0438104088215554,1.053542150731214,0.2489764063663639,0.03383015941122105,0.04209719550002099,0.027368083128954956,-3.2243806556414194,fully_corrected_600
LOSFO,outliers,HGBR,P0,591,"{""l2_regularization"": 0.0, ""learning_rate"": 0.05, ""max_iter"": 150, ""max_leaf_nodes"": 7}",21.203936696008405,1.738272425049177,19.847471858288642,1.7240665084702402,0.03587806547547954,0.054233193690613024,0.020500486089470915,-0.6437073351010618,fully_corrected_600
LOSFO,scale,HGBR,P0,594,"{""l2_regularization"": 1.0, ""learning_rate"": 0.05, ""max_iter"": 150, ""max_leaf_nodes"": 7}",16.318394893545644,0.6437121063453825,-3.6088073761687354,0.38250933557749134,0.027472045275329367,0.03291945343900573,0.025338048746494167,-0.7851918818600523,fully_corrected_600
LOSFO,class_prevalence,HGBR,P3,594,"{""l2_regularization"": 0.0, ""learning_rate"": 0.05, ""max_iter"": 150, ""max_leaf_nodes"": 7}",37.53246132809673,5.9770648799981085,-15.572056236653747,5.121869426666818,0.06318596183181267,0.10031150875086868,0.031169767349242164,-0.2680362268613581,fully_corrected_600
LOSFO,local_overlap,HGBR,P3,594,"{""l2_regularization"": 0.0, ""learning_rate"": 0.05, ""max_iter"": 150, ""max_leaf_nodes"": 15}",40.00374722757351,9.023025990911334,38.23435021698634,10.178305903323121,0.06734637580399581,0.12324885170247502,0.01868944780013915,-0.16920181459014172,fully_corrected_600
LOSFO,location,HGBR,P3,594,"{""l2_regularization"": 0.0, ""learning_rate"": 0.05, ""max_iter"": 150, ""max_leaf_nodes"": 7}",23.3710439400138,2.3464301278800663,4.11539489610647,1.1575540727720108,0.03934519181820505,0.0628507682570799,0.021095804278663213,-1.078249694193222,fully_corrected_600
LOSFO,mcar,HGBR,P3,589,"{""l2_regularization"": 0.0, ""learning_rate"": 0.05, ""max_iter"": 150, ""max_leaf_nodes"": 7}",26.456271383749357,3.0154668420584354,16.710222294897356,2.7058730315121444,0.04491726890280027,0.07155164639592008,0.021073089031633765,-0.3511392634226016,fully_corrected_600
LOSFO,measurement_noise,HGBR,P3,589,"{""l2_regularization"": 1.0, ""learning_rate"": 0.05, ""max_iter"": 150, ""max_leaf_nodes"": 7}",16.808942047326077,1.0774672143364927,1.053542150731214,0.2489764063663639,0.028538101947922032,0.04277050564784865,0.014791004556830545,-3.360592324874058,fully_corrected_600
LOSFO,outliers,HGBR,P3,591,"{""l2_regularization"": 1.0, ""learning_rate"": 0.05, ""max_iter"": 150, ""max_leaf_nodes"": 7}",20.28507495209324,1.5867477930335099,19.847471858288642,1.7240665084702402,0.03432330787156217,0.051815561771354615,0.020097103720501493,-0.5004259106801485,fully_corrected_600
LOSFO,scale,HGBR,P3,594,"{""l2_regularization"": 1.0, ""learning_rate"": 0.05, ""max_iter"": 150, ""max_leaf_nodes"": 7}",16.01929779237262,0.7368686205476566,-3.6088073761687354,0.38250933557749134,0.026968514801974108,0.03522101025256861,0.02041987560431671,-1.0435406860179337,fully_corrected_600
LOSFO,class_prevalence,HGBR,P3_delta,594,"{""l2_regularization"": 0.0, ""learning_rate"": 0.05, ""max_iter"": 150, ""max_leaf_nodes"": 7}",37.95616649421046,5.3954573240136865,-15.572056236653747,5.121869426666818,0.0638992701922735,0.09530614611995666,0.037437223641821046,-0.1446479977537003,fully_corrected_600
LOSFO,local_overlap,HGBR,P3_delta,594,"{""l2_regularization"": 0.0, ""learning_rate"": 0.05, ""max_iter"": 150, ""max_leaf_nodes"": 7}",40.947371815673606,9.593439886761011,38.23435021698634,10.178305903323121,0.0689349693866559,0.12708490154197846,0.019301777216042072,-0.24311592752372468,fully_corrected_600
LOSFO,location,HGBR,P3_delta,594,"{""l2_regularization"": 0.0, ""learning_rate"": 0.05, ""max_iter"": 150, ""max_leaf_nodes"": 7}",19.176548378362686,1.4806409023090872,4.11539489610647,1.1575540727720108,0.03228375147872506,0.049926560583509055,0.019659535749144554,-0.31141407786727804,fully_corrected_600
LOSFO,mcar,HGBR,P3_delta,589,"{""l2_regularization"": 1.0, ""learning_rate"": 0.05, ""max_iter"": 150, ""max_leaf_nodes"": 7}",32.054667163894436,3.3265231391283168,16.710222294897356,2.7058730315121444,0.054422185337681554,0.0751514954280588,0.03763971109514506,-0.4905141589591968,fully_corrected_600
LOSFO,measurement_noise,HGBR,P3_delta,589,"{""l2_regularization"": 1.0, ""learning_rate"": 0.05, ""max_iter"": 150, ""max_leaf_nodes"": 7}",16.009780529914746,0.7436837986515517,1.053542150731214,0.2489764063663639,0.027181291222266122,0.035533379382521345,0.02049700527749304,-2.0097452816976227,fully_corrected_600
LOSFO,outliers,HGBR,P3_delta,591,"{""l2_regularization"": 0.0, ""learning_rate"": 0.05, ""max_iter"": 150, ""max_leaf_nodes"": 7}",19.697406910926233,1.4161767231920686,19.847471858288642,1.7240665084702402,0.03332894570376689,0.0489513851725165,0.021336781289843613,-0.33913420828978214,fully_corrected_600
LOSFO,scale,HGBR,P3_delta,594,"{""l2_regularization"": 0.0, ""learning_rate"": 0.05, ""max_iter"": 150, ""max_leaf_nodes"": 7}",13.681619400759597,0.6216896435625145,-3.6088073761687354,0.38250933557749134,0.023033029294208078,0.03235143832278643,0.014821179224378637,-0.7241174956693925,fully_corrected_600
LOSFO,class_prevalence,HGBR,P4,594,"{""l2_regularization"": 1.0, ""learning_rate"": 0.05, ""max_iter"": 150, ""max_leaf_nodes"": 7}",39.80585342161734,5.857784703366558,-15.572056236653747,5.121869426666818,0.06701322124851404,0.09930554067980302,0.040108516653599685,-0.24273089922113433,fully_corrected_600
LOSFO,local_overlap,HGBR,P4,594,"{""l2_regularization"": 1.0, ""learning_rate"": 0.05, ""max_iter"": 150, ""max_leaf_nodes"": 7}",37.78765067588908,9.103835288842188,38.23435021698634,10.178305903323121,0.06361557352843279,0.12379952356567395,0.014103682807939789,-0.1796730664597117,fully_corrected_600
LOSFO,location,HGBR,P4,594,"{""l2_regularization"": 0.0, ""learning_rate"": 0.05, ""max_iter"": 150, ""max_leaf_nodes"": 7}",22.39249257572029,1.6935828143477396,4.11539489610647,1.1575540727720108,0.03769779894902406,0.05339615640759116,0.026871191087069132,-0.5000182294748428,fully_corrected_600
LOSFO,mcar,HGBR,P4,589,"{""l2_regularization"": 1.0, ""learning_rate"": 0.05, ""max_iter"": 150, ""max_leaf_nodes"": 7}",31.79004019744208,3.8224183295785767,16.710222294897356,2.7058730315121444,0.05397290356102221,0.08055851651641345,0.02690213731974992,-0.7127097583319293,fully_corrected_600
LOSFO,measurement_noise,HGBR,P4,589,"{""l2_regularization"": 1.0, ""learning_rate"": 0.05, ""max_iter"": 150, ""max_leaf_nodes"": 7}",12.933769339230398,0.6329682777086864,1.053542150731214,0.2489764063663639,0.02195886135692767,0.03278183991736718,0.01345117976284869,-1.5616710902567332,fully_corrected_600
LOSFO,outliers,HGBR,P4,591,"{""l2_regularization"": 0.0, ""learning_rate"": 0.05, ""max_iter"": 150, ""max_leaf_nodes"": 7}",20.329863397673574,1.5194779373610054,19.847471858288642,1.7240665084702402,0.0343990920434409,0.05070531193886167,0.020427363472589784,-0.4368156539639396,fully_corrected_600
LOSFO,scale,HGBR,P4,594,"{""l2_regularization"": 1.0, ""learning_rate"": 0.05, ""max_iter"": 150, ""max_leaf_nodes"": 7}",15.298039917697558,0.7495038425021712,-3.6088073761687354,0.38250933557749134,0.025754275955719795,0.03552169732210703,0.017388811437070436,-1.0785816545446258,fully_corrected_600
